"last_name, first_name",player_id,year,player_age,ab,pa,hit,single,double,triple,home_run,strikeout,walk,k_percent,bb_percent,batting_avg,slg_percent,on_base_percent,on_base_plus_slg,isolated_power,babip,b_rbi,b_lob,b_total_bases,r_total_caught_stealing,r_total_stolen_base,b_ab_scoring,b_ball,b_called_strike,b_catcher_interf,b_foul,b_foul_tip,b_game,b_gnd_into_dp,b_gnd_into_tp,b_gnd_rule_double,b_hit_by_pitch,b_hit_ground,b_hit_fly,b_hit_into_play,b_hit_line_drive,b_hit_popup,b_out_fly,b_out_ground,b_out_line_drive,b_out_popup,b_intent_ball,b_intent_walk,b_interference,b_pinch_hit,b_pinch_run,b_pitchout,b_played_dh,b_sac_bunt,b_sac_fly,b_swinging_strike,r_caught_stealing_2b,r_caught_stealing_3b,r_caught_stealing_home,r_defensive_indiff,r_interference,r_pickoff_1b,r_pickoff_2b,r_pickoff_3b,r_run,r_stolen_base_2b,r_stolen_base_3b,r_stolen_base_home,b_total_ball,b_total_sacrifices,b_total_strike,b_total_swinging_strike,b_total_pitches,r_stolen_base_pct,r_total_pickoff,b_reached_on_error,b_walkoff,b_reached_on_int,xba,xslg,woba,xwoba,xobp,xiso,wobacon,xwobacon,bacon,xbacon,xbadiff,xslgdiff,wobadiff,avg_swing_speed,fast_swing_rate,blasts_contact,blasts_swing,squared_up_contact,squared_up_swing,avg_swing_length,swords,attack_angle,attack_direction,ideal_angle_rate,vertical_swing_path,exit_velocity_avg,launch_angle_avg,sweet_spot_percent,barrel,barrel_batted_rate,solidcontact_percent,flareburner_percent,poorlyunder_percent,poorlytopped_percent,poorlyweak_percent,hard_hit_percent,avg_best_speed,avg_hyper_speed,z_swing_percent,z_swing_miss_percent,oz_swing_percent,oz_swing_miss_percent,oz_contact_percent,out_zone_swing_miss,out_zone_swing,out_zone_percent,out_zone,meatball_swing_percent,meatball_percent,pitch_count_offspeed,pitch_count_fastball,pitch_count_breaking,pitch_count,iz_contact_percent,in_zone_swing_miss,in_zone_swing,in_zone_percent,in_zone,edge_percent,edge,whiff_percent,swing_percent,pull_percent,straightaway_percent,opposite_percent,batted_ball,f_strike_percent,groundballs_percent,groundballs,flyballs_percent,flyballs,linedrives_percent,linedrives,popups_percent,popups,sprint_speed
"Semien, Marcus",543760,2026,35,494,547,106,75,15,1,15,104,45,19,8.2,.215,.340,.280,0.620,0.125,.239,49,227,168,3,10,124,698,302,0,385,19,139,10,0,0,2,36,25,396,45,0,105,110,43,32,0,0,0,1,0,0,0,1,5,206,3,0,0,0,0,1,0,0,55,9,1,0,745,6,1322,206,2067,,1,8,0,0,.240,.375,.276,.300,.304,.135,.299,.331,.268,.302,-0.025,-0.035,-0.024,68.6,2.6,8.6,6.8,36.5,29,7.8,27,15.2,-3.2,58.1,33.8,86.8,18.9,33.6,23,5.8,5.8,25.3,32.1,25.5,5.1,33.3,97.000149286,92.545980638,71.4,14.2,27.3,45.9,54.1,130,283,50.1,1035,78.7,7.5,221,1047,798,2067,85.8,105,737,49.9,1032,41.5,857,23,49.3,47,34.1,18.9,396,67.8,36.9,146,32.8,130,22.2,88,8.1,32,28.3
"McCray, Grant",687529,2026,25,77,91,11,6,2,1,2,28,11,30.8,12.1,.143,.273,.250,0.523,0.130,.191,4,31,21,0,8,12,150,66,0,51,3,43,0,0,0,0,2,3,52,6,0,9,22,5,5,0,1,0,3,10,0,4,3,0,56,0,0,0,0,0,0,0,0,14,8,0,0,157,3,235,56,392,,0,1,0,0,.210,.350,.236,.291,.301,.140,.277,.375,.224,.330,-0.067,-0.077,-0.055,71.5,16.5,13.8,8.6,26.4,16.5,7.1,7,7.6,-3.9,40.6,32.3,87.4,10.6,25,6,11.5,3.8,13.5,23.1,32.7,15.4,30.8,99.367162083,93.804508298,62.5,22.7,27.3,61,39,36,59,55.1,216,65.6,8.2,50,222,120,392,77.3,25,110,44.9,176,38.8,152,36.1,43.1,34.6,44.2,21.2,52,68.1,46.2,24,23.1,12,21.2,11,9.6,5,29.5
"Chapman, Matt",656305,2026,33,307,352,72,46,18,1,7,81,37,23,10.5,.235,.368,.324,0.692,0.133,.293,42,124,113,2,0,77,490,269,0,256,13,84,6,0,0,5,26,13,229,32,1,34,78,15,27,0,1,0,0,0,0,1,0,3,129,2,0,0,3,0,1,0,0,35,0,0,0,519,3,900,129,1419,,1,3,0,0,.210,.319,.309,.286,.305,.110,.348,.313,.314,.289,.025,.049,.023,76.1,61.1,13.3,10.3,22,17,7.4,11,3.6,-1.7,43,25.7,88.2,11.3,25.3,15,6.6,4.8,21,29.3,33.2,3.9,35.8,99.903629381,94.013173319,62.9,15.4,26.4,41.3,58.7,78,189,50.5,716,70.3,7.1,139,861,416,1419,84.6,68,442,49.5,703,41.3,586,23.1,44.5,39.3,34.5,26.2,229,61.3,45.4,104,20.5,47,21.8,50,12.2,28,28.1
"Ruiz, Keibert",660688,2026,27,332,354,93,59,24,0,10,37,16,10.5,4.5,.280,.443,.316,0.759,0.163,.288,48,155,147,1,2,103,329,189,0,209,8,105,7,0,1,3,29,18,298,46,0,68,84,21,30,0,1,0,13,1,0,0,0,3,67,1,0,0,0,0,0,0,0,44,2,0,0,345,3,782,67,1127,,0,2,0,0,.247,.374,.328,.289,.285,.127,.347,.299,.312,.278,.033,.069,.039,67.7,0.8,14.8,13,45.3,39.9,7.1,4,9.8,-10.4,57.2,32.3,88.1,17.2,33.9,15,5,6.7,24.2,30.9,30.2,3,36.6,98.084002838,93.093035608,66.6,6.7,38.7,27.1,72.9,59,218,50,564,70,8.9,223,570,334,1127,93.3,25,375,50,563,42.1,474,14.2,52.6,58.7,26.8,14.4,298,67.4,37.9,113,28.9,86,23.2,69,10.1,30,25.1
"Sullivan, Brett",664954,2026,32,218,237,49,28,13,1,7,40,13,16.9,5.5,.225,.390,.268,0.658,0.165,.241,33,107,85,2,1,62,260,125,0,167,12,82,4,0,0,1,14,8,183,27,0,42,51,18,21,0,0,0,8,5,0,3,2,3,60,2,0,0,0,0,0,0,0,23,1,0,0,275,5,554,60,829,,0,0,1,0,.235,.354,.285,.281,.284,.119,.316,.311,.271,.291,-0.010,.036,.004,68.9,4.8,9,7.6,35.9,30.3,7.3,5,8.3,-7.4,58.8,29.8,86.9,20.5,32.2,7,3.8,7.7,24,34.4,23.5,6,33.3,96.916041111,92.519100782,69.3,11.9,33.3,29.6,70.4,40,135,48.9,405,77.8,6.5,114,469,236,829,88.1,35,294,51.1,424,42.6,353,17.5,51.7,50.8,28.4,20.8,183,62.4,35.5,65,27.3,50,25.7,47,11.5,21,28.1
"Reyes, Felix",694025,2026,25,38,38,6,4,1,0,1,9,0,23.7,0,.158,.263,.158,0.421,0.105,.179,2,14,10,0,0,8,25,19,0,21,1,12,1,0,0,0,2,1,29,3,0,4,11,7,1,0,0,0,4,0,0,0,0,0,17,0,0,0,0,0,0,0,0,2,0,0,0,30,0,88,17,118,,0,0,0,0,.229,.314,.181,.233,.229,.085,.237,.305,.207,.300,-0.071,-0.051,-0.052,75.5,54.8,12.5,9.7,29.2,22.6,7.5,2,7.1,-5,45.2,28.2,89.2,6.4,37.9,2,6.9,10.3,27.6,17.2,37.9,0,27.6,98.874941333,93.637018966,66.7,3.1,52.9,48.6,51.4,18,37,59.3,70,60,4.2,21,51,46,118,96.9,1,32,40.7,48,38.1,45,27.5,58.5,48.3,31,20.7,29,71.1,44.8,13,17.2,5,34.5,10,3.4,1,28.3
"Walton, Donovan",622268,2026,32,230,268,60,36,14,1,9,46,28,17.2,10.4,.261,.448,.358,0.806,0.187,.291,32,98,103,2,3,59,357,120,0,191,11,92,9,0,3,7,17,13,187,29,1,38,64,20,5,0,0,0,19,7,0,7,3,0,122,2,0,0,3,0,0,0,0,36,3,0,0,384,3,640,122,1024,,0,0,1,0,.245,.371,.356,.322,.344,.127,.379,.330,.326,.306,.016,.077,.034,67.9,0.7,8.2,6,38.3,27.8,6.9,6,13.5,-6,51.2,33.2,86.8,12.4,39,9,4.8,7,26.2,26.7,28.9,6.4,31.6,96.726321868,92.483504451,73.8,17.1,28.8,51,49,77,151,51.2,524,92,7.3,227,472,322,1024,82.9,63,369,48.8,500,42.9,439,26.9,50.8,49.2,28.3,22.5,187,65.7,43.3,81,27.3,51,26.2,49,3.2,6,26.4
"Trout, Mike",545361,2026,34,513,634,124,76,26,0,22,165,107,26,16.9,.242,.421,.382,0.803,0.179,.311,54,200,216,1,11,99,1071,522,1,457,29,142,11,0,0,11,37,33,350,53,1,77,90,33,24,0,12,0,2,0,0,33,0,2,230,1,0,0,2,0,0,0,0,86,10,1,0,1117,2,1606,230,2723,,0,6,0,1,.255,.487,.354,.381,.384,.232,.416,.462,.354,.377,-0.013,-0.066,-0.027,74.7,48.5,16.3,12.6,27,20.9,7.5,25,6.5,-1.3,42.2,35.8,90.1,17.4,38,56,16,8.6,23.1,25.4,21.7,4.9,46.3,102.780727771,95.785464011,62,15.8,20.7,51.2,48.8,154,301,53.6,1457,69.1,6.9,276,1763,677,2723,84.2,123,780,46.4,1259,42.3,1150,25.6,39.8,36,39.1,24.9,350,55.7,36.3,127,31.4,110,25.1,88,7.1,25,28.6
"Peraza, Oswald",672724,2026,26,341,370,77,56,12,2,7,111,17,30,4.6,.226,.334,.282,0.616,0.108,.313,25,160,114,2,12,82,429,175,0,309,24,123,8,0,0,10,33,8,232,36,0,39,86,19,11,0,0,0,10,8,0,5,1,1,196,2,0,0,1,0,1,0,1,33,9,3,0,457,2,959,196,1416,,2,5,1,0,.224,.330,.276,.272,.281,.106,.357,.352,.333,.332,.002,.004,.004,72.5,27.4,11.6,8.2,26.5,18.6,7.6,15,5.7,-2.2,46.1,28.2,87.5,9.2,32.3,14,6.1,3,25.4,21.1,36.2,7.3,36.2,99.402264159,93.746132667,74.1,17.6,38.6,52.2,47.8,151,289,52.8,748,79,7.1,177,771,464,1416,82.4,87,495,47.2,668,40.9,579,30.4,55.4,34.5,41.8,23.7,232,64.1,51.3,119,20.3,47,23.7,55,4.7,11,28.6
"Mauricio, Ronny",677595,2026,25,59,62,13,8,1,0,4,20,2,32.3,3.2,.220,.441,.258,0.699,0.221,.257,8,31,26,0,0,16,51,29,0,53,2,20,1,0,0,1,6,3,39,4,0,6,13,4,3,0,0,0,0,0,0,2,0,0,32,0,0,0,0,0,0,1,0,7,0,0,0,59,0,161,32,220,,1,0,1,0,.208,.425,.302,.289,.246,.218,.425,.405,.333,.315,.012,.016,.013,75,50,14.5,10.2,24.1,16.9,7.8,1,9.4,-7.5,57.1,27.8,90.4,10.2,30.8,6,15.4,2.6,15.4,25.6,38.5,2.6,38.5,102.0883225,95.298730769,71.4,14.3,50.8,48.4,51.6,30,62,55.5,122,66.7,6.8,45,99,76,220,85.7,10,70,44.5,98,44.5,98,30.3,60,41,35.9,23.1,39,75.8,48.7,19,23.1,9,20.5,8,7.7,3,25.9
"Young, Jared",676724,2026,30,308,342,82,53,17,3,9,63,25,18.4,7.3,.266,.429,.330,0.759,0.163,.305,39,125,132,1,3,76,471,197,0,226,16,103,4,0,0,6,35,17,248,30,0,41,84,23,16,0,0,0,18,2,0,9,0,3,130,1,0,0,0,0,0,0,0,46,3,0,0,503,3,827,130,1330,,0,3,0,0,.250,.400,.332,.321,.320,.150,.370,.354,.331,.316,.016,.029,.011,73.1,32.5,18.9,14.6,35.1,27.1,7.2,10,7.8,-0.5,58.9,27.7,90.4,11.7,30.2,19,7.7,8.5,19.4,23.4,35.9,5.2,46.8,101.896708525,95.331303402,70.2,17.7,27.5,39.5,60.5,77,195,53.4,710,80.2,6.8,191,747,390,1330,82.3,77,435,46.6,620,43.8,583,24.4,47.4,42.7,40.7,16.5,248,54.4,48,119,23.4,58,21.8,54,6.9,17,27.5
"Bohm, Alec",664761,2026,29,567,629,141,96,29,1,15,88,48,14,7.6,.249,.383,.315,0.698,0.134,.269,88,234,217,0,2,144,807,391,0,402,16,155,19,0,0,9,41,26,484,74,0,86,188,44,22,0,1,0,1,0,0,0,0,5,157,0,0,0,1,0,1,0,0,58,1,1,0,858,5,1453,157,2311,,1,7,2,0,.265,.412,.309,.327,.330,.147,.319,.344,.291,.313,-0.016,-0.029,-0.018,71.1,14,16,13.6,40.1,34.1,7.2,9,5.1,4.6,45.7,30,90.6,8.6,33.7,29,6,7.6,24,21.9,38.4,1.9,43.8,100.305319174,94.542656273,66.3,11.3,26,29.7,70.3,90,303,50.5,1167,73.5,7.2,208,1429,673,2311,88.7,86,759,49.5,1144,42.1,973,16.6,46,28.7,45.5,25.8,484,61.5,47.3,229,23.1,112,24.8,120,4.8,23,26.5
"Wisdom, Patrick",621550,2026,34,47,50,5,3,1,0,1,21,3,42,6,.106,.191,.160,0.351,0.085,.160,4,25,9,0,0,15,57,23,0,35,4,19,0,0,0,0,2,1,26,2,0,10,5,2,4,0,1,0,1,0,0,1,0,0,35,0,0,0,0,0,0,0,0,3,0,0,0,59,0,127,35,186,,0,0,0,0,.158,.359,.151,.236,.193,.201,.230,.391,.192,.286,-0.052,-0.168,-0.085,76.3,66,15.8,9.6,31.6,19.1,8.1,3,16.3,-8.9,66,33.5,92.7,28.4,26.9,5,19.2,3.8,19.2,42.3,15.4,0,42.3,101.725203077,95.500518462,71.7,30.3,40.4,60.5,39.5,23,38,50.5,94,72.7,5.9,15,118,53,186,69.7,20,66,49.5,92,41.9,78,41.3,55.9,34.6,19.2,46.2,26,73.5,26.9,7,42.3,11,15.4,4,15.4,4,27.1
"Franklin, Christian",681047,2026,26,50,59,9,7,2,0,0,15,7,25.4,11.9,.180,.220,.305,0.525,0.040,.257,1,16,11,0,3,11,99,48,0,33,0,21,1,0,0,2,6,0,35,3,0,5,16,1,4,0,0,0,5,1,0,1,0,0,25,0,0,0,0,0,0,0,0,6,3,0,0,104,0,145,25,249,,0,0,0,0,.192,.315,.256,.291,.315,.123,.250,.310,.257,.274,-0.012,-0.095,-0.035,73.8,39.1,11.1,8,25.4,18.4,7,3,10,4.5,30.7,34.8,85.4,2.2,14.3,3,8.6,2.9,20,14.3,45.7,8.6,34.3,97.938457778,93.130864286,60.9,20.9,21.6,46.7,53.3,14,30,55.8,139,75,6.4,22,143,84,249,79.1,14,67,44.2,110,39.8,99,28.9,39,14.3,48.6,37.1,35,64.4,62.9,22,14.3,5,11.4,4,11.4,4,27.8
"White, Tommy",695720,2026,23,189,195,48,40,5,0,3,35,5,17.9,2.6,.254,.328,.272,0.600,0.074,.296,10,73,62,1,0,38,194,109,0,148,7,56,5,0,0,0,18,8,155,22,0,28,59,15,5,0,0,0,5,0,0,1,0,1,74,1,0,0,0,0,0,0,0,19,0,0,0,206,1,497,74,703,,0,0,0,0,.263,.383,.264,.291,.283,.120,.310,.344,.310,.324,-0.009,-0.055,-0.027,69.3,12.8,11.2,9,31.4,25.2,7.3,8,8.7,4,60.5,32.4,85.9,7.4,30.3,11,7.1,1.9,28.4,21.3,36.1,5.2,32.3,97.142154872,92.609868194,69.7,13,42.4,34.8,65.2,55,158,53.1,373,77.4,7.5,79,405,215,703,87,30,230,46.9,330,41.8,294,21.9,55.2,29,45.2,25.8,155,68.2,49.7,77,23.2,36,23.9,37,3.2,5,26.7
"Urías, Ramón",602104,2026,32,86,100,13,6,3,0,4,18,9,18,9,.151,.326,.260,0.586,0.175,.138,9,34,28,1,0,14,118,55,0,64,5,43,3,0,0,4,3,6,69,4,0,19,24,5,8,0,0,0,7,1,0,0,0,1,36,1,0,0,0,0,0,0,0,14,0,0,0,132,1,230,36,362,,0,1,0,0,.191,.381,.265,.302,.296,.190,.251,.304,.188,.240,-0.040,-0.055,-0.037,70.4,5.8,12.3,9.6,33.6,26.3,7.4,4,12.1,5.4,76.7,27.2,88.5,17.9,27.5,7,10.1,5.8,10.1,37.7,33.3,2.9,34.8,98.388988857,93.362815362,71.1,18.8,25.8,36.2,63.8,17,47,50.3,182,73.9,6.4,39,209,114,362,81.3,24,128,49.7,180,43.4,157,23.4,48.3,31.9,44.9,23.2,69,60,39.1,27,36.2,25,13,9,11.6,8,26.8
"Foscue, Justin",679822,2026,27,225,247,61,36,13,1,11,62,17,25.1,6.9,.271,.484,.332,0.816,0.213,.327,34,107,109,0,0,60,322,199,0,202,8,100,3,0,1,4,25,12,164,24,0,39,35,10,19,0,0,0,23,0,0,28,0,1,78,0,0,0,0,0,2,0,0,26,0,0,0,337,1,658,78,995,,2,1,0,0,.245,.435,.354,.325,.309,.190,.443,.399,.372,.337,.026,.049,.029,70.9,10.8,13.7,11.1,32.3,26.1,7.1,4,12,-2.6,56.2,29.3,89.3,18.9,34.1,17,10.4,5.5,25,29.9,26.2,3,42.1,99.414065,93.903911646,62.7,13.4,27.8,37.4,62.6,49,131,47.4,472,66.2,7.4,127,577,286,995,86.6,44,328,52.6,523,44.4,442,20.3,46.1,44.5,36,19.5,164,62.8,36.6,60,31.1,51,20.7,34,11.6,19,27.6
"Cole, Zach",805904,2026,25,51,53,8,4,1,0,3,21,1,39.6,1.9,.157,.353,.189,0.542,0.196,.185,8,17,18,0,0,9,73,43,0,24,0,19,0,0,0,1,2,3,30,3,0,7,11,1,3,0,0,0,2,1,0,1,0,0,40,0,0,0,0,0,0,0,0,4,0,0,0,79,0,140,40,219,,0,0,1,0,.209,.438,.234,.289,.239,.229,.366,.462,.267,.356,-0.052,-0.085,-0.055,76.4,66.7,22.4,13.1,34.7,20.2,7.4,1,11.9,-3.4,50.6,33,92.5,15.3,23.3,5,16.7,10,10,23.3,40,0,50,102.600134,95.962160333,60.6,30.3,28.2,71,29,22,31,50.2,110,71.4,6.4,52,98,69,219,69.7,20,66,49.8,109,42.5,93,43.3,44.3,50,33.3,16.7,30,60.4,43.3,13,33.3,10,13.3,4,10,3,28.0
"Pederson, Joc",592626,2026,34,374,432,88,48,12,2,26,102,49,23.6,11.3,.235,.487,.329,0.816,0.252,.249,53,122,182,0,2,64,604,281,1,291,19,136,11,0,0,5,25,28,275,35,0,58,88,21,19,0,2,0,53,0,0,117,0,3,216,0,0,0,0,0,0,0,0,56,2,0,0,635,3,1092,216,1727,,0,1,0,1,.242,.445,.352,.343,.334,.203,.416,.402,.320,.332,-0.007,.042,.009,72.2,22.5,18.3,13.1,35.8,25.6,7.5,11,9.5,-3,56,28.2,92.1,16,30.9,31,11.3,8.4,23.3,26.9,27.6,2.5,50.9,102.047397007,95.678260401,64.8,21.3,30.1,47.6,52.4,127,267,51.4,888,68.5,5.3,332,888,500,1727,78.7,116,544,48.6,839,40.3,696,30,47,42.9,33.1,24,275,58.5,41.1,113,31.3,86,20.7,57,6.9,19,25.0
"Mack, Joe",691788,2026,23,303,330,71,48,9,0,14,82,19,24.8,5.8,.234,.403,.282,0.685,0.169,.273,52,133,122,0,0,68,430,207,0,225,13,105,6,0,1,2,25,18,227,28,0,38,89,15,13,0,0,0,18,0,1,0,4,2,138,0,0,0,1,0,0,0,0,40,0,0,0,459,6,823,138,1282,,0,0,0,0,.225,.396,.299,.292,.275,.171,.371,.361,.318,.308,.009,.007,.007,74.3,43.4,14.7,11.2,31,23.5,7.4,5,13.2,-3.4,57.4,30.5,88.8,9.9,26.9,19,8.4,6.6,23.3,20.3,35.7,5.7,38.3,99.584000631,94.018511081,68.7,16.9,28.1,45.9,54.1,84,183,50.9,652,79.1,7.1,262,610,408,1282,83.1,73,433,49.1,630,41.1,527,25.5,48,47.6,30,22.5,227,62.7,50.2,114,24.7,56,19.4,44,5.7,13,26.1
"Jordan, Blaze",691458,2026,23,186,199,46,31,8,4,3,30,7,15.1,3.5,.247,.382,.276,0.658,0.135,.274,28,85,71,0,0,52,211,97,0,149,7,58,8,0,1,2,13,11,160,22,0,22,60,21,11,0,0,0,3,0,0,0,0,4,70,0,0,0,0,0,0,0,0,16,0,0,0,231,4,487,70,718,,0,2,0,0,.266,.425,.284,.317,.299,.159,.314,.355,.287,.316,-0.019,-0.043,-0.033,72.7,26.5,15.4,12.3,32.3,25.6,7.3,4,5.9,-1.9,40.7,30.7,88.4,9.1,33.1,16,10.1,3.1,24.4,19.4,36.3,6.3,45,100.055589,94.265054591,73.4,13.5,35.7,35.4,64.6,46,130,50.7,364,76.7,8.4,85,387,244,718,86.5,35,260,49.3,354,42.6,306,20.8,54.3,38.8,36.9,24.4,160,66.8,45.6,73,20.6,33,26.9,43,6.9,11,25.8
"Watson, Kahlil",696135,2026,23,88,91,21,14,6,0,1,32,3,35.2,3.3,.239,.341,.264,0.605,0.102,.364,11,33,30,1,9,18,108,44,0,62,6,27,2,0,0,0,9,2,56,10,0,12,18,3,2,0,0,0,6,0,0,0,0,0,57,1,0,0,0,0,0,1,0,6,6,3,0,112,0,227,57,339,,1,0,1,0,.209,.330,.266,.246,.235,.121,.394,.363,.375,.328,.030,.011,.020,73,27.2,12.7,8.6,30,20.4,7.6,5,15.4,2.1,50.6,34.9,89.3,10.6,28.6,4,7.1,7.1,30.4,21.4,32.1,1.8,32.1,98.054020357,93.253982727,73.5,27,35.3,52.5,47.5,32,61,51,173,67.7,9.1,52,180,107,339,73,33,122,49,166,45.1,153,35.5,54,35.7,37.5,26.8,56,56,48.2,27,25,14,23.2,13,3.6,2,28.3
"Lara, Luis",800325,2026,21,191,212,47,36,8,2,1,46,18,21.7,8.5,.246,.325,.311,0.636,0.079,.315,26,88,62,2,3,59,324,170,0,160,7,61,2,0,0,1,17,3,147,27,0,19,58,17,6,0,0,0,2,1,0,0,0,2,53,2,0,0,1,0,0,0,0,25,3,0,0,341,2,541,53,882,,0,0,1,0,.256,.331,.286,.293,.321,.075,.322,.332,.320,.334,-0.010,-0.006,-0.007,71.4,16.8,13,11.2,32.5,28,6.9,6,1.1,3.4,28.5,27.9,88,5.3,34.7,5,3.4,3.4,34,17,38.1,4.1,41.5,98.840899189,93.57850966,61.9,11.8,24.7,28.4,71.6,33,116,53.2,469,68.6,7.9,146,502,225,882,88.2,30,255,46.8,412,39,344,17,42.1,30.6,36.7,32.7,147,61.8,51,75,15,22,29.9,44,4.1,6,28.4
"Durbin, Caleb",702332,2026,26,508,586,126,87,25,1,13,79,51,13.5,8.7,.248,.378,.332,0.710,0.130,.269,64,207,192,6,20,125,718,383,1,383,16,153,8,0,1,15,48,20,440,56,2,65,166,38,45,0,1,0,8,1,0,0,7,4,142,4,1,1,3,0,3,0,0,74,14,6,0,775,11,1380,142,2155,,3,3,1,1,.234,.316,.317,.291,.321,.081,.317,.282,.291,.277,.014,.062,.026,69.2,6.1,7.4,6.3,31.7,27.2,7,23,9.9,-1.5,62,29.5,83.1,12.3,29.5,12,2.7,4.1,23.6,25,34.5,9.5,25,95.122217783,91.603408774,64.6,10.8,28.2,29.2,70.8,89,305,50.3,1083,66.9,7.4,249,1300,598,2155,89.2,75,692,49.7,1072,42.6,917,16.4,46.3,40.9,37.5,21.6,440,61.7,48.6,214,19.3,85,21.4,94,10.7,47,27.9
"Morabito, Nick",703492,2026,23,41,46,8,6,2,0,0,16,3,34.8,6.5,.195,.244,.283,0.527,0.049,.320,4,17,10,2,1,9,57,38,0,21,0,19,0,0,0,2,3,1,25,4,0,2,9,3,3,0,0,0,3,5,0,3,0,0,19,2,0,0,0,0,0,0,0,4,1,0,0,63,0,110,19,173,,0,0,0,0,.255,.308,.248,.296,.336,.053,.315,.402,.320,.418,-0.060,-0.064,-0.048,70.6,23.3,17.8,13.3,37.8,28.3,6.8,3,6.5,6.9,32.8,34,90.5,10.1,36,0,0,8,36,20,36,0,48,99.823979231,94.489362,50.6,17.1,33.7,45.2,54.8,14,31,53.2,92,66.7,6.9,19,105,49,173,82.9,7,41,46.8,81,43.9,76,29.2,41.6,36,44,20,25,69.6,48,12,12,3,28,7,12,3,29.7
"Paris, Kyren",677347,2026,24,15,18,0,0,0,0,0,8,3,44.4,16.7,.000,.000,.167,0.167,0.000,.000,0,7,0,0,0,4,30,14,0,16,0,8,1,0,0,0,0,0,7,0,0,3,4,0,0,0,0,0,2,1,0,0,0,0,14,0,0,0,0,0,0,0,0,0,0,0,0,32,0,51,14,83,,0,0,0,0,.092,.151,.116,.203,.244,.059,.000,.223,.000,.198,-0.092,-0.151,-0.087,72,18.8,15,9.4,20,12.5,7.3,0,11.2,1.9,36.4,39.1,85.1,14.1,0,0,0,14.3,14.3,28.6,28.6,14.3,57.1,99.0435325,94.31059,72.7,31.3,12.8,80,20,4,5,47,39,66.7,3.6,17,45,21,83,68.8,10,32,53,44,41,34,37.8,44.6,42.9,42.9,14.3,7,50,57.1,4,42.9,3,0,0,0,0,
"Teodosio, Bryce",669326,2026,27,70,76,15,13,2,0,0,27,5,35.5,6.6,.214,.243,.267,0.510,0.029,.349,6,37,17,1,5,20,74,36,0,37,8,43,1,0,0,0,8,1,44,6,0,7,14,0,8,0,0,0,11,6,0,1,1,0,44,0,0,1,0,0,0,0,0,8,4,1,0,79,1,179,44,258,,0,0,0,0,.171,.232,.234,.210,.227,.061,.328,.285,.349,.279,.043,.011,.024,69.4,2.5,7,4.1,28.2,16.5,6.5,6,7.3,0.7,42.1,32.3,82.3,9.5,20.5,2,4.5,0,15.9,27.3,34.1,18.2,20.5,94.943635714,91.591553659,71.7,28.6,39.7,61.5,38.5,32,52,50.8,131,81,8.1,28,160,70,258,71.4,26,91,49.2,127,46.1,119,40.6,55.4,25,29.5,45.5,44,69.7,50,22,18.2,8,13.6,6,18.2,8,29.3
"Guerrero Jr., Vladimir",665489,2026,27,542,609,141,107,25,0,9,81,56,13.3,9.2,.260,.356,.332,0.688,0.096,.288,57,236,193,4,7,126,750,329,0,356,22,144,20,0,0,5,60,15,467,66,0,75,167,50,32,0,5,0,0,0,0,16,0,6,175,3,0,1,1,0,3,0,0,72,7,0,0,821,6,1359,175,2180,,3,3,0,0,.280,.400,.305,.331,.346,.121,.311,.344,.302,.328,-0.020,-0.044,-0.026,76.3,62.4,20.9,17,32.4,26.4,7.6,13,1.1,-3.7,30.3,28.4,90.3,8.3,28.7,32,6.9,6.2,25.1,22.1,35.3,4.5,44.3,102.693695855,95.562990899,67.3,13.1,30.6,33,67,120,364,54.6,1190,76.9,6.7,241,1303,636,2180,86.9,87,666,45.4,990,42.1,918,20.1,47.2,35.1,38.5,26.3,467,59.2,48.6,227,19.3,90,25.3,118,6.9,32,26.4
"Karros, Kyle",691720,2026,23,411,475,104,67,21,3,13,100,54,21.1,11.4,.253,.414,.347,0.761,0.161,.302,49,179,170,0,5,100,694,317,0,318,11,131,5,0,1,7,32,18,314,54,0,59,103,30,18,0,2,0,8,0,0,0,0,3,190,0,0,0,1,0,0,0,0,63,4,1,0,744,3,1158,190,1902,,0,3,0,0,.250,.402,.336,.334,.345,.152,.374,.371,.331,.332,.003,.012,.002,70.2,7.3,13.2,10.3,34.5,26.9,7,29,7.4,-7.1,42.4,38.1,89.7,12.6,40.8,26,8.3,4.5,26.8,24.5,32.8,2.9,41.1,100.509474679,94.534265256,67.2,12.1,24.8,53.1,46.9,136,256,54.3,1032,73.9,7.5,209,1014,672,1902,87.9,71,585,45.7,870,40.5,771,24.6,44.2,40.8,33.4,25.8,314,62,43,135,24.5,77,26.8,84,5.7,18,27.0
"Price, Collin",805672,2026,26,12,13,2,1,1,0,0,6,1,46.2,7.7,.167,.250,.231,0.481,0.083,.333,0,6,3,0,0,4,17,10,0,4,2,7,0,0,0,0,1,0,6,1,0,2,2,0,0,0,0,0,1,0,0,1,0,0,14,0,0,0,0,0,0,0,0,1,0,0,0,17,0,36,14,53,,0,0,0,0,.259,.361,.219,.302,.316,.103,.359,.537,.333,.517,-0.092,-0.111,-0.083,73.7,36,11.1,4,55.6,20,7.9,0,15.9,-15.9,24,33.1,93,17.6,33.3,0,0,16.7,66.7,16.7,0,0,50,99.28063,95.252535,68,41.2,32.1,100,0,9,9,52.8,28,66.7,5.7,6,24,23,53,58.8,7,17,47.2,25,43.4,23,61.5,49.1,33.3,16.7,50,6,69.2,50,3,33.3,2,16.7,1,0,0,
"Clemens, Kody",665019,2026,30,531,583,127,71,22,7,27,127,39,21.8,6.7,.239,.460,.298,0.758,0.221,.263,81,232,244,2,10,127,725,349,0,435,27,145,10,0,0,7,38,37,410,52,0,97,123,34,25,0,1,0,9,1,0,0,3,3,238,2,0,0,0,0,0,0,0,74,8,2,0,776,6,1470,238,2246,,0,4,1,0,.254,.456,.327,.334,.313,.202,.387,.398,.312,.335,-0.015,.004,-0.007,72,12.6,17.7,13.7,37.7,29.1,7.2,15,11.8,-2.7,63.1,28.5,91.9,15.4,33.7,46,11.3,7.6,24.4,28.8,24.1,3.4,46.1,101.037748366,95.114954901,68.3,16.5,32.6,40.1,59.9,151,377,51.5,1156,74.6,7.9,317,1288,640,2246,83.5,123,744,48.5,1090,41.5,932,24.4,49.9,47.1,31.2,21.7,410,63.6,39.3,161,32.7,134,22,90,6.1,25,28.0
"Chaparro, Andrés",665953,2026,27,198,228,52,26,13,0,13,53,25,23.2,11,.263,.525,.360,0.885,0.262,.295,39,79,104,0,0,44,295,118,0,145,7,83,5,0,1,5,17,14,145,21,0,28,42,6,17,0,0,0,33,0,0,21,0,0,129,0,0,0,0,0,0,1,0,36,0,0,0,324,0,547,129,871,,1,4,0,0,.233,.451,.383,.344,.334,.218,.456,.396,.359,.318,.030,.074,.039,74.2,44.8,15.8,11.5,30.2,22,7.3,14,11.6,-13,52.2,30.4,89.9,16.8,29,19,13.1,8.3,19.3,26.9,28.3,4.1,44.1,101.366810548,95.09789131,71.3,21.2,32,51.9,48.1,81,156,56,488,80.4,5.3,185,380,301,871,78.8,58,273,44,383,42.1,367,32.4,49.3,50.3,30.3,19.3,145,61.8,40.7,59,29,42,18.6,27,11.7,17,25.1
"Triolo, Jared",669707,2026,28,324,362,77,62,12,0,3,72,28,19.9,7.7,.238,.302,.307,0.609,0.064,.296,29,157,98,1,13,87,461,255,2,206,18,125,8,0,2,5,30,11,255,36,0,36,100,32,9,0,0,0,20,3,0,2,2,1,113,1,0,0,0,0,2,0,0,34,12,1,0,483,3,862,113,1345,,2,4,0,2,.241,.316,.278,.284,.311,.075,.302,.310,.304,.310,-0.003,-0.014,-0.006,70.4,4.7,12.4,9.8,34.8,27.7,7.6,10,7.5,-0.2,47.3,37.8,86.3,6.1,32.9,6,2.4,2.7,23.9,23.1,41.2,6.3,32.9,97.382690726,92.701064274,64.5,13.1,25.7,44.5,55.5,77,173,50,672,79.8,7.4,155,783,402,1345,86.9,57,434,50,673,42.5,572,22.1,45.1,38.4,36.1,25.5,255,60.5,51,130,18.4,47,27.1,69,3.5,9,28.3
"Naylor, Bo",666310,2026,26,91,98,14,9,2,0,3,24,7,24.5,7.1,.154,.275,.214,0.489,0.121,.172,10,46,25,0,0,24,148,77,0,97,3,31,2,0,0,0,4,4,67,6,0,19,19,8,7,0,0,0,5,1,0,0,0,0,23,0,0,0,1,0,0,0,0,5,0,0,0,157,0,269,23,426,,0,0,0,0,.216,.400,.220,.293,.273,.184,.249,.358,.209,.296,-0.062,-0.125,-0.073,71.8,14.1,13.4,11.8,26.8,23.5,7.6,2,10.8,-5.9,49.1,31,89.1,19,31.3,8,11.9,9,20.9,31.3,25.4,1.5,41.5,99.665642353,94.077166716,65.3,6.2,26.7,33.9,66.1,20,59,52.6,221,72.2,8.6,77,206,137,426,93.8,8,130,47.4,199,46.9,197,14.6,45.1,38.8,41.8,19.4,67,65.3,34.3,23,34.3,23,20.9,14,10.4,7,27.4
"Sosa, Lenyn",672820,2026,26,113,117,22,14,7,0,1,25,1,21.4,0.9,.195,.283,.207,0.490,0.088,.239,9,52,32,0,0,30,113,74,0,101,6,40,2,0,1,1,7,4,90,11,0,19,29,9,10,0,0,0,8,2,0,9,1,1,41,0,0,0,0,0,0,0,0,11,0,0,0,119,2,320,41,439,,0,1,0,0,.222,.345,.214,.249,.234,.123,.262,.309,.247,.282,-0.027,-0.062,-0.035,72.4,22.6,13.5,10.6,30,23.5,7.6,1,12.3,-3.4,48.9,34.8,88.7,20,34.4,5,5.6,6.7,23.3,32.2,27.8,4.4,36.7,98.841732,93.512313708,64.8,10.3,50,31.5,68.5,41,130,59.2,260,46.4,6.4,49,225,162,439,89.7,12,116,40.8,179,42.1,185,21.5,56,38.9,32.2,28.9,90,66.7,40,36,25.6,23,23.3,21,11.1,10,26.7
"Jeffers, Ryan",680777,2026,29,317,369,81,46,19,2,14,66,46,17.9,12.5,.256,.461,.353,0.814,0.205,.279,56,138,146,0,1,85,536,324,0,256,12,92,5,0,1,3,21,18,254,41,1,55,77,18,22,0,2,0,3,0,0,7,0,2,92,0,0,0,0,0,0,0,0,49,1,0,0,584,2,941,92,1525,,0,4,0,0,.247,.430,.353,.344,.346,.183,.381,.368,.319,.314,.009,.031,.009,73.5,40.5,14.9,12.6,32.3,27.4,7.2,16,8.7,-2.1,53,29.2,88.6,16.6,35.8,26,10.2,7.5,18.1,29.9,27.2,7.1,40.9,100.699453622,94.550549016,56.3,10.6,26.2,30.3,69.7,64,211,52.7,804,67.6,7.1,184,846,495,1525,89.4,43,406,47.3,721,42.4,647,17.3,40.5,39.4,33.9,26.8,254,60.5,38.6,98,28.7,73,23.6,60,9.1,23,26.3
"Helman, Michael",680737,2026,30,30,35,5,3,1,0,1,6,1,17.1,2.9,.167,.300,.235,0.535,0.133,.167,2,12,9,0,0,4,29,12,0,23,0,16,0,0,0,2,1,2,26,2,0,9,8,1,3,0,0,0,1,2,0,0,1,1,13,0,0,0,0,0,0,0,0,2,0,0,0,34,2,79,13,113,,0,0,0,0,.147,.208,.239,.200,.218,.061,.239,.186,.200,.177,.020,.092,.039,70.1,1.9,0,0,31,24.5,7.7,0,12.2,-3,59.3,29.2,82.9,23.9,26.9,0,0,3.8,7.7,46.2,23.1,19.2,7.7,91.309245455,89.731559091,77.4,17.1,43.3,26.9,73.1,7,26,53.1,60,93.8,14.2,19,61,33,113,82.9,7,41,46.9,53,36.3,41,20.9,59.3,38.5,34.6,26.9,26,65.7,34.6,9,42.3,11,11.5,3,11.5,3,29.7
"Garcia, Jhostynxon",691373,2026,23,49,51,8,7,1,0,0,17,1,33.3,2,.163,.184,.196,0.380,0.021,.250,2,29,9,0,0,16,46,20,0,40,0,20,1,0,0,1,4,0,32,4,0,5,13,3,3,0,0,0,4,0,0,0,0,0,34,0,0,0,0,0,0,0,0,2,0,0,0,50,0,129,34,179,,0,0,0,0,.211,.301,.175,.240,.242,.091,.234,.338,.250,.323,-0.048,-0.117,-0.065,74.5,44.9,10.6,7.1,24.2,16.3,7.8,1,14,-0.3,48,38.1,83.7,11.7,34.4,1,3.1,9.4,25,18.8,31.3,12.5,31.3,98.229828125,93.123011875,78,23.4,46.4,48.9,51.1,22,45,54.2,97,75,6.7,18,88,69,179,76.6,15,64,45.8,82,44.1,79,33.9,60.9,34.4,40.6,25,32,74.5,53.1,17,15.6,5,21.9,7,9.4,3,27.7
"Bernal, Leo",699024,2026,22,95,102,27,19,3,0,5,25,7,24.5,6.9,.284,.474,.333,0.807,0.190,.338,21,30,45,1,0,24,141,62,0,65,7,24,1,0,0,0,5,6,70,16,0,19,17,5,2,0,0,0,0,0,0,5,0,0,39,1,0,0,0,0,1,0,0,12,0,0,0,148,0,245,39,393,,1,1,0,0,.270,.487,.351,.347,.320,.217,.442,.436,.386,.367,.014,-0.013,.004,73.6,31.5,20.6,15.8,36.5,27.9,7.4,4,9.3,-5.2,50.9,31.8,92.6,16.1,41.4,7,10,15.7,25.7,24.3,24.3,0,55.7,102.009491143,95.893565143,66.9,15.7,29.2,46.8,53.2,29,62,53.9,212,69.6,5.9,48,207,136,393,84.3,19,121,46.1,181,39.9,157,26.2,46.6,40,45.7,14.3,70,58.8,31.4,22,35.7,25,30,21,2.9,2,26.2
"Kemp, Otto",805249,2026,26,25,27,2,2,0,0,0,10,1,37,3.7,.080,.080,.148,0.228,0.000,.133,0,8,2,0,0,4,42,16,0,21,1,13,0,0,0,1,0,1,15,1,0,4,4,3,2,0,0,0,3,0,0,0,0,0,20,0,0,0,0,0,0,0,0,0,0,0,0,46,0,74,20,120,,0,0,0,0,.162,.221,.119,.205,.224,.059,.119,.274,.133,.270,-0.082,-0.141,-0.086,71.4,15.7,3.1,2,25,15.7,7.4,1,10,-6.3,40.4,35,81.5,27,33.3,0,0,6.7,26.7,40,20,6.7,13.3,89.912855,89.894159333,67.3,17.1,33.8,69.6,30.4,16,23,56.7,68,66.7,5,32,59,29,120,82.9,6,35,43.3,52,45.8,55,37.9,48.3,13.3,33.3,53.3,15,48.1,26.7,4,33.3,5,26.7,4,13.3,2,28.2
"Stubbs, Garrett",596117,2026,33,59,65,9,9,0,0,0,15,3,23.1,4.6,.153,.153,.215,0.368,0.000,.200,3,23,9,0,0,12,75,32,0,52,0,35,0,0,0,2,5,1,45,3,0,11,18,3,4,0,0,0,6,9,0,4,0,1,20,0,0,0,0,0,0,0,0,11,0,0,0,80,1,156,20,236,,0,0,0,0,.177,.215,.178,.209,.238,.037,.178,.223,.200,.233,-0.024,-0.062,-0.031,66.7,0,2.3,1.9,31.4,26,7,3,9.5,-3.8,47.2,26.9,85.3,12.1,20,0,0,4.4,15.6,28.9,44.4,6.7,24.4,94.776945909,91.467274651,70.1,10.7,38,36.7,63.3,18,49,54.7,129,78.6,5.9,26,143,67,236,89.3,8,75,45.3,107,40.7,96,21,52.5,28.9,44.4,26.7,45,58.5,51.1,23,26.7,12,13.3,6,8.9,4,27.4
"Ewing, A.J.",805999,2026,21,436,492,110,79,19,1,11,125,46,25.4,9.3,.252,.376,.324,0.700,0.124,.326,43,165,164,8,25,82,679,321,0,345,16,120,3,0,2,2,46,15,319,47,2,63,101,32,10,0,1,0,3,0,1,1,4,4,191,8,0,0,2,0,5,0,0,55,23,2,0,718,8,1210,191,1928,,5,5,0,0,.255,.399,.311,.320,.327,.144,.376,.391,.349,.356,-0.003,-0.023,-0.009,70.4,12.6,13.6,10.4,33.2,25.5,6.5,24,9.3,-1.8,40.6,36.7,89.6,10.8,35.1,24,7.5,4.7,27.9,22.9,31.3,5,42.3,100.034776474,94.356587331,67.4,15.5,26.7,45.6,54.4,123,270,52.4,1010,78.9,6.9,311,1031,584,1928,84.5,96,619,47.6,918,40.9,789,24.6,46.1,31,41.1,27.9,319,62.3,46.1,147,24.5,78,25.4,81,4.1,13,29.4
"De Paula, Josue",800543,2026,21,31,42,10,5,3,1,1,5,11,11.9,26.2,.323,.581,.500,1.081,0.258,.360,7,19,18,1,1,11,77,27,0,25,2,11,1,0,0,0,0,2,26,8,0,4,9,3,0,0,0,0,0,0,0,9,0,0,10,1,0,0,1,0,0,0,0,7,1,0,0,80,0,90,10,170,,0,0,0,0,.311,.496,.466,.437,.492,.185,.457,.411,.385,.371,.012,.085,.029,71.8,25,11.1,8.9,28.9,23.2,7.3,0,9,-3.4,49.1,38.7,89.2,9.8,46.2,3,11.5,3.8,23.1,26.9,34.6,0,46.2,99.056430769,93.653655385,61.6,11.1,18.6,38.9,61.1,7,18,57.1,97,76.9,7.6,21,88,61,170,88.9,5,45,42.9,73,44.1,75,19,37.1,46.2,34.6,19.2,26,59.5,34.6,9,23.1,6,42.3,11,0,0,27.1
"Wilson, Jacob",805779,2026,24,320,337,85,61,16,1,7,39,12,11.6,3.6,.266,.388,.298,0.686,0.122,.284,37,135,124,0,4,82,316,170,0,258,12,80,7,0,2,3,31,12,283,42,0,48,114,25,10,0,0,0,4,0,0,5,1,1,73,0,0,0,1,0,0,0,0,37,2,2,0,331,2,805,73,1136,,0,6,0,0,.262,.345,.301,.282,.295,.083,.321,.299,.301,.298,.004,.043,.019,64.7,0.6,7.2,6.1,38.4,33,6.2,8,4.6,-1.4,38.2,34.8,84.1,7.9,31.4,7,2.5,2.8,25.8,22.6,37.1,8.1,27.6,95.600927914,91.814204116,70.4,9.1,42.3,23.7,76.3,59,249,51.8,588,82.9,6.2,113,692,330,1136,90.9,35,386,48.2,548,40.5,460,14.8,55.9,35,39.6,25.4,283,65.6,51.2,145,21.2,60,24,68,3.5,10,27.0
"Kelenic, Jarred",672284,2026,26,73,83,16,13,2,0,1,31,10,37.3,12,.219,.288,.313,0.601,0.069,.366,6,26,21,1,0,17,118,52,0,46,7,36,0,0,0,0,9,4,42,3,0,10,10,6,0,0,0,0,7,2,0,0,0,0,51,1,0,0,0,0,1,0,0,5,0,0,0,126,0,200,51,326,,1,0,0,0,.231,.431,.279,.331,.323,.201,.384,.488,.381,.401,-0.012,-0.143,-0.052,72.9,28.1,21.7,13.3,33.7,20.7,7.4,4,13.1,0.8,53.3,31.5,92.6,11.6,35.7,8,19,2.4,26.2,19,31,2.4,50,102.423424286,96.131286905,64.4,20.8,29.4,76.9,23.1,40,52,54.3,177,68,7.7,86,153,87,326,79.2,20,96,45.7,149,41.1,134,40.5,45.4,26.2,47.6,26.2,42,57.8,45.2,19,33.3,14,21.4,9,0,0,27.1
"Lowe, Brandon",664040,2026,31,583,655,152,87,29,1,35,188,62,28.7,9.5,.261,.494,.331,0.825,0.233,.319,96,254,288,0,2,146,874,354,0,451,33,150,8,0,2,3,34,47,402,70,1,88,111,21,26,0,1,0,7,0,0,11,0,7,408,0,0,0,0,0,0,0,0,94,2,0,0,941,7,1680,408,2621,,0,3,2,0,.240,.445,.355,.331,.315,.205,.466,.428,.378,.353,.021,.049,.024,73.5,38.7,16.6,11.3,31.8,21.6,7.1,48,16.1,-3.6,46.6,33.7,91,15.8,35.1,50,12.4,6.7,25.4,27.1,25.4,3,45.8,101.348135373,95.153058955,70.8,20.5,33.6,61.8,38.2,296,479,54.3,1424,80.7,6.5,385,1301,923,2621,79.5,174,847,45.7,1197,41.6,1090,35.4,50.6,46.3,33.3,20.4,402,60.6,36.1,145,33.6,135,23.4,94,7,28,27.0
"Jansen, Danny",643376,2026,31,197,227,40,22,9,1,8,55,18,24.2,7.9,.203,.381,.296,0.677,0.178,.239,26,102,75,1,1,52,316,141,0,149,10,67,6,0,0,8,12,13,146,15,0,33,42,11,20,0,1,0,2,0,0,4,4,0,86,1,0,0,0,0,0,0,0,21,1,0,0,345,4,538,86,883,,0,0,1,0,.186,.310,.300,.267,.277,.125,.345,.293,.282,.257,.017,.071,.033,70,6.7,9.3,7.3,32.1,25.2,7,15,15,-6.6,60.3,29.3,87.7,22.8,24,9,6.2,4.1,21.9,39.7,24,4.1,33.6,97.458352394,92.765822676,66.5,17.3,22.5,51.5,48.5,50,97,48.9,432,63.2,7.7,90,529,264,883,82.7,52,300,51.1,451,40.2,355,25.7,45,55.5,30.1,14.4,146,59.7,37,54,31.5,46,17.8,26,13.7,20,26.7
"Smith, Pavin",656976,2026,30,109,122,20,14,3,0,3,25,12,20.5,9.8,.183,.294,.262,0.556,0.111,.207,12,63,32,0,2,30,167,94,0,92,1,40,2,0,0,0,8,5,85,7,0,20,31,8,6,0,0,0,9,0,0,15,0,1,39,0,0,0,0,0,0,0,0,12,1,0,1,176,1,317,39,493,,0,0,1,0,.216,.318,.252,.281,.295,.103,.263,.305,.235,.282,-0.033,-0.024,-0.029,71,11.3,11.2,9.3,29.8,24.7,7.4,6,10.5,-2.5,55.6,29.6,87.6,12.9,23.5,4,4.7,3.5,25.9,30.6,31.8,3.5,37.6,98.86166,93.522387765,62.2,12.2,27.7,37.3,62.7,25,67,49.1,242,75,6.5,77,250,166,493,87.8,19,156,50.9,251,43.2,213,19.7,45.2,41.2,28.2,30.6,85,62.3,45.9,39,29.4,25,17.6,15,7.1,6,25.1
"Vargas, Miguel",678246,2026,26,588,704,147,82,31,1,33,126,101,17.9,14.3,.250,.474,.363,0.837,0.224,.261,93,255,279,2,22,149,1077,430,1,494,41,159,12,0,4,7,32,44,469,69,2,122,109,43,48,0,5,0,2,0,0,6,0,7,207,2,0,0,0,0,2,0,0,106,19,3,0,1130,7,1652,207,2782,,2,3,1,1,.263,.496,.363,.378,.371,.233,.387,.410,.313,.334,-0.013,-0.022,-0.015,73.9,42.5,16.2,13.1,32.7,26.3,7.8,10,12.8,-3.6,65,34.1,90.1,20.5,39.4,61,13,6.4,23,33.5,19.8,4.1,43.8,100.367790769,94.615853953,68.9,17.6,20.9,31.4,68.6,95,303,52.1,1448,75.3,6,223,1707,849,2782,82.4,162,918,47.9,1333,42.7,1187,21,43.9,46.7,32.2,21.1,469,59.6,30.1,141,35.4,166,23.9,112,10.7,50,28.6
"Salas, Ethan",806956,2026,20,39,40,10,7,0,1,2,9,1,22.5,2.5,.256,.462,.275,0.737,0.206,.286,5,23,18,0,0,12,47,29,0,28,1,16,0,0,0,0,4,3,30,3,0,10,7,1,2,0,0,0,4,0,0,5,0,0,10,0,0,0,0,0,0,0,0,6,0,0,0,48,0,101,10,149,,0,0,1,0,.188,.316,.316,.227,.208,.129,.398,.279,.333,.244,.068,.146,.089,69.9,17.5,13.7,11.1,39.2,31.7,6.9,0,7.5,3.8,59.4,30.8,90.1,25.7,23.3,1,3.3,3.3,13.3,46.7,33.3,0,33.3,98.854162,94.235776,64.5,10.2,31.5,39.1,60.9,9,23,49,73,80,10.1,28,69,52,149,89.8,5,49,51,76,36.9,55,19.4,48.3,20,56.7,23.3,30,75,36.7,11,43.3,13,13.3,4,6.7,2,27.5
"Ohtani, Shohei",660271,2026,31,523,618,144,84,26,4,30,152,81,24.6,13.1,.275,.512,.377,0.889,0.237,.329,81,174,268,3,11,107,836,357,2,373,31,135,9,0,2,7,44,33,376,67,0,81,117,22,12,0,16,0,12,0,0,134,0,5,300,3,0,0,1,0,1,0,0,89,11,0,0,902,5,1454,300,2356,,1,3,0,2,.286,.552,.377,.397,.372,.266,.467,.500,.383,.403,-0.011,-0.040,-0.020,74.7,49,21.1,14.6,36.7,25.4,7.9,11,13.4,0.5,49.5,37.8,93.3,12.3,38,61,16.4,6.6,24.7,19.7,30.1,1.6,52.1,103.764505323,96.745585269,66,22.8,30,48.3,51.7,185,383,54.1,1275,77.6,6.5,415,1254,687,2356,77.2,163,714,45.9,1081,41,966,31.7,46.6,47.9,30.3,21.8,376,59.7,42.8,161,30.3,114,23.7,89,3.2,12,27.7
"Outman, James",681546,2026,29,157,170,27,16,4,2,5,71,10,41.8,5.9,.172,.318,.235,0.553,0.146,.272,17,80,50,3,6,40,231,88,0,116,8,94,0,0,0,3,7,6,86,14,0,20,25,5,9,0,0,0,10,15,0,3,0,0,132,2,1,0,0,0,1,0,0,23,6,0,0,249,0,442,132,691,,1,0,0,0,.162,.273,.246,.225,.226,.111,.381,.338,.314,.295,.010,.045,.021,72.3,19.3,10.7,6.4,26.7,16.1,7.8,14,15.2,-6,48.2,34.6,86.5,16.2,33.7,6,7,8.1,22.1,27.9,29.1,5.8,37.2,97.862507442,92.931253721,75,28.8,30.2,70.3,29.7,78,111,53.1,367,88.6,6.4,154,342,187,691,71.2,70,243,46.9,324,43,297,41.8,51.2,54.7,23.3,22.1,86,65.3,37.2,32,30.2,26,22.1,19,10.5,9,28.0
"Wagner, Will",695238,2026,27,35,45,9,8,1,0,0,7,10,15.6,22.2,.257,.286,.422,0.708,0.029,.321,0,13,10,0,0,6,69,33,0,30,0,16,2,0,0,0,4,1,28,4,0,2,15,1,1,0,1,0,5,0,0,10,0,0,11,0,0,0,0,0,0,0,0,5,0,0,0,72,0,104,11,176,,0,1,0,0,.249,.282,.333,.329,.407,.033,.299,.291,.321,.314,.008,.004,.004,69.9,4.8,5.7,4.8,28.3,24.2,6.6,1,2.5,0.9,35.5,33.4,81.9,4.9,28.6,0,0,0,32.1,7.1,50,7.1,17.9,92.435565714,90.547779259,61.8,6.4,24,37.5,62.5,9,24,56.8,100,60,2.8,38,95,43,176,93.6,3,47,43.2,76,37.5,66,16.9,40.3,21.4,46.4,32.1,28,60,67.9,19,10.7,3,17.9,5,3.6,1,26.1
"Rushing, Dalton",687221,2026,25,224,253,55,31,12,0,12,74,23,29.2,9.1,.246,.460,.328,0.788,0.214,.309,36,118,103,0,0,66,319,141,0,168,11,80,2,0,0,5,11,13,151,31,0,29,38,16,13,0,0,0,7,0,0,7,0,1,130,0,0,0,1,0,0,0,0,37,0,0,0,345,1,610,130,955,,0,1,2,0,.249,.426,.344,.336,.334,.177,.446,.428,.364,.370,-0.003,.034,.008,72.4,15.1,17.7,12.5,30.6,21.6,7.5,11,12.7,-2.7,54.7,35.1,89.5,18.6,35.8,18,11.9,6,27.8,28.5,19.2,6.6,43.7,101.8105508,95.071908725,69.7,23.3,30.4,49.3,50.7,75,152,52.4,500,80.7,6,173,528,250,955,76.7,74,317,47.6,455,41.4,395,31.8,49.1,45.7,32.5,21.9,151,63.6,32.5,49,27.8,42,31.1,47,8.6,13,27.4
"Cauley, Cam",695508,2026,23,58,65,12,7,3,1,1,15,5,23.1,7.7,.207,.345,.281,0.626,0.138,.262,1,19,20,0,1,5,80,39,0,32,5,34,2,0,0,1,4,2,44,6,0,6,16,3,7,0,0,0,8,4,0,1,1,0,26,0,0,0,0,0,0,0,0,10,1,0,0,85,1,152,26,237,,0,1,0,0,.192,.238,.279,.235,.268,.046,.318,.252,.279,.259,.015,.107,.044,69.8,15.7,6.6,4.5,32.8,22.5,6.9,2,10.5,6.8,57.7,31.3,85.5,16.8,27.3,0,0,6.8,15.9,34.1,40.9,2.3,20.5,94.600854545,91.424347442,65.3,25.9,28.3,46.9,53.1,15,32,47.7,113,60.9,9.7,30,145,60,237,74.1,21,81,52.3,124,40.9,97,31.9,47.7,40.9,20.5,38.6,44,72.3,45.5,20,18.2,8,20.5,9,15.9,7,30.5
"Riley, Austin",663586,2026,29,566,630,124,82,21,2,19,201,48,31.9,7.6,.219,.364,.290,0.654,0.145,.299,72,254,206,2,9,146,857,381,0,475,35,159,11,0,1,11,42,25,370,57,0,86,94,30,34,0,1,0,2,0,0,0,0,5,347,2,0,0,1,0,1,0,0,64,9,0,0,919,5,1621,347,2540,,1,2,0,0,.213,.396,.290,.299,.286,.183,.383,.398,.335,.329,.006,-0.032,-0.009,75.8,59.1,15.3,10.7,27,18.9,7.6,25,11,-4.7,47.5,31.3,91.3,18.5,34.3,46,12.4,8.4,21.6,28.6,26.2,2.7,44.3,102.087666649,95.389412865,68.6,21.2,32.3,50.7,49.3,227,448,54.6,1386,79.4,6.7,315,1418,804,2540,78.8,168,792,45.4,1154,41.2,1047,31.9,48.8,39.5,35.7,24.9,370,63.6,36.8,136,30,111,24.1,89,9.2,34,28.0
"House, Brady",691781,2026,23,320,355,79,51,18,0,10,91,29,25.6,8.2,.247,.397,.313,0.710,0.150,.311,46,142,127,0,3,91,427,181,0,227,16,95,5,0,0,3,23,17,232,39,0,45,85,14,9,0,0,0,11,0,0,11,0,3,177,0,0,0,1,0,0,0,0,44,3,0,0,457,3,835,177,1292,,0,2,0,0,.265,.434,.313,.333,.330,.169,.382,.413,.341,.367,-0.018,-0.037,-0.020,73.5,33.4,17.8,13,32,23.4,7.6,11,9.8,1.9,47.8,36.6,90.1,10.2,31,22,9.5,6,25.9,20.3,34.1,3.9,47.8,102.255890517,95.508442857,70.8,21.5,34.2,43.9,56.1,107,244,55.2,713,76.4,6.9,140,725,425,1292,78.5,88,410,44.8,579,40.9,528,29.8,50.6,30.6,43.5,25.9,232,63.1,46.6,108,26.7,62,22.8,53,3.9,9,28.2
"Albies, Ozzie",645277,2026,29,615,683,146,96,27,1,22,105,46,15.4,6.7,.237,.392,.293,0.685,0.155,.247,73,254,241,4,4,133,812,255,0,599,18,162,8,0,2,8,39,32,524,75,0,140,147,44,43,0,1,0,1,0,0,4,0,14,258,4,0,0,2,0,2,0,0,85,4,0,0,861,14,1682,258,2543,,2,2,1,0,.221,.337,.298,.273,.280,.116,.317,.284,.279,.263,.016,.055,.025,68.8,5.1,7.6,6,32.7,26.1,7.2,16,12.4,-5.6,57.2,34.9,87.1,17.8,32.3,20,3.8,6.3,19.8,36.8,29,3.4,27.7,96.575292846,92.322715692,78.7,13.8,38.1,33.5,66.5,181,540,55.7,1416,87.3,6.5,535,1287,717,2543,86.2,122,887,44.3,1127,41,1043,21.2,56.1,45.8,32.6,21.6,524,61,35.5,186,32.8,172,23.3,122,8.4,44,27.1
"Arroyo, Edwin",695490,2026,22,148,160,33,28,4,1,0,38,6,23.8,3.8,.223,.264,.266,0.530,0.041,.297,5,71,39,1,1,34,169,60,0,124,9,50,0,0,1,3,9,2,113,22,0,20,39,13,8,0,0,0,2,1,0,0,2,1,73,1,0,0,0,0,0,0,0,14,1,0,0,182,3,392,73,574,,0,3,0,0,.268,.348,.240,.291,.309,.080,.284,.358,.297,.361,-0.045,-0.084,-0.051,69.2,5.7,7.7,5.7,34.3,25.1,7.3,3,13.8,-4.7,44.4,35.9,88,15.8,41.6,3,2.7,4.4,35.4,25.7,23.9,5.3,27.4,96.289835849,92.181635566,77.3,15.9,39.7,46.6,53.4,55,118,51.7,297,81.3,8.4,115,277,181,574,84.1,34,214,48.3,277,39.7,228,26.8,57.8,42.5,31.9,25.7,113,60.6,42.5,48,19.5,22,31,35,7.1,8,28.8
"Perdomo, Geraldo",672695,2026,26,562,680,147,109,20,9,9,86,96,12.6,14.1,.262,.377,.370,0.747,0.115,.291,59,255,212,10,21,156,1071,624,0,473,16,157,12,0,1,5,46,18,493,83,0,107,159,53,23,0,0,0,2,0,0,0,9,8,108,9,1,0,3,0,0,0,0,75,21,0,0,1140,17,1744,108,2884,,0,7,0,0,.260,.355,.336,.333,.373,.095,.320,.315,.304,.308,.002,.022,.003,67.3,1.7,8,7.2,38.5,34.6,7,25,8.3,-0.5,50.5,38.1,87.6,14.7,36.5,15,3.1,4.1,26.2,28.6,31,6.7,31.9,96.798958983,92.48396053,56.5,7.3,20.9,24.2,75.8,72,298,49.6,1429,62.8,7.8,476,1695,708,2884,92.7,60,821,50.4,1454,42.7,1231,11.8,38.8,42.6,34.3,23.1,493,57.8,41.6,205,25.4,125,28.4,140,4.7,23,27.0
"Turang, Brice",668930,2026,26,582,680,156,95,37,3,21,171,90,25.1,13.2,.268,.450,.366,0.816,0.182,.344,100,232,262,5,19,148,1064,526,0,530,31,151,9,0,0,1,49,29,418,78,0,65,147,41,8,0,3,0,2,1,0,0,5,2,246,4,1,0,0,0,0,0,0,102,16,3,0,1115,7,1775,246,2890,,0,4,1,0,.255,.428,.358,.344,.353,.173,.434,.411,.378,.360,.013,.022,.014,70.1,11.1,13.8,10.9,31.9,25.1,6.8,23,8.5,9.3,48.7,35.6,90.3,8.8,38.5,32,7.7,9.1,24.9,19.1,34.7,4.1,41.6,100.345718473,94.59448968,62.4,17.1,24.8,37.6,62.4,137,364,50.9,1467,68.7,7.3,467,1623,781,2890,82.9,151,883,49.1,1414,42.7,1231,23.1,43.2,29.2,40.4,30.4,418,60.3,46.9,196,22.5,94,28.7,120,1.9,8,28.5
"Nishida, Rikuu",807747,2026,25,29,30,7,7,0,0,0,5,0,16.7,0,.241,.241,.241,0.482,0.000,.292,2,8,7,0,0,7,28,22,0,11,1,12,0,0,0,0,6,0,25,1,0,2,10,6,0,0,0,0,5,0,0,0,1,0,6,0,0,0,0,0,0,0,0,3,0,0,0,29,1,68,6,97,,0,1,0,0,.258,.306,.215,.247,.258,.048,.260,.299,.292,.312,-0.017,-0.065,-0.032,61.7,0,3.3,2.9,60,51.4,6.1,1,4.7,12,32.4,32.2,87.9,3.1,36,0,0,0,36,12,44,8,12,94.065359167,91.185872174,60,18.2,31,7.7,92.3,1,13,43.3,42,75,8.2,12,56,29,97,81.8,6,33,56.7,55,45.4,44,15.2,47.4,16,56,28,25,66.7,64,16,8,2,28,7,0,0,28.0
"Jones, Spencer",682987,2026,25,261,289,64,39,13,1,11,105,25,36.3,8.7,.245,.429,.313,0.742,0.184,.363,40,93,112,3,10,53,431,122,1,245,12,86,0,0,0,1,15,16,157,32,1,46,27,12,8,0,1,0,14,3,0,5,0,1,236,2,1,0,0,0,0,0,0,36,10,0,0,454,1,778,236,1232,,0,2,0,1,.238,.455,.323,.328,.304,.217,.479,.489,.408,.397,.007,-0.026,-0.005,77.1,71.7,15.1,9.5,24.9,15.7,7.9,9,14.1,0.8,43.6,43.5,94.1,20.6,43.9,25,15.9,9.6,22.9,30.6,19.7,1.3,55.1,104.238740633,97.083013248,77,27,35.3,58.1,41.9,143,246,56.8,697,85.9,6.4,208,677,340,1232,73,110,408,43.2,530,40.7,500,38.7,53.2,35,38.2,26.8,157,61.1,26.8,42,39.5,62,28,44,5.7,9,28.9
"Crews, Dylan",686611,2026,24,404,443,90,56,20,1,13,107,30,24.2,6.8,.223,.374,.289,0.663,0.151,.270,44,173,151,0,12,99,522,220,0,294,17,109,8,0,1,8,31,21,298,38,0,61,87,37,22,0,0,0,1,1,0,3,0,1,222,0,0,0,1,0,0,0,0,55,10,2,0,565,1,1059,222,1624,,0,3,1,0,.241,.419,.294,.317,.306,.178,.347,.382,.302,.329,-0.018,-0.045,-0.023,74.1,38.7,16.9,12.1,29.8,21.5,7.6,17,9.2,-4.2,47.1,28.6,90.3,13.7,33.9,28,9.4,8.7,19.5,29.2,28.9,3.7,43.3,101.188552703,94.814070441,73.4,17.9,32.1,53.3,46.7,146,274,52.6,853,82.9,6.5,186,942,487,1624,82.1,101,565,47.4,770,43,698,29.4,51.7,33.6,45.6,20.8,298,62.3,39.6,118,27.5,82,25.5,76,7.4,22,29.3
"Callihan, Tyler",682997,2026,26,95,107,20,11,4,2,3,38,9,35.5,8.4,.211,.389,.283,0.672,0.178,.309,15,48,37,0,1,28,133,48,0,92,8,37,0,0,0,1,5,7,59,8,0,18,10,6,5,0,0,0,6,2,0,1,1,1,69,0,0,0,0,0,0,0,0,13,1,0,0,143,2,281,69,424,,0,0,0,0,.185,.296,.294,.252,.261,.111,.417,.339,.345,.304,.026,.093,.042,70.2,10.8,7.6,4.9,20.6,13.3,7.5,1,12.5,-6.7,39.6,34.2,84.5,26.1,40.7,4,6.8,3.4,22,42.4,15.3,10.2,27.1,96.384928276,92.268426667,77,27.3,33.5,50,50,36,72,50.7,215,82.9,9.7,75,225,119,424,72.7,44,161,49.3,209,40.1,170,34.3,55,44.1,33.9,22,59,63.6,25.4,15,42.4,25,23.7,14,8.5,5,28.0
"Velazquez, Andrew",623205,2026,31,15,15,1,1,0,0,0,2,0,13.3,0,.067,.067,.067,0.134,0.000,.077,0,8,1,0,1,3,8,8,0,8,0,6,0,0,0,0,1,0,13,0,0,2,6,2,2,0,0,0,2,0,0,0,0,0,4,0,0,0,0,0,0,0,0,0,1,0,0,9,0,36,4,45,,0,0,0,0,.167,.200,.059,.160,.167,.033,.068,.185,.077,.193,-0.100,-0.133,-0.101,70.1,10.5,0,0,31.3,26.3,7.7,0,13.8,0.7,47.4,33.4,84.4,19.2,30.8,0,0,0,7.7,38.5,23.1,30.8,23.1,95.175448,91.762572,70.8,0,52.4,36.4,63.6,4,11,46.7,21,100,8.9,12,17,16,45,100,0,17,53.3,24,37.8,17,14.3,62.2,38.5,38.5,23.1,13,86.7,53.8,7,15.4,2,15.4,2,15.4,2,
"Muncy, Max",571970,2026,35,488,561,123,66,27,1,29,140,65,25,11.6,.252,.490,.348,0.838,0.238,.294,76,250,239,0,3,129,794,374,0,373,29,149,8,0,1,7,33,38,349,52,0,76,98,27,25,0,5,0,14,0,0,2,0,1,259,0,0,0,0,0,0,0,0,81,3,0,0,880,1,1394,259,2274,,0,2,2,0,.242,.470,.361,.349,.333,.227,.441,.421,.352,.339,.010,.020,.012,71.3,14,16.2,11.4,35.2,24.9,7,16,17.1,-6.3,49.7,34.3,89.9,17.5,35.8,45,12.9,7.4,24.1,27.5,25.2,2.9,45.8,101.023217371,94.921257221,65.7,19,25.8,52.9,47.1,162,306,52.2,1187,75.2,7.3,426,1037,810,2274,81,136,714,47.8,1087,42.3,962,29.2,44.9,51.3,30.9,17.8,349,55.6,37.5,131,32.7,114,22.6,79,7.2,25,27.2
"Crooks, Jimmy",699625,2026,24,134,149,24,13,6,0,5,48,9,32.2,6,.179,.336,.255,0.591,0.157,.232,14,64,45,0,0,31,171,90,0,98,6,52,2,0,0,5,6,7,87,10,1,30,22,6,4,0,0,0,11,0,0,5,0,1,82,0,0,0,0,0,0,0,0,10,0,0,0,194,1,371,82,565,,0,0,0,0,.198,.397,.264,.294,.274,.200,.338,.391,.276,.309,-0.019,-0.061,-0.030,71.9,20.6,15.2,9.9,34.5,22.6,7.2,4,17.1,-1.1,41.5,36.5,91.7,19.4,37.9,10,11.6,12.6,19.5,32.2,23,0,48.3,101.08186907,95.158178721,66.1,24.4,36.3,48.7,51.3,55,113,55,311,73.5,6,102,300,162,565,75.6,41,168,45,254,40.5,229,34.2,49.7,36.8,36.8,26.4,87,61.1,32.2,28,42.5,37,19.5,17,5.7,5,26.9
"Vargas, Ildemaro",545121,2026,34,453,486,115,82,19,5,9,49,27,10.1,5.6,.254,.377,.298,0.675,0.123,.267,67,196,171,1,3,117,497,310,1,312,14,142,7,0,2,2,37,12,407,66,0,73,141,39,37,0,2,0,1,3,0,8,1,2,106,1,0,0,3,0,0,0,0,62,3,0,0,532,3,1172,106,1704,,0,4,1,1,.268,.363,.295,.297,.309,.095,.304,.305,.283,.300,-0.014,.014,-0.002,70.9,17,13,11.2,35.8,30.9,7.4,11,5.7,-4.9,52.5,22.8,87.4,11.3,30.7,13,3.2,4.9,26.3,26.8,34.4,4.4,35,98.067283881,93.061632394,63.1,8.2,39.2,25.4,74.6,89,350,52.4,893,70.2,7.7,321,901,481,1704,91.8,42,511,47.6,810,42.2,719,15.2,50.6,40.3,41.3,18.4,407,59.7,43.7,178,20.9,85,26.3,107,9.1,37,27.1
"Turner, Trea",607208,2026,33,645,700,156,107,29,1,19,147,48,21,6.9,.242,.378,.297,0.675,0.136,.284,58,237,244,4,21,124,888,383,0,467,28,157,11,0,1,4,67,29,501,60,0,98,160,44,39,0,1,0,3,0,0,2,0,3,335,3,1,0,2,0,1,1,0,101,18,3,0,928,3,1721,335,2649,,2,5,0,0,.242,.363,.298,.293,.299,.121,.344,.338,.311,.315,.000,.015,.005,71.6,19,12.1,8.9,33.6,24.9,7.6,17,8.5,-4.5,63,25.4,88.5,11.1,31.7,30,6,5.8,24.8,26.7,33.5,3,39.3,98.94390884,93.571458357,68.9,15.4,34.6,48.8,51.2,240,492,53.6,1421,76.5,6.8,327,1380,942,2649,84.6,130,846,46.4,1228,42.1,1114,27.7,50.5,33.7,38.9,27.3,501,60.5,45.3,227,25.3,127,21.4,107,8,40,29.9
"Wallner, Matt",670242,2026,28,120,135,20,13,3,0,4,53,10,39.3,7.4,.167,.292,.259,0.551,0.125,.254,10,71,35,1,0,32,184,69,0,97,9,34,2,0,0,5,5,3,67,12,0,11,29,4,3,0,0,0,2,0,0,0,0,0,113,1,0,0,0,0,0,0,0,14,0,0,0,200,0,362,113,562,,0,0,0,0,.200,.333,.253,.281,.289,.134,.352,.408,.299,.358,-0.033,-0.041,-0.028,75.2,56.8,12.7,7.6,22.3,13.3,7.5,15,10.9,-4.8,57.1,27.8,88.4,8.1,26.9,7,10.4,1.5,29.9,20.9,31.3,6,40.3,101.422806765,95.021781343,74.2,31.8,31.6,70.7,29.3,65,92,51.8,291,75.8,5.9,87,307,168,562,68.2,64,201,48.2,271,43.6,245,44,52.1,44.8,40.3,14.9,67,65.2,50.7,34,20.9,14,23.9,16,4.5,3,26.0
"Montgomery, Colson",695657,2026,24,568,638,112,57,24,0,31,227,54,35.6,8.5,.197,.403,.282,0.685,0.206,.260,87,324,229,1,1,177,795,315,0,446,40,153,8,0,1,14,24,38,343,50,0,80,83,19,48,0,3,0,3,0,1,7,0,2,413,1,0,0,1,0,0,0,0,71,1,0,0,872,2,1575,413,2447,,0,3,1,0,.199,.388,.300,.294,.280,.189,.421,.412,.327,.330,-0.002,.015,.006,76.6,70.6,14.7,9.6,22.5,14.6,8,37,13.4,-9.8,53.7,33,88.6,23.6,32.9,41,12,6.1,21.6,33.5,21.9,4.4,40.9,101.158593626,94.756398123,73,22.1,32.4,68.1,31.9,286,420,53,1296,79.7,7.4,303,1378,761,2447,77.9,185,839,47,1149,38.4,939,37.4,51.5,49.6,32.9,17.5,343,65.3,31.2,107,34.4,118,20.1,69,14.3,49,26.6
"Clark, Max",703601,2026,21,180,206,49,32,11,3,3,42,18,20.4,8.7,.272,.417,.350,0.767,0.145,.338,23,85,75,1,5,53,251,141,0,146,9,51,3,0,0,4,15,10,142,24,0,26,43,14,10,0,1,0,0,0,0,0,3,1,44,1,0,0,0,0,2,0,0,27,5,0,0,266,4,488,44,754,,2,0,0,0,.264,.345,.337,.314,.342,.081,.383,.349,.353,.346,.008,.072,.023,73.7,31.5,10.7,9.2,28,23.9,7.6,4,6.3,0.8,42.3,32.2,87.6,16,35.2,3,2.1,5.6,34.5,25.4,26.1,6.3,38,98.281387353,93.26224,63.4,9.6,28.6,32.4,67.6,35,108,50,377,74.1,7.2,84,486,184,754,90.4,23,239,50,377,42.6,321,16.7,46,35.2,32.4,32.4,142,57.3,40.8,58,25.4,36,26.8,38,7,10,28.6
"Call, Alex",669743,2026,31,163,195,38,28,9,0,1,35,23,17.9,11.8,.233,.307,.349,0.656,0.074,.287,20,84,50,1,1,46,304,163,0,167,11,88,2,0,0,7,16,3,130,18,1,29,41,7,15,0,0,0,8,8,0,5,0,2,47,0,1,0,0,0,1,0,1,25,1,0,0,324,2,524,47,848,,2,2,0,0,.202,.261,.305,.277,.324,.059,.295,.252,.292,.254,.031,.046,.028,66.6,3.2,3.4,2.9,29.7,25.1,6.7,7,8,0.1,43.6,32.1,83.6,15.6,27.7,3,2.3,0.8,20.8,33.8,34.6,6.9,16.2,92.892612923,90.615784574,61.2,10.5,24.3,33.7,66.3,35,104,50.5,428,71.2,8.6,76,532,233,848,89.5,27,257,49.5,420,41.5,352,17.2,42.6,36.2,37.7,26.2,130,57.4,43.8,57,24.6,32,19.2,25,12.3,16,27.8
"Heim, Jonah",641680,2026,31,358,390,73,41,19,0,13,70,27,17.9,6.9,.204,.366,.262,0.628,0.162,.216,43,188,131,0,0,98,466,242,0,275,12,105,11,0,2,2,17,18,291,38,0,59,111,24,24,0,0,0,4,0,0,19,0,3,137,0,0,0,0,0,0,0,0,34,0,0,0,490,3,967,137,1457,,0,4,0,0,.227,.361,.275,.285,.284,.134,.299,.312,.251,.281,-0.023,.005,-0.010,70.2,11.4,9.1,7.2,32.9,26,7.6,10,9.1,0.1,54.1,27.2,87.3,13.3,33,17,5.9,5.5,23.4,27.1,34.4,3.4,32.3,97.523598,92.806524966,66.3,14,33.6,35.6,64.4,88,247,50.5,736,73.2,8.4,235,870,345,1457,86,67,478,49.5,721,45.1,657,21.4,49.8,39.2,40.2,20.6,291,61.5,44,128,26.5,77,21.3,62,8.2,24,25.1
"Teel, Kyle",691019,2026,24,119,144,25,17,3,0,5,51,19,35.4,13.2,.210,.361,.336,0.697,0.151,.313,26,61,43,0,0,38,218,98,0,109,8,39,2,0,0,4,7,7,70,11,0,14,20,8,3,0,0,0,1,0,0,1,1,1,87,0,0,0,0,0,0,0,0,21,0,0,0,236,2,376,87,612,,0,2,0,0,.211,.375,.317,.321,.337,.165,.423,.431,.362,.364,-0.001,-0.014,-0.004,72.1,29.1,12.1,8.1,24.2,16.2,6.9,8,13,1.5,40.5,38.8,85.7,13.6,41.4,8,11.4,4.3,22.9,24.3,22.9,14.3,47.1,100.879383824,94.639000588,64.4,23.2,31.3,54.5,45.5,60,110,57.4,351,53.8,6.4,72,336,204,612,76.8,39,168,42.6,261,41.7,255,35.6,45.4,40,37.1,22.9,70,63.2,38.6,27,30,21,27.1,19,4.3,3,27.2
"Harris, Brett",695391,2026,28,44,51,6,4,2,0,0,16,3,31.4,5.9,.136,.182,.240,0.422,0.046,.214,2,26,8,0,0,12,65,37,0,29,0,21,2,0,1,3,3,1,29,2,0,5,12,4,2,0,0,0,5,0,0,0,1,0,22,0,0,0,1,0,0,0,0,3,0,0,0,73,1,120,22,193,,0,0,0,0,.171,.244,.207,.243,.271,.073,.217,.282,.214,.269,-0.035,-0.062,-0.036,70.7,5.6,9.4,7,32.1,23.9,7.3,3,6.6,-0.5,47.2,28.7,87.3,9.2,37.9,1,3.4,6.9,17.2,24.1,41.4,6.9,31,96.85209,92.539986071,65.2,18.3,22.8,52.2,47.8,12,23,52.3,101,50,7.3,30,101,60,193,81.7,11,60,47.7,92,42.5,82,27.7,43,31,51.7,17.2,29,51,51.7,15,20.7,6,20.7,6,6.9,2,26.9
"Perez, Junior",678577,2026,24,35,36,6,3,0,0,3,14,1,38.9,2.8,.171,.429,.194,0.623,0.258,.167,6,23,15,1,0,15,42,24,0,22,1,22,0,0,0,0,2,1,21,3,0,6,4,1,4,0,0,0,4,3,0,0,0,0,26,1,0,0,0,0,0,0,0,5,0,0,0,44,0,95,26,139,,0,0,0,0,.206,.516,.264,.312,.228,.310,.420,.502,.286,.343,-0.035,-0.087,-0.048,75.1,56.3,20,12.5,35,21.9,7.5,0,10.9,-6.8,53.1,27.5,91,21.3,33.3,3,14.3,19,14.3,28.6,19,4.8,52.4,101.582378182,95.601692381,71.2,26.9,28.8,73.7,26.3,14,19,47.5,66,69.2,9.4,20,85,34,139,73.1,14,52,52.5,73,40.3,56,39.4,51.1,28.6,42.9,28.6,21,55.6,28.6,6,33.3,7,19,4,19,4,27.9
"Fraley, Jake",641584,2026,31,88,97,19,10,7,0,2,29,9,29.9,9.3,.216,.364,.289,0.653,0.148,.298,5,45,32,0,3,17,153,64,0,85,6,31,1,0,0,0,3,5,59,11,0,10,16,5,9,0,0,0,9,0,0,2,0,0,36,0,0,0,0,0,1,0,0,6,3,0,0,160,0,251,36,411,,1,0,0,0,.196,.331,.290,.270,.272,.136,.370,.334,.322,.290,.020,.033,.020,71.6,22.6,5.1,3.9,22.9,17.4,7.1,0,9.1,-6.9,43.1,36.4,84,21.9,44.1,5,8.5,5.1,20.3,39,20.3,6.8,20.7,94.753513,91.477349492,67.2,13.9,22.6,48.9,51.1,22,45,49.4,199,75,6,76,226,101,411,86.1,19,137,50.6,204,45.7,184,23,45.5,47.5,27.1,25.4,59,59.8,32.2,19,25.4,15,27.1,16,15.3,9,28.3
"Happ, Ian",664023,2026,31,546,636,119,64,28,3,24,189,81,29.7,12.7,.218,.412,.326,0.738,0.194,.284,68,279,225,1,4,151,997,465,0,470,33,156,11,0,1,7,33,33,359,52,1,79,116,22,22,0,4,0,7,0,1,5,1,1,311,1,0,0,1,0,0,0,0,89,4,0,0,1074,2,1655,311,2729,,0,4,0,0,.208,.390,.325,.313,.313,.183,.409,.387,.332,.317,.010,.022,.012,71.8,17.9,13.8,9.8,29.2,20.7,6.9,8,11.1,-5.2,46.1,34.2,89.3,14.2,31.8,40,11.1,8.9,17,27.6,31.8,3.6,42.2,100.488835922,94.517880196,65,21.9,23.9,51.3,48.7,174,339,52.1,1420,72.5,6.1,631,1407,676,2729,78.1,186,849,47.9,1306,40.2,1096,30.3,43.6,45.7,36.2,18.1,359,57.3,41.5,149,31.2,112,20.9,75,6.4,23,28.0
"Rivero, Sebastián",665861,2026,27,52,56,13,11,2,0,0,11,3,19.6,5.4,.250,.288,.291,0.579,0.038,.317,8,22,15,0,0,13,61,28,0,59,6,24,1,0,0,0,3,2,42,8,0,7,14,1,7,0,0,0,8,0,0,0,1,0,27,0,0,0,0,0,0,0,0,5,0,0,0,68,1,164,27,232,,0,0,0,0,.261,.304,.262,.272,.301,.044,.300,.314,.317,.331,-0.011,-0.016,-0.010,70,10.1,5.5,4.2,20.9,16,7.4,4,7.7,-2.5,44.6,33.7,82,19.2,26.2,0,0,4.8,33.3,31,21.4,9.5,14.3,93.130049048,91.015841951,74.3,18.5,44.7,36.4,63.6,20,55,53,123,66.7,6.5,27,126,79,232,81.5,15,81,47,109,41.8,97,25.7,58.6,35.7,42.9,21.4,42,62.5,40.5,17,21.4,9,21.4,9,16.7,7,25.5
"Refsnyder, Rob",608701,2026,35,114,129,16,11,1,0,4,37,8,28.7,6.2,.140,.254,.211,0.465,0.114,.158,11,58,29,0,0,25,178,96,0,82,8,53,2,0,0,3,4,3,81,9,0,21,28,4,11,0,1,0,16,0,0,29,1,3,55,0,0,0,0,0,0,0,0,9,0,0,0,192,4,327,55,519,,0,0,0,0,.170,.316,.207,.255,.241,.146,.241,.316,.200,.257,-0.030,-0.062,-0.048,71.9,19.1,13.2,9.8,27.8,20.6,7.6,7,12.3,2.4,59.2,34.3,86.6,19.5,24.7,7,8.6,3.7,16,35.8,29.6,4.9,34.6,98.02099925,93.073923671,64.8,19.1,25.7,52.2,47.8,36,69,51.8,269,81.1,7.1,80,297,142,519,80.9,31,162,48.2,250,41.4,215,29,44.5,50.6,22.2,27.2,81,63.3,39.5,32,29.6,24,17.3,14,13.6,11,27.0
"Suárez, Eugenio",553993,2026,34,434,498,92,48,18,0,26,169,52,33.9,10.4,.212,.433,.307,0.740,0.221,.273,74,221,188,1,1,111,700,352,0,352,24,125,6,0,1,9,17,36,268,39,0,51,73,22,27,0,1,0,2,0,0,74,0,3,279,1,0,0,1,0,0,0,0,50,1,0,0,746,3,1288,279,2034,,0,2,0,0,.201,.379,.324,.303,.299,.178,.443,.406,.343,.332,.011,.054,.021,72.3,22.9,11.3,7.8,25.4,17.5,7.8,40,18,-4.5,50.2,39.1,88.5,21.2,37.3,33,12.5,6.7,22.4,31,23.1,2.6,36.2,99.429068636,93.792559886,65.9,20.7,28.5,60.4,39.6,186,308,53.1,1081,75.5,7,226,1191,617,2034,79.3,130,628,46.9,953,40.6,825,33.8,46,47,32.8,20.1,268,66.4,33.6,90,32.5,87,23.5,63,10.4,28,26.2
"Tromp, Chadwick",644433,2026,31,49,51,8,7,1,0,0,13,0,25.5,0,.163,.184,.160,0.344,0.021,.216,4,28,9,0,0,15,43,32,0,37,1,21,3,0,0,0,3,1,38,4,0,8,15,4,3,0,0,0,7,0,0,0,1,1,23,0,0,0,0,0,0,0,0,2,0,0,0,47,2,135,23,182,,0,0,1,0,.174,.217,.150,.170,.173,.043,.202,.231,.216,.236,-0.011,-0.033,-0.020,70.4,9.4,3.1,2.4,26.6,20,8.2,2,12.1,-10,56,27.9,85.5,12.9,26.3,0,0,5.3,21.1,28.9,39.5,2.6,26.3,95.351341111,91.695006667,67.4,12.9,45.6,41.5,58.5,17,41,49.5,90,63.6,6,13,105,64,182,87.1,8,62,50.5,92,39.6,72,24.3,56.6,34.2,34.2,31.6,38,76.5,47.4,18,23.7,9,21.1,8,7.9,3,24.4
"Murray, Tanner",695020,2026,26,28,33,6,5,0,0,1,7,2,21.2,6.1,.214,.321,.281,0.602,0.107,.238,3,10,9,0,0,8,32,17,0,10,0,13,0,0,0,1,5,1,23,0,0,6,6,1,4,0,1,0,7,1,0,0,1,1,16,0,0,0,0,0,0,0,0,2,0,0,0,36,2,67,16,103,,0,2,0,0,.191,.390,.256,.275,.241,.200,.295,.323,.273,.249,.023,-0.069,-0.019,73.8,38.1,20,14.3,43.3,31,7.6,1,11.9,-6.6,64.3,25.7,90.7,25.6,26.1,2,8.7,13,17.4,26.1,26.1,8.7,43.5,100.076803636,94.571662381,68.1,21.9,32.1,50,50,9,18,54.4,56,50,1.9,16,67,20,103,78.1,7,32,45.6,47,38.8,40,32,48.5,39.1,34.8,26.1,23,66.7,47.8,11,30.4,7,4.3,1,17.4,4,26.9
"Tawa, Tim",694374,2026,27,313,351,75,50,13,1,11,84,27,23.9,7.7,.240,.393,.297,0.690,0.153,.288,42,142,123,4,8,72,469,217,0,242,16,104,8,0,2,0,25,17,240,33,0,46,79,23,17,0,0,0,5,4,0,5,7,4,170,4,0,0,0,0,4,0,0,41,8,0,0,497,11,902,170,1399,,4,3,0,0,.247,.418,.302,.315,.305,.171,.365,.385,.322,.334,-0.007,-0.025,-0.013,74,37.1,17.2,12.6,31.6,23.1,7.2,15,10.3,-6.7,58.6,30.1,90.5,12.8,35.4,25,10.5,6.7,23.3,22.9,29.6,5.8,43.8,100.77373087,94.791945895,69,19.5,31.4,44.4,55.6,104,234,53.3,745,73.3,6.4,150,771,478,1399,80.5,88,451,46.7,654,42.9,600,28,49,36.7,44.2,19.2,240,62.1,43.3,104,26.3,63,23.3,56,7.1,17,27.6
"Sheets, Gavin",657757,2026,30,363,419,77,44,16,0,17,85,49,20.3,11.7,.212,.397,.313,0.710,0.185,.228,48,147,144,0,4,83,625,355,0,339,18,125,12,0,0,5,20,19,280,37,1,48,105,20,30,0,0,0,20,0,0,32,0,2,136,0,0,0,0,0,0,0,0,47,4,0,0,672,2,1139,136,1811,,0,0,1,0,.229,.381,.315,.316,.327,.152,.336,.337,.275,.297,-0.017,.016,-0.001,74.5,47.1,11.6,9.4,24.7,20.2,7.7,20,8.2,-6.7,51.5,28.3,87.4,13.8,31.1,20,7.1,4.3,23.2,28.9,32.1,4.3,38.2,98.872982,93.475375964,58,11.7,31,35.2,64.8,108,307,54.6,989,63.7,5.6,339,939,530,1811,88.3,56,477,45.4,822,43,778,20.9,43.3,37.9,33.6,28.6,280,53.5,44.6,125,23.9,67,20.4,57,11.1,31,26.6
"Soler, Jorge",624585,2026,34,316,361,64,35,16,1,12,118,35,32.7,9.7,.203,.373,.291,0.664,0.170,.274,49,159,118,0,0,90,502,218,0,232,18,86,10,0,0,6,13,15,202,36,0,40,67,18,12,0,0,0,2,0,0,76,0,4,224,0,0,0,0,0,0,0,0,36,0,0,0,550,4,906,224,1456,,0,3,0,0,.206,.362,.295,.294,.296,.156,.384,.383,.317,.326,-0.003,.011,.001,74.9,51.2,15.1,9.9,25.7,16.8,7.9,7,11.8,-7.7,53,34.2,88.5,14.5,35.1,22,10.9,6.4,23.3,25.2,29.7,4.5,42.6,101.551384059,94.859988762,69.1,25.1,27.4,64.1,35.9,134,209,52.4,763,77.1,6.6,181,752,522,1456,74.9,120,479,47.6,693,40.2,586,36.9,47.3,52,30.2,17.8,202,63.4,39.6,80,27.2,55,27.2,55,5.9,12,26.0
"Kirk, Alejandro",672386,2026,27,277,313,77,59,8,0,10,38,33,12.1,10.5,.278,.415,.351,0.766,0.137,.289,43,104,115,0,1,71,416,247,0,201,13,79,11,0,0,0,27,11,242,39,0,34,96,21,14,0,5,0,0,0,0,3,0,3,67,0,0,0,0,0,0,0,0,26,1,0,0,435,3,773,67,1208,,0,1,0,0,.263,.368,.333,.308,.326,.104,.343,.313,.318,.302,.015,.047,.025,71.6,15.6,16.4,14.1,36.7,31.6,7.1,10,5.6,6.9,51.3,22.6,88,7.9,32.6,9,3.7,5,26.4,21.1,38,5.4,38.8,99.504610744,93.893597884,58.3,9.7,29.1,27.7,72.3,49,177,50.4,609,67.3,8.6,97,760,345,1208,90.3,34,349,49.6,599,43.1,521,15.8,43.5,24,42.1,33.9,242,62.3,50.8,123,18.6,45,24.8,60,5.8,14,23.9
"Maile, Luke",571912,2026,35,44,48,7,4,2,0,1,14,4,29.2,8.3,.159,.273,.229,0.502,0.114,.207,5,30,12,0,0,14,55,41,0,24,3,18,2,0,0,0,2,2,30,3,0,8,9,2,4,0,0,0,4,0,0,0,0,0,15,0,0,0,0,0,0,0,0,2,0,0,0,60,0,117,15,177,,0,0,0,0,.137,.209,.228,.195,.209,.073,.271,.218,.233,.201,.022,.064,.033,69.8,3,10,7.5,30,22.4,6.7,2,12,-3.5,53.7,31.6,83.4,19.9,23.3,1,3.3,3.3,16.7,46.7,23.3,6.7,26.7,96.241328667,92.187807333,56.5,14.6,30.4,46.4,53.6,13,28,52,92,42.9,7.9,8,109,55,177,85.4,7,48,48,85,38.4,68,26.3,42.9,43.3,30,26.7,30,70.8,36.7,11,33.3,10,16.7,5,13.3,4,24.7
"Serna, Jared",691858,2026,24,28,32,6,3,3,0,0,8,3,25,9.4,.214,.321,.281,0.602,0.107,.286,4,14,9,0,0,8,41,15,0,25,0,17,2,0,0,0,3,0,21,3,0,4,6,1,3,0,0,0,4,0,0,0,0,1,16,0,0,0,0,0,1,0,0,3,0,0,0,42,1,77,16,119,,1,0,0,0,.170,.224,.267,.230,.256,.054,.307,.251,.286,.247,.044,.097,.037,71.3,12.3,4.7,3.5,27.9,21.1,7.2,1,10.2,4.1,78.9,21.1,87.8,15,28.6,1,4.8,4.8,19,33.3,33.3,4.8,38.1,97.341674545,92.893258095,74.1,16.3,31.1,47.4,52.6,9,19,51.3,61,70,8.4,21,85,13,119,83.7,7,43,48.7,58,47.9,57,25.8,52.1,33.3,47.6,19,21,68.8,42.9,9,19,4,23.8,5,14.3,3,28.7
"Serven, Brian",661531,2026,31,80,85,14,8,1,0,5,21,4,24.7,4.7,.175,.375,.224,0.599,0.200,.167,14,37,30,0,0,26,97,60,0,49,3,29,2,0,0,1,3,7,59,4,0,11,24,9,1,0,0,0,2,0,0,2,0,0,45,0,0,0,0,0,0,0,0,8,0,0,0,101,0,221,45,322,,0,0,0,0,.220,.371,.261,.278,.266,.151,.316,.341,.237,.298,-0.045,.004,-0.017,70.9,7,15.4,11.3,38.5,28.2,7.4,4,11.9,1.3,58.5,31.9,87.5,10.3,35.6,5,8.5,5.1,20.3,25.4,35.6,5.1,30.5,98.142667667,93.187857119,67.1,24.1,31.6,44.9,55.1,22,49,48.1,155,72.7,6.8,44,195,83,322,75.9,27,112,51.9,167,44.7,144,30.4,50,39,45.8,15.3,59,64.7,45.8,27,30.5,18,22,13,1.7,1,26.0
"McMahon, Ryan",641857,2026,31,328,360,70,45,14,0,11,106,28,29.4,7.8,.213,.357,.279,0.636,0.144,.278,41,143,117,2,3,86,494,279,0,243,20,124,7,0,3,2,18,18,224,34,0,52,74,18,10,0,0,0,16,1,2,0,1,1,176,2,0,0,0,0,0,0,0,33,1,2,0,531,2,954,176,1485,,0,2,1,0,.230,.381,.282,.297,.294,.152,.360,.384,.314,.339,-0.017,-0.024,-0.015,74.7,49,17.8,13,30.5,22.4,7.4,19,11.1,0,50.2,36.6,90.5,14.3,32.1,20,9,8.5,25.9,25.9,26.3,3.6,44.8,101.386570182,95.088092055,62.9,17.7,28.2,57.3,42.7,121,211,50.4,747,75.7,7.2,188,818,469,1485,82.3,82,462,49.6,735,42.4,629,30.2,45.5,41.5,33.5,25,224,61.4,41.1,92,31.3,70,23.2,52,4.5,10,25.9
"Farmer, Kyle",571657,2026,35,18,19,4,3,1,0,0,5,0,26.3,0,.222,.278,.211,0.489,0.056,.286,3,9,5,0,0,5,13,13,0,12,1,14,0,0,0,0,1,0,14,3,0,2,6,1,1,0,0,0,2,1,0,4,0,1,9,0,0,0,0,0,0,0,0,2,0,0,0,13,1,50,9,63,,0,0,0,0,.244,.317,.207,.235,.234,.073,.281,.319,.286,.317,-0.022,-0.039,-0.028,66.4,0,4.3,3,34.8,24.2,6.8,0,10.4,-2.5,30.3,31.8,81.2,6.1,35.7,1,7.1,0,28.6,14.3,50,0,28.6,93.809261429,91.056805,63.6,28.6,53.3,31.3,68.8,5,16,47.6,30,55.6,14.3,11,35,12,63,71.4,6,21,52.4,33,47.6,30,29.7,58.7,42.9,28.6,28.6,14,94.7,50,7,14.3,2,28.6,4,7.1,1,24.8
"Clase, Jonatan",682729,2026,24,22,25,6,4,0,0,2,8,3,32,12,.273,.545,.360,0.905,0.272,.333,6,6,12,0,0,5,43,19,0,18,3,9,0,0,0,0,3,2,14,1,0,3,5,0,0,0,0,0,2,0,0,0,0,0,12,0,0,0,0,0,0,0,0,4,0,0,0,46,0,68,12,114,,0,0,0,0,.171,.267,.390,.247,.271,.096,.547,.292,.429,.269,.102,.278,.143,67.9,14.3,13.8,9.5,34.5,23.8,6.6,4,4.4,2,53.5,38.1,86.8,11.3,21.4,0,0,14.3,21.4,21.4,35.7,7.1,35.7,96.624655714,92.412265,61.1,15.2,26.7,62.5,37.5,10,16,52.6,60,20,4.4,19,71,24,114,84.8,5,33,47.4,54,50.9,58,30.6,43,71.4,21.4,7.1,14,48,57.1,8,35.7,5,7.1,1,0,0,28.2
"Murphy, Sean",669221,2026,31,110,121,20,13,4,0,3,37,11,30.6,9.1,.182,.300,.256,0.556,0.118,.243,10,49,33,0,0,28,146,72,0,81,2,33,1,0,0,0,7,5,73,8,0,12,34,4,3,0,0,0,4,0,0,1,0,0,67,0,0,0,0,0,0,0,0,11,0,0,0,153,0,298,67,451,,0,4,0,0,.206,.332,.252,.273,.278,.127,.312,.347,.274,.310,-0.024,-0.032,-0.021,72.5,29.1,19,13.8,31.7,23,7.9,12,12.7,-4,51.5,29.7,87.8,5.6,26,6,8.2,2.7,26,19.2,37,6.8,41.1,100.957310811,94.726213288,67,19.2,34.3,55,45,44,80,51.7,233,73.3,6.7,48,273,126,451,80.8,28,146,48.3,218,40.4,182,31.9,50.1,49.3,39.7,11,73,64.5,56.2,41,23.3,17,16.4,12,4.1,3,25.7
"Ward, Ryan",669899,2026,28,55,60,12,5,4,0,3,17,5,28.3,8.3,.218,.455,.283,0.738,0.237,.257,12,33,25,0,0,20,78,31,0,59,9,20,2,0,0,0,2,3,38,7,0,7,13,3,3,0,0,0,7,0,0,1,0,0,26,0,0,0,0,0,0,0,0,8,0,0,0,87,0,165,26,252,,0,0,0,0,.239,.424,.319,.316,.303,.185,.412,.410,.316,.348,-0.021,.031,.003,71.6,10.9,11.9,8.4,26.2,18.5,7.6,0,8.9,2.1,61.2,27.9,88.5,19.3,36.8,4,10.8,2.6,21.1,34.2,26.3,2.6,28.9,99.059412105,93.695693243,77.1,23.1,32.1,37.2,62.8,16,43,53.2,134,75,6.3,34,153,63,252,76.9,21,91,46.8,118,39.3,99,27.6,53.2,55.3,21.1,23.7,38,66.7,39.5,15,26.3,10,26.3,10,7.9,3,26.7
"Hoskins, Rhys",656555,2026,33,263,317,47,21,13,0,13,100,47,31.5,14.8,.179,.376,.306,0.682,0.197,.221,38,131,99,0,1,71,514,224,0,214,15,95,4,0,0,3,8,15,167,24,0,39,36,12,32,0,0,0,18,0,0,25,0,4,159,0,0,0,0,0,0,0,0,33,1,0,0,548,4,788,159,1336,,0,1,0,0,.174,.348,.305,.297,.304,.174,.370,.353,.281,.278,.005,.028,.008,71.9,17,12.2,8.7,30.4,21.7,8.2,15,16.9,-6.5,55.2,33.5,89.4,26.6,34.1,21,12.6,9,16.2,39.5,19.2,3.6,41.3,99.856401548,94.354466347,64.1,25.9,22.2,49.7,50.3,77,155,52.2,698,77.1,6.2,143,770,423,1336,74.1,106,409,47.8,638,41.5,554,32.4,42.2,54.5,23.4,22.2,167,56.8,26.3,44,32.3,54,22.2,37,19.2,32,24.8
"Waldschmidt, Ryan",814439,2026,23,250,284,64,44,15,2,3,85,22,29.9,7.7,.256,.368,.325,0.693,0.112,.370,22,120,92,2,7,61,387,219,1,157,13,82,5,0,1,5,16,13,171,35,0,34,45,20,7,0,0,0,4,0,0,2,3,3,136,2,0,0,2,0,3,0,0,30,6,1,0,410,6,705,136,1115,,3,1,2,1,.236,.356,.309,.297,.310,.120,.401,.382,.381,.356,.020,.012,.012,72.4,21.8,11.3,7.7,29.9,20.4,7,7,10.5,-10.3,42.4,35.9,86.6,15.8,45.6,11,6.5,5.3,29.2,28.7,26.3,3.5,29.8,97.453410241,92.72670512,62.2,19.3,25,62.6,37.4,87,139,50,557,72.1,7.7,143,578,394,1115,80.7,67,347,50,558,41,457,31.7,43.6,38,37.4,24.6,171,64.8,35.7,61,27.5,47,32.7,56,4.1,7,29.1
"Pasquantino, Vinnie",686469,2026,28,421,481,105,66,20,2,17,76,51,15.8,10.6,.249,.428,.333,0.761,0.179,.264,63,193,180,0,5,120,657,298,0,398,12,114,6,0,2,4,27,22,350,56,0,89,81,32,41,0,3,0,5,0,0,4,0,5,118,0,0,0,1,0,0,0,0,54,5,0,0,720,5,1184,118,1904,,0,2,0,0,.256,.441,.331,.338,.335,.185,.349,.358,.300,.309,-0.007,-0.013,-0.007,70.6,10.8,14.1,12.2,33.8,29.3,7.4,12,11.8,-10.1,58.6,29.5,90,20.6,36.3,33,9.5,6.6,24.3,35.7,21.1,2.6,41.7,99.863712586,94.360170316,66.1,8.3,30.6,27.3,72.7,88,322,55.2,1051,78.5,6.4,277,1041,585,1904,91.7,47,564,44.8,853,40.7,774,15.2,46.5,43.7,36,20.3,350,60.2,30.9,108,31.7,111,25.7,90,11.7,41,25.8
"McCann, James",543510,2026,36,156,166,44,31,6,0,7,42,6,25.3,3.6,.282,.455,.311,0.766,0.173,.343,28,49,71,0,0,38,181,102,0,101,3,51,6,0,1,1,16,9,117,19,0,22,38,9,4,0,0,0,5,0,0,0,2,1,85,0,0,0,0,0,0,0,0,17,0,0,0,195,3,417,85,612,,0,1,0,0,.240,.431,.332,.303,.272,.191,.430,.390,.383,.328,.042,.024,.029,72,23.4,16.3,11.4,38.9,27.1,7,2,10.5,-3.6,45.6,36.5,89.9,11.2,37.6,13,11.1,7.7,22.2,17.9,36.8,4.3,43.6,100.840190351,94.985217544,64.4,14,39.9,53.5,46.5,69,129,52.8,323,72.1,7,96,314,202,612,86,26,186,47.2,289,38.4,235,30.2,51.5,31.6,40.2,28.2,117,65.7,46.2,54,26.5,31,23.9,28,3.4,4,25.2
"Meadows, Parker",678009,2026,26,36,39,9,7,1,1,0,10,2,25.6,5.1,.250,.333,.308,0.641,0.083,.346,2,21,12,0,3,12,61,26,0,33,1,12,0,0,0,1,3,2,26,4,0,4,8,3,2,0,0,0,3,0,0,0,0,0,13,0,0,0,0,0,0,0,0,3,3,0,0,63,0,100,13,163,,0,0,0,0,.212,.277,.288,.250,.273,.065,.350,.293,.346,.294,.038,.056,.038,70.1,1.5,3.8,3,30.2,24.2,7.2,0,6.5,-2.6,44.8,30,85.3,13.3,30.8,1,3.8,3.8,26.9,26.9,38.5,0,19.2,94.482146154,91.241073077,64.9,12,27.9,37.5,62.5,9,24,52.8,86,57.1,8.6,44,87,32,163,88,6,50,47.2,77,42.3,69,20.3,45.4,30.8,46.2,23.1,26,59,42.3,11,23.1,6,26.9,7,7.7,2,28.3
"Beck, Jordan",687597,2026,25,165,180,33,22,8,2,1,57,14,31.7,7.8,.200,.291,.261,0.552,0.091,.296,11,89,48,1,2,43,217,107,0,144,11,63,5,0,0,0,12,4,109,17,0,27,31,9,9,0,0,0,16,0,0,0,0,1,102,1,0,0,2,0,0,1,0,17,2,0,0,231,1,478,102,709,,1,1,0,0,.212,.293,.248,.253,.269,.081,.320,.332,.303,.323,-0.012,-0.002,-0.005,73.9,38,12,8.2,23.6,16.1,7.9,4,13.2,-7.5,53.5,32.2,87.1,18.5,30.3,4,3.7,3.7,28.4,33,22.9,7.3,32.1,98.401569808,93.278827596,68.8,20.7,38,48.6,51.4,70,144,53.5,379,81,5.9,102,356,249,709,79.3,47,227,46.5,330,41.6,295,31.5,52.3,41.3,31.2,27.5,109,65.6,39.4,43,28.4,31,23.9,26,8.3,9,28.0
"Johnson, Daniel",669288,2026,30,14,17,2,2,0,0,0,3,2,17.6,11.8,.143,.143,.294,0.437,0.000,.182,0,7,2,0,0,2,20,8,0,7,0,8,1,0,0,1,1,0,11,1,0,1,5,1,2,0,0,0,1,0,0,0,0,0,4,0,0,0,2,0,0,0,0,1,0,0,0,22,0,31,4,53,,0,0,0,0,.280,.320,.230,.341,.407,.040,.162,.334,.182,.357,-0.137,-0.177,-0.111,73.5,30,12.5,10,43.8,35,7.4,0,10.5,-2.8,55,29.4,92.7,21.8,18.2,0,0,0,45.5,36.4,9.1,9.1,45.5,100.655092,95.154549,66.7,7.1,28.1,44.4,55.6,4,9,60.4,32,75,15.1,4,38,11,53,92.9,1,14,39.6,21,39.6,21,21.7,43.4,45.5,36.4,18.2,11,58.8,54.5,6,9.1,1,18.2,2,18.2,2,
"Ramírez, Pedro",699393,2026,22,241,266,63,43,12,2,6,49,20,18.4,7.5,.261,.402,.321,0.723,0.141,.303,32,105,97,1,9,69,317,156,0,200,7,80,4,0,3,2,28,8,195,26,1,37,60,18,16,0,2,0,2,0,0,12,1,2,82,1,0,0,1,0,0,0,0,36,9,0,0,339,3,655,82,994,,0,2,0,0,.242,.342,.315,.284,.298,.100,.355,.313,.325,.301,.019,.060,.031,72.1,22.3,15.8,12.9,31.9,26,7.5,10,4.9,-6.2,44,24.6,89,12.6,29.7,8,4.1,4.6,26.2,30.3,32.8,2.1,39,99.586362371,93.950119948,68.7,11.2,33,37.6,62.4,64,170,51.8,515,76.9,6.5,206,501,269,994,88.8,37,329,48.2,479,41.5,413,20.2,50.2,41,35.4,23.6,195,60,45.1,88,23.1,45,23.1,45,8.7,17,28.4
"Correa, Carlos",621043,2026,31,122,141,34,23,8,0,3,26,18,18.4,12.8,.279,.418,.369,0.787,0.139,.330,16,66,51,0,1,39,211,99,0,105,5,32,5,0,1,0,10,5,97,18,1,11,36,13,3,0,1,0,2,0,0,0,0,1,55,0,0,0,0,0,0,0,0,22,1,0,0,221,1,361,55,582,,0,1,0,0,.289,.459,.347,.364,.373,.170,.378,.403,.351,.364,-0.010,-0.041,-0.017,73.4,38.8,16.7,12.9,28.3,22,7.2,1,7.2,-1.1,39.7,35.5,89.2,7.2,36.1,10,10.3,5.2,27.8,18.6,36.1,2.1,41.2,101.668709184,94.924922887,61.2,15.7,32,34,66,35,103,55.3,322,61.4,7.6,56,333,193,582,84.3,25,159,44.7,260,40,233,22.9,45,40.2,29.9,29.9,97,57.1,47.4,46,16.5,16,32,31,4.1,4,27.2
"Jung, Josh",673962,2026,28,398,444,119,79,27,1,12,80,35,18,7.9,.299,.462,.365,0.827,0.163,.346,42,154,184,1,1,83,521,280,0,307,10,104,18,0,1,8,38,19,321,62,0,55,98,36,11,0,0,0,1,0,0,4,0,3,125,1,0,0,0,0,1,0,0,54,0,1,0,575,3,1051,125,1626,,1,2,0,0,.285,.440,.362,.348,.354,.156,.407,.387,.371,.355,.014,.022,.014,70.5,8.4,15.6,13.1,38.8,32.5,7,15,12.1,0.5,56.4,36.9,90.7,12,41.1,23,7.2,9,31.2,19,30.5,3.1,49.2,100.183736149,94.6575581,67.1,9.4,29.3,37.9,62.1,94,248,52.1,847,72.7,7.9,162,927,537,1626,90.6,49,523,47.9,779,39.4,640,18.5,47.4,39.3,35.2,25.5,321,63.1,42.4,136,23.1,74,31.2,100,3.4,11,25.7
"Marsh, Brandon",669016,2026,28,524,568,136,96,20,2,18,142,34,25,6,.260,.408,.304,0.712,0.148,.320,62,221,214,3,11,113,667,312,0,432,26,155,6,0,0,2,47,24,390,65,0,82,117,38,15,0,5,0,15,0,0,0,3,5,223,3,0,0,3,0,2,0,0,71,11,0,0,702,8,1414,223,2116,,2,1,0,0,.251,.401,.308,.301,.291,.151,.390,.379,.351,.341,.009,.007,.007,71.6,16.3,14.5,11.2,32.8,25.3,7.3,4,9.8,-1.1,43.1,37.4,89.2,13.1,40.8,31,8,8.7,25.9,22.8,29.7,4.6,42.6,99.77357526,94.128250573,69.2,12.8,36.3,46,54,184,400,52.1,1102,84.9,7.2,322,1125,667,2116,87.2,90,702,47.9,1014,42.4,898,24.9,52.1,38.5,34.6,26.9,390,58.8,42.1,164,27.2,106,26.7,104,4.1,16,28.1
"Espinal, Santiago",669289,2026,31,56,60,15,11,3,0,1,8,1,13.3,1.7,.268,.375,.276,0.651,0.107,.292,7,27,21,0,0,20,66,43,0,40,4,36,5,0,0,0,3,2,51,10,0,9,19,6,2,0,0,0,6,5,0,2,2,1,15,0,0,0,0,0,0,0,0,5,0,0,0,69,3,155,15,224,,0,0,0,0,.285,.374,.281,.290,.294,.089,.319,.329,.306,.328,-0.017,.001,-0.009,68.3,3.2,9.8,8.5,37.8,33,7.8,4,9.8,-1.3,63.5,34.6,86.2,14.2,45.1,1,2,3.9,31.4,21.6,33.3,7.8,31.4,96.563089583,92.284365833,65.5,14.9,34.2,26.3,73.7,10,38,49.6,111,68.4,8.5,35,118,65,224,85.1,11,74,50.4,113,39.3,88,18.8,50,33.3,45.1,21.6,51,66.7,43.1,22,21.6,11,31.4,16,3.9,2,26.4
"Keaschall, Luke",807712,2026,23,528,620,149,107,28,4,10,87,59,14,9.5,.282,.407,.374,0.781,0.125,.317,52,209,215,7,20,117,818,421,0,364,13,152,9,0,3,23,53,20,451,73,3,114,114,35,36,0,1,0,3,0,0,0,2,8,145,5,1,1,1,0,3,0,0,86,17,3,0,906,10,1407,145,2313,,3,7,0,0,.250,.368,.348,.321,.347,.118,.351,.314,.332,.296,.032,.039,.027,69.2,9.4,8,6.9,32.9,28,6.7,32,10.5,-4.4,49.9,37.4,85.4,17.9,35,17,3.8,5.5,23.5,35.3,23.3,8.2,29.1,96.573873378,92.291221351,63.6,10,22.6,35.4,64.6,95,268,51.2,1184,72.7,7.6,269,1316,720,2313,90,72,717,48.8,1128,40.8,943,16.9,42.6,39,32.6,28.4,451,58.3,37,167,29.7,134,24.4,110,8.9,40,28.8
"Busch, Michael",683737,2026,28,600,710,145,96,27,2,20,165,92,23.2,13,.242,.393,.352,0.745,0.151,.298,77,289,236,2,3,160,1009,466,0,474,22,160,11,0,2,13,38,38,440,68,1,113,137,25,19,0,3,0,6,0,0,0,0,5,285,2,0,0,1,0,0,0,0,78,2,0,1,1117,5,1697,285,2814,,0,3,2,0,.233,.402,.333,.331,.342,.169,.372,.369,.330,.318,.009,-0.009,.002,68.7,5.4,13.7,10.3,38,28.7,7,25,15.2,-3,49.6,34.1,88.4,15.6,34.3,40,9.1,7.3,24.3,28,26.8,4.3,39.8,98.887664018,93.612834247,64.5,16,25,48.2,51.8,178,369,52.5,1475,76.1,7.1,448,1437,914,2814,84,138,862,47.5,1337,43.2,1216,25.7,43.7,39.5,34.3,26.1,440,62.3,39.8,175,34.3,151,21.4,94,4.5,20,26.0
"Narváez, Carlos",665966,2026,27,248,285,40,30,7,0,3,90,19,31.6,6.7,.161,.226,.241,0.467,0.065,.234,10,123,56,0,2,54,350,179,0,221,11,95,7,0,0,8,11,8,168,21,0,43,55,13,15,0,0,1,19,1,0,1,7,3,179,0,0,0,0,0,0,0,0,22,1,1,0,377,10,766,179,1143,,0,3,0,0,.191,.303,.219,.260,.269,.112,.259,.331,.248,.297,-0.030,-0.077,-0.041,72.1,20.1,10.1,7,30.1,20.7,7.5,17,11.4,1.5,50.7,31.4,90.6,18.3,35.1,11,6.6,7.7,19.6,31.5,25,8.9,36.9,99.444669241,94.185727389,70.5,23.6,32.3,54.1,45.9,100,185,50.1,573,73.4,6.9,90,729,324,1143,76.4,95,402,49.9,570,42.3,483,33.2,51.4,31.5,38.7,29.8,168,63.5,39.3,66,30.4,51,21.4,36,8.9,15,25.3
"Ward, Taylor",621493,2026,32,498,607,112,84,20,1,7,130,99,21.4,16.3,.225,.311,.359,0.670,0.086,.288,37,182,155,4,4,94,1008,595,0,326,17,143,9,0,1,7,27,17,371,66,2,82,117,34,26,0,2,0,3,0,0,33,0,3,144,4,0,0,2,0,1,0,0,71,4,0,0,1059,3,1461,144,2520,,1,3,0,0,.241,.360,.312,.334,.371,.120,.312,.348,.302,.324,-0.016,-0.049,-0.022,68.5,3,12.8,10.6,40.6,33.4,6.9,17,6.5,-0.2,47.2,31.2,88.7,14.8,35.3,19,5.1,6.5,26.7,29.4,28.3,3.5,38.3,98.776249027,93.58431897,54.1,13,14.9,42.9,57.1,81,189,50.3,1268,63.1,7.9,230,1509,781,2520,87,88,677,49.7,1252,43.1,1087,19.5,34.4,32.9,40.2,27,371,56.9,38.8,144,26.7,99,27,100,7.5,28,27.5
"Contreras, Willson",575929,2026,34,448,535,123,72,21,3,27,135,59,25.2,11,.275,.516,.386,0.902,0.241,.332,81,190,231,3,3,115,695,295,0,380,15,130,9,0,2,24,34,35,317,52,2,55,87,19,33,0,2,0,2,0,0,2,1,3,276,3,0,0,0,0,0,0,0,68,3,0,0,765,4,1307,276,2072,,0,5,0,0,.256,.484,.391,.376,.370,.229,.477,.452,.389,.367,.019,.032,.015,77,71.2,16,11.4,25.7,18.3,7.9,24,11.3,-7.7,49.8,34.1,89.8,17.9,32.2,42,13.3,6,22.7,26.5,25.2,5.7,44.2,102.440550191,95.492075032,67.6,17.9,34.2,50.9,49.1,202,397,56.1,1162,70,5.8,307,1143,620,2072,82.1,110,615,43.9,910,40.3,834,30.8,48.8,49.8,31.2,18.9,317,61.4,38.2,121,28.4,90,22.4,71,11,35,27.3
"Taveras, Leody",665750,2026,27,429,482,94,62,18,6,8,124,41,25.7,8.5,.219,.345,.288,0.633,0.126,.288,56,173,148,4,11,101,636,296,0,344,25,139,8,0,1,1,38,14,316,42,0,67,97,30,26,0,0,0,3,2,0,0,9,2,181,4,0,0,0,0,0,0,0,58,10,1,0,673,11,1209,181,1882,,0,3,0,0,.214,.320,.282,.273,.286,.106,.338,.325,.306,.303,.005,.025,.009,73,29.2,11.1,8.5,27.3,20.7,7.4,9,6.6,-3.9,39.6,32.7,88,16.1,28.8,13,4.1,6,21.2,29.1,29.4,9.5,32.6,98.966147671,93.538008356,67.5,14,32,43.2,56.8,139,322,53.5,1006,82.9,7.4,375,1016,491,1882,86,83,591,46.5,876,42.2,795,24.3,48.5,36.7,38.6,24.7,316,65.6,42.7,135,25.6,81,23.4,74,8.2,26,28.9
"Langford, Wyatt",694671,2026,24,411,471,98,59,20,2,17,107,55,22.7,11.7,.238,.421,.333,0.754,0.183,.281,44,154,173,4,15,80,669,299,0,348,24,110,8,0,1,4,26,24,305,47,1,69,75,23,38,0,1,0,2,0,0,9,0,1,191,3,1,0,2,0,1,0,0,64,14,1,0,708,1,1174,191,1882,,1,2,1,0,.231,.387,.333,.319,.327,.156,.380,.358,.321,.314,.007,.034,.014,72.8,27.2,12.7,9.6,30.4,22.9,6.9,12,13.7,-7.2,53,30.9,88.6,20.3,32.5,24,7.9,6.9,21.3,34.8,24.6,4.6,36.4,99.42584634,93.857821902,68.3,17.3,26.2,44.7,55.3,114,255,51.8,974,80.2,7,242,1097,543,1882,82.7,107,620,48.2,908,42,790,25.3,46.5,43,34.4,22.6,305,64.9,33.1,101,30.5,93,23.3,71,13.1,40,28.2
"Friedl, TJ",670770,2026,30,239,272,41,30,6,1,4,63,22,23.2,8.1,.172,.255,.255,0.510,0.083,.214,13,90,61,1,5,44,370,185,0,136,7,91,3,0,0,5,15,6,182,20,0,40,65,16,19,0,0,0,15,1,0,0,5,1,99,1,0,0,1,0,0,0,0,20,5,0,0,389,6,621,99,1010,,0,0,0,0,.191,.268,.236,.250,.275,.076,.249,.271,.232,.261,-0.019,-0.013,-0.014,71,11.8,10,7.6,35.2,26.7,6.8,13,9.5,-6,62.8,28.5,87.3,21,26.9,5,2.9,3.8,22.5,31.3,24.2,11,28,96.910295,92.496872453,63,13.1,24.1,54.8,45.2,68,124,51,515,75.6,8.9,199,613,198,1010,86.9,41,312,49,495,43.2,436,25,43.2,39.6,39,21.4,182,62.5,44,80,25.3,46,20.3,37,10.4,19,26.7
"García, Adolis",666969,2026,33,231,259,45,29,8,1,7,84,21,32.4,8.1,.195,.329,.270,0.599,0.134,.266,21,98,76,0,3,42,369,189,0,171,16,67,2,0,0,4,15,8,150,22,0,27,44,19,12,0,0,0,1,0,0,0,0,3,148,0,0,0,0,0,0,0,0,21,3,0,0,402,3,680,148,1082,,0,1,0,0,.220,.362,.268,.294,.296,.142,.346,.390,.300,.345,-0.025,-0.033,-0.026,71.7,25.6,15.1,10.4,35.9,24.7,7.7,9,9.7,-1.9,58.6,29.1,92.1,14.6,38,14,9.3,9.3,26,24.7,29.3,1.3,48,101.568957067,95.459607133,63.5,21.7,29.8,58.4,41.6,101,173,53.7,581,74.1,5.4,139,606,337,1082,78.3,69,318,46.3,501,40.9,443,34.6,45.4,36,40.7,23.3,150,54.8,39.3,59,23.3,35,28.7,43,8.7,13,26.5
"Ford, Harry",695670,2026,23,100,118,19,9,7,0,3,28,17,23.7,14.4,.190,.350,.314,0.664,0.160,.232,10,48,35,0,3,29,205,84,0,92,2,38,2,0,0,1,6,5,72,8,0,17,30,2,4,0,0,0,7,4,1,1,0,0,52,0,0,0,1,0,0,0,0,17,3,0,0,220,0,304,52,524,,0,0,0,0,.192,.332,.302,.296,.315,.140,.319,.309,.264,.266,-0.002,.018,.006,69.2,4.6,10.1,7.7,31.1,23.6,6.5,7,14.2,1.2,51.5,36,84.9,13.5,31.9,7,9.7,6.9,15.3,23.6,34.7,9.7,34.7,98.298077222,93.261197083,66.4,20,18.7,44,56,22,50,51.1,268,85.3,6.5,57,307,158,524,80,34,170,48.9,256,44.8,235,25.5,42,36.1,45.8,18.1,72,52.5,50,36,30.6,22,13.9,10,5.6,4,27.2
"Seigler, Anthony",678011,2026,27,150,173,37,21,12,1,3,28,18,16.2,10.4,.247,.400,.327,0.727,0.153,.281,13,53,60,0,2,28,225,111,0,103,5,49,3,0,1,1,11,6,126,19,0,32,42,8,5,0,0,0,5,1,0,2,2,2,58,0,0,0,0,0,0,0,0,21,0,2,0,239,4,409,58,648,,0,1,0,0,.241,.370,.321,.312,.327,.129,.335,.323,.298,.297,.006,.030,.009,66.9,0.4,9.1,7.2,42.1,33.5,6.8,7,10.8,5.3,58.3,35.4,86.9,15.3,37.3,7,5.6,9.5,25.4,27,29.4,3.2,34.9,96.698935968,92.468069113,66.4,17.1,26.4,35.6,64.4,31,87,50.9,330,87.5,7.4,100,394,144,648,82.9,36,211,49.1,318,42.3,274,22.5,46,34.9,33.3,31.7,126,63.6,42.1,53,30.2,38,23,29,4,5,25.6
"Gasper, Mickey",681508,2026,30,191,225,48,28,9,1,10,39,27,17.3,12,.251,.466,.357,0.823,0.215,.266,24,76,89,1,0,42,342,172,0,117,2,67,3,0,1,5,16,15,154,17,0,33,49,13,10,0,0,0,14,0,0,33,1,1,57,1,0,0,0,0,0,0,0,26,0,0,0,357,2,503,57,860,,0,1,0,0,.249,.444,.361,.353,.357,.196,.381,.370,.314,.313,.002,.022,.008,72,14.2,15,12.5,38.5,32.2,6.6,9,12.7,-7.4,58.4,29,88.9,15.9,31.8,16,10.4,5.2,22.7,27.9,31.2,2.6,37.7,99.00274974,93.70203817,57.8,6.4,21,47.4,52.6,45,95,52.6,452,64.1,7.4,164,433,263,860,93.6,15,236,47.4,408,43.3,372,18.1,38.5,44.2,35.1,20.8,154,56.4,42.2,65,31.2,48,20.1,31,6.5,10,26.7
"Tucker, Kyle",663656,2026,29,540,627,126,82,23,4,17,105,78,16.7,12.4,.233,.385,.330,0.715,0.152,.257,70,258,208,0,12,128,894,306,0,502,26,154,7,0,1,3,29,32,441,65,0,122,132,31,30,0,1,0,3,1,0,0,0,6,212,0,0,0,0,0,0,0,0,90,11,1,0,960,6,1498,212,2458,,0,3,1,0,.256,.393,.318,.331,.350,.137,.325,.343,.286,.315,-0.023,-0.008,-0.013,71.4,19.3,10,8.2,33.1,26.9,7.3,15,10,-6.4,45.3,36.4,88.5,18.1,34.2,28,6.4,5,27,34.2,23.4,3.6,36.3,98.257582237,93.315781621,74.3,14,23.9,40.9,59.1,123,301,51.2,1259,85.4,7,453,1266,734,2458,86,125,891,48.8,1199,41.5,1021,20.8,48.5,42,32.4,25.6,441,59.9,36.5,161,34.9,154,21.8,96,6.8,30,26.6
"Marsee, Jakob",805300,2026,25,516,616,119,82,19,7,11,126,78,20.5,12.7,.231,.359,.348,0.707,0.128,.284,41,211,185,12,23,108,897,463,0,383,18,155,4,0,0,15,36,17,397,63,3,73,111,50,43,0,1,0,5,0,0,2,6,1,145,9,3,0,0,0,3,0,0,83,15,7,1,944,7,1435,145,2379,,3,3,1,0,.233,.334,.321,.314,.349,.101,.334,.323,.304,.309,-0.002,.025,.007,70.2,5.8,10.4,8.8,33.5,28.5,6.7,28,6.9,-5.2,45.6,32.3,87.3,18.1,33.5,15,3.8,6.3,28,30.7,24.9,5.5,34.5,97.82960178,92.989467585,60.1,8.1,22.2,43.9,56.1,118,269,50.9,1210,78.3,7.9,294,1498,580,2379,91.9,57,703,49.1,1169,43.6,1038,18,40.9,40.3,33.8,25.9,397,59.8,37,147,22.7,90,28.7,114,11.6,46,27.9
"Rojas, Josh",668942,2026,32,106,115,24,18,4,0,2,17,5,14.8,4.3,.226,.321,.265,0.586,0.095,.250,14,46,34,0,1,28,136,63,0,75,6,43,0,0,0,1,9,4,92,11,0,28,27,5,8,0,0,0,5,0,0,5,2,1,32,0,0,0,2,0,0,0,0,11,0,0,1,142,3,271,32,413,,0,1,0,0,.189,.261,.260,.220,.230,.073,.280,.229,.267,.223,.037,.060,.040,68.7,3.3,7.2,6,39.5,32.6,7.3,3,10,-5.2,53.8,31.3,86.1,17.6,31.5,1,1.1,5.4,16.3,39.1,29.3,8.7,28.3,95.932095333,92.04715618,70.4,9.7,30.4,41.3,58.7,26,63,50.1,207,92,6.1,90,218,101,413,90.3,14,145,49.9,206,45,186,19.2,50.4,32.6,40.2,27.2,92,63.5,39.1,36,34.8,32,17.4,16,8.7,8,26.2
"Carrigg, Cole",694249,2026,24,333,372,93,55,22,4,12,89,28,23.9,7.5,.279,.477,.341,0.818,0.198,.343,53,150,159,5,11,88,466,172,0,323,14,93,5,0,1,5,30,17,250,45,1,55,64,19,16,0,2,0,2,0,0,0,2,4,156,3,2,0,0,0,1,1,0,50,9,2,0,501,6,942,156,1443,,2,1,0,0,.250,.407,.352,.316,.313,.157,.434,.381,.375,.339,.029,.070,.036,73.2,34.7,12.3,9.5,24.7,19.1,7.5,18,12.2,-2.4,50.5,37.1,88.1,16.5,37.2,16,6.4,11.6,25.2,25.2,25.2,6,37.6,99.173843115,93.743895615,74,14.7,36.3,42.9,57.1,123,287,54.7,790,85,5.5,285,740,409,1443,85.3,71,483,45.3,653,41.4,597,25.2,53.4,48.4,31.2,20.4,250,61.4,37.6,94,28.8,72,26.8,67,6.8,17,28.7
"Castro, Willi",650489,2026,29,427,477,111,75,20,1,15,129,41,27,8.6,.260,.417,.331,0.748,0.157,.336,56,167,178,6,10,95,604,230,0,400,31,120,4,0,1,6,35,30,301,45,1,64,82,24,19,0,0,0,1,0,0,0,0,3,261,4,2,0,1,0,2,0,0,65,8,2,0,652,3,1247,261,1899,,2,1,0,0,.236,.390,.330,.309,.311,.154,.413,.380,.369,.336,.024,.027,.021,72.8,27.8,12.5,8.9,24.9,17.6,7.3,11,9.3,-3.9,46.7,37.3,87.6,17.7,31.9,24,8,7.6,25.2,26.9,25.2,6.3,39.9,100.348595338,94.260288576,73.4,18.9,37.7,49.2,50.8,196,398,55.6,1056,85.4,7.2,409,1029,456,1899,81.1,117,619,44.4,843,42,797,30.8,53.6,44.5,34.2,21.3,301,65,38.9,117,31.2,94,23.3,70,6.6,20,28.1
"Sosa, Edmundo",624641,2026,30,231,250,57,35,11,2,9,54,7,21.6,2.8,.247,.429,.283,0.712,0.182,.281,44,102,99,0,4,65,206,117,2,218,12,84,6,0,0,6,18,11,181,28,0,26,66,17,14,0,0,0,13,1,0,1,1,3,131,0,0,0,0,0,0,0,0,31,3,1,0,231,4,667,131,898,,0,4,0,2,.277,.444,.307,.328,.313,.168,.370,.398,.317,.357,-0.030,-0.015,-0.021,72.5,27.8,14,10.4,28.7,21.2,8.1,1,10.9,-3,58.8,34,87.8,11.1,33.7,13,7.2,7.7,28.2,19.3,31.5,6.1,39.2,99.999948444,94.149401444,71.3,14.3,52.8,42.4,57.6,109,257,54.2,487,70.1,7.5,146,462,290,898,85.7,42,293,45.8,411,41,368,27.5,61.2,41.4,39.2,19.3,181,68.8,46.4,84,20.4,37,25.4,46,7.7,14,28.7
"Solak, Nick",669256,2026,31,7,10,1,1,0,0,0,0,1,0,10,.143,.143,.300,0.443,0.000,.125,1,6,1,0,0,1,6,5,0,3,0,4,0,0,0,1,1,0,8,0,0,2,3,2,0,0,0,0,2,0,0,3,0,1,0,0,0,0,0,0,0,0,0,0,0,0,0,7,1,16,0,23,,0,0,0,0,.260,.502,.232,.373,.385,.242,.111,.288,.125,.231,-0.117,-0.359,-0.141,70.8,20,10,10,50,50,7.3,0,9.7,5.4,50,25.6,90.2,-2.6,37.5,1,12.5,25,0,12.5,50,0,50,98.3236,93.55428,58.3,0,36.4,0,100,0,4,47.8,11,100,4.3,4,14,5,23,100,0,7,52.2,12,52.2,12,0,47.8,12.5,62.5,25,8,70,50,4,25,2,25,2,0,0,
"Baty, Brett",683146,2026,26,420,473,100,66,22,1,11,125,44,26.4,9.3,.238,.374,.311,0.685,0.136,.308,56,166,157,1,5,87,644,287,1,358,21,143,5,0,0,3,31,15,300,54,0,71,89,25,15,0,0,0,25,0,0,11,0,5,246,1,0,0,1,0,0,0,0,53,5,0,0,682,5,1221,246,1903,,0,2,0,1,.243,.412,.304,.321,.317,.169,.369,.395,.333,.342,-0.005,-0.038,-0.017,75.3,56.5,16.1,11.8,28.4,20.8,7.5,23,10.7,2.2,47.9,37.6,90.4,12.9,36.7,31,10.3,10,19.7,26.3,30.3,3.3,42,101.4330448,95.001666187,69.4,19.2,28.8,53.6,46.4,147,274,50,952,76.8,8.6,337,1026,538,1903,80.8,127,660,50,951,42.5,809,29.3,49.1,35,37,28,300,63,40,120,28.7,86,26.3,79,5,15,26.8
"Stott, Bryson",681082,2026,28,536,608,137,85,36,6,10,100,62,16.4,10.2,.256,.401,.334,0.735,0.145,.296,67,243,215,0,27,124,857,564,0,410,26,155,14,0,1,3,42,20,443,75,0,99,145,34,27,0,0,0,3,0,0,0,4,3,156,0,0,0,1,0,0,0,0,71,25,2,0,902,7,1616,156,2518,,0,2,0,0,.267,.402,.326,.330,.345,.135,.344,.351,.312,.327,-0.011,-0.001,-0.004,69.9,7.2,13.2,10.9,37.8,31.4,7.2,16,9.9,-0.6,55.7,31,89.4,14.1,35,26,5.9,6.8,26.4,28.7,28.4,3.6,37.7,98.738688539,93.548267397,54.7,11.6,30,30.6,69.4,121,396,52.3,1318,62,7.9,357,1507,647,2518,88.4,76,656,47.7,1200,41.7,1051,18.7,41.8,36.3,42.2,21.4,443,59.4,42.2,187,26.9,119,24.8,110,6.1,27,28.3
"Rincones Jr., Gabriel",687282,2026,25,84,89,14,8,4,0,2,29,2,32.6,2.2,.167,.286,.202,0.488,0.119,.222,7,35,24,0,0,23,94,46,0,82,3,29,2,0,0,2,6,2,56,6,0,16,19,2,4,0,0,0,6,0,0,0,0,1,54,0,0,0,0,0,0,0,0,7,0,0,0,100,1,244,54,344,,0,1,0,0,.150,.276,.215,.205,.189,.126,.290,.279,.250,.231,.017,.010,.010,76.1,61.2,12.5,9,19.5,14,7.1,4,5.3,-4.2,39.1,27.7,90.1,13.3,23.2,5,9.4,5.4,12.5,32.1,30.4,5.4,35.7,100.53357963,94.544417736,69.3,18.3,46.6,47,53,39,83,51.7,178,76.9,7.6,58,180,106,344,81.7,21,115,48.3,166,42.7,147,30.3,57.6,28.6,41.1,30.4,56,64,44.6,25,32.1,18,16.1,9,7.1,4,27.3
"Caminero, Junior",691406,2026,22,616,702,170,102,25,1,42,129,79,18.4,11.3,.276,.524,.360,0.884,0.248,.286,101,257,323,3,3,143,968,460,0,423,31,162,26,0,1,4,56,41,490,72,1,68,183,26,42,0,14,1,3,0,1,0,0,3,245,2,1,0,0,0,0,0,0,100,3,0,0,1048,3,1663,245,2711,,0,2,2,0,.273,.499,.375,.364,.345,.226,.429,.411,.347,.344,.003,.025,.011,79.5,84.9,23.8,18.5,29.5,23,8.7,17,8.3,-6.2,62.1,24.9,92.7,10.4,27.1,64,13.1,5.5,21.8,21.6,34.3,3.7,49.7,105.207732408,97.122382367,62.9,15.5,30.5,37.5,62.5,176,469,56.9,1537,73,6,411,1348,922,2711,84.5,113,731,43.1,1163,38.7,1044,24.1,44.4,45.1,35.9,19,490,55.1,48.8,239,22.2,109,20.2,99,8.8,43,26.7
"Lewis, Royce",668904,2026,27,463,509,105,65,24,1,15,130,38,25.5,7.5,.227,.380,.287,0.667,0.153,.279,57,226,176,1,16,123,632,295,0,335,23,125,5,0,1,3,26,25,338,53,1,74,84,29,45,0,1,0,3,0,0,0,0,5,285,0,1,0,0,0,2,0,0,51,14,2,0,692,5,1302,285,1994,,2,4,2,0,.238,.397,.292,.306,.298,.159,.356,.377,.311,.330,-0.011,-0.017,-0.014,75.1,54.5,15.3,10.8,28.5,20,8.1,23,11.4,-9.8,72.2,26.3,89.8,20.9,33.4,36,10.7,6.5,24.9,32,23.1,3,40.2,100.584117857,94.480060268,70.2,20.7,33.4,54.8,45.2,195,356,53.5,1067,81.6,6.3,276,1055,661,1994,79.3,135,651,46.5,927,42.8,854,32.8,50.5,46.7,34,19.2,338,63,32.5,110,29.3,99,24.3,82,13.9,47,27.7
"Duran, Ezequiel",677649,2026,27,539,597,140,92,27,4,17,141,46,23.6,7.7,.260,.419,.320,0.739,0.159,.318,83,215,226,4,12,138,734,347,0,477,28,153,7,0,2,5,53,28,405,59,0,65,137,34,28,0,0,0,5,2,0,0,1,6,272,4,0,0,0,0,1,0,0,71,12,0,0,783,7,1559,272,2342,,1,5,2,0,.243,.369,.324,.300,.307,.126,.389,.354,.347,.327,.017,.050,.024,72.6,27.8,12.5,9.4,28.4,21.4,7.2,27,7,2.5,44.1,29,89,12,34.1,24,6,5.9,25.9,24.2,33.6,3.7,38.8,99.527392222,93.948516937,70.1,16.2,35.5,43.6,56.4,192,440,52.9,1240,74.9,8.2,245,1329,766,2342,83.8,125,772,47.1,1102,39.8,933,26.2,51.8,37.5,35.8,26.7,405,67.8,46.9,190,23,93,23.2,94,6.9,28,28.9
"Campusano, Luis",669134,2026,27,215,248,57,37,12,0,8,53,30,21.4,12.1,.265,.433,.363,0.796,0.168,.318,30,104,93,0,0,72,341,162,0,181,8,71,6,0,1,3,15,10,162,32,0,29,46,8,22,0,0,0,10,0,0,13,0,0,107,0,0,0,0,0,0,0,0,24,0,0,0,373,0,628,107,1001,,0,1,2,0,.239,.391,.353,.327,.341,.152,.398,.356,.352,.316,.026,.042,.026,72.9,29.7,11.3,8.8,26.5,20.7,7.9,17,10.7,-6.8,63.3,25.9,87.3,16.3,37.7,13,8.1,5.6,22.8,30.2,27.8,4.9,37.7,98.81458963,93.52656118,66.5,15.2,29.2,47.4,52.6,74,156,53.4,535,83.5,7.9,117,511,369,1001,84.8,47,310,46.6,466,39.4,394,26,46.6,41.4,35.8,22.8,162,64.9,37.7,61,24.1,39,24.7,40,13.6,22,25.6
"Ramírez, José",608070,2026,33,473,544,111,72,27,0,12,69,60,12.7,11,.235,.368,.320,0.688,0.133,.248,53,217,174,4,37,113,771,372,1,435,21,125,6,0,0,3,28,24,411,59,0,87,111,49,48,0,8,0,1,1,0,25,0,7,120,3,0,1,0,0,1,0,1,71,30,7,0,828,7,1371,120,2199,,2,6,0,1,.266,.391,.301,.325,.340,.125,.299,.329,.270,.309,-0.031,-0.023,-0.024,70.2,11.4,13,11,33.1,28.2,7.2,6,9.3,-8.8,58.3,31.1,88.6,19,35.3,17,4.1,6.8,26.8,34.1,24.8,3.4,38.8,99.346632184,93.830361144,65.2,9.3,28.5,27.2,72.8,92,338,53.9,1184,76.4,6.6,466,1111,616,2199,90.7,61,659,46.1,1011,39.5,867,15.3,45.4,49.9,34.3,15.8,411,57.6,33.8,139,27,111,27,111,12.2,50,28.0
"Huff, Sam",669087,2026,28,33,34,4,2,2,0,0,19,1,55.9,2.9,.121,.182,.147,0.329,0.061,.286,1,22,6,0,0,11,30,16,0,25,3,14,0,0,1,0,2,0,14,2,0,4,4,1,1,0,0,0,4,0,0,0,0,0,30,0,0,0,0,0,0,0,0,1,0,0,0,33,0,91,30,124,,0,0,0,0,.099,.184,.147,.137,.126,.084,.307,.283,.286,.234,.022,-0.002,.010,73.6,34.8,16.2,9.1,24.3,13.6,7.8,1,12.9,-8.3,46.3,32,91.2,8.4,28.6,2,14.3,14.3,0,28.6,28.6,14.3,57.1,102.291484286,96.319245714,74.2,34.7,44.8,69.2,30.8,18,26,46.8,58,100,8.1,19,69,35,124,65.3,17,49,53.2,66,42.7,53,46.7,60.5,85.7,14.3,0,14,73.5,42.9,6,28.6,4,21.4,3,7.1,1,24.3
"Valera, George",671655,2026,25,37,38,8,5,3,0,0,8,1,21.1,2.6,.216,.297,.237,0.534,0.081,.276,6,18,11,0,0,12,31,17,0,24,4,13,1,0,0,0,3,0,29,4,1,2,12,3,4,0,0,0,1,0,0,0,0,0,11,0,0,0,0,0,0,0,0,1,0,0,0,34,0,85,11,119,,0,1,0,0,.193,.232,.235,.198,.215,.039,.284,.236,.276,.247,.023,.065,.037,72.2,21.3,12.8,9.8,36.2,27.9,6.8,0,5.5,-7.4,48.4,24.9,90.2,9.6,20.7,0,0,3.4,27.6,27.6,41.4,0,34.5,98.353314,93.687662414,72.6,15.6,40.4,34.8,65.2,8,23,47.9,57,100,4.2,32,50,37,119,84.4,7,45,52.1,62,43.7,52,22.1,57.1,51.7,27.6,20.7,29,60.5,51.7,15,6.9,2,24.1,7,17.2,5,25.5
"Velázquez, Nelson",676369,2026,27,101,113,19,9,4,0,6,38,9,33.6,8,.188,.406,.257,0.663,0.218,.220,18,68,41,0,0,29,144,72,0,70,7,52,0,0,0,1,2,7,65,10,0,17,15,9,4,0,0,0,9,1,0,10,0,2,80,0,0,0,0,0,0,0,0,12,0,0,0,160,2,294,80,454,,0,0,0,0,.232,.486,.286,.339,.302,.254,.390,.482,.292,.372,-0.044,-0.080,-0.053,74.7,52,22,13.6,38.2,23.7,7.4,4,16,-3.4,55.2,34.6,94.8,21.5,41.5,9,13.8,10.8,16.9,32.3,24.6,1.5,61.5,103.143481818,97.125894923,67.3,26.4,31.6,64.9,35.1,48,74,51.5,234,68,5.5,76,256,122,454,73.6,39,148,48.5,220,43,195,39.2,48.9,43.1,35.4,21.5,65,65.5,26.2,17,36.9,24,30.8,20,6.2,4,27.6
"Johnson, Ivan",671155,2026,27,16,19,1,1,0,0,0,7,3,36.8,15.8,.063,.063,.211,0.274,0.000,.111,0,7,1,0,2,4,24,12,0,7,1,16,0,0,0,0,0,1,9,0,0,3,4,0,1,0,0,0,2,4,0,3,0,0,13,0,0,0,0,0,0,0,0,0,1,1,0,28,0,44,13,72,,0,0,0,0,.134,.184,.157,.226,.270,.050,.099,.245,.111,.238,-0.071,-0.121,-0.069,73.8,39.3,13.3,7.1,20,10.7,7.3,0,13.2,-10.5,32.1,37.6,84.5,13.8,11.1,0,0,11.1,22.2,44.4,11.1,11.1,22.2,94.154786,91.419325556,59.4,21.1,32.5,92.3,7.7,12,13,55.6,40,60,6.9,7,31,34,72,78.9,4,19,44.4,32,36.1,26,50,44.4,33.3,33.3,33.3,9,63.2,44.4,4,44.4,4,0,0,11.1,1,
"India, Jonathan",663697,2026,29,48,58,8,5,1,0,2,13,8,22.4,13.8,.167,.313,.310,0.623,0.146,.182,8,21,15,0,0,9,88,49,0,36,2,17,0,0,0,2,1,3,35,3,1,8,9,2,8,0,0,0,0,0,0,0,0,0,18,0,0,0,0,0,0,0,0,8,0,0,0,95,0,142,18,237,,0,1,0,0,.173,.289,.291,.284,.315,.116,.280,.270,.229,.237,-0.006,.024,.007,71,14.6,9,7.3,29.9,24.4,7.4,3,9.8,-6.7,56.6,32.5,85.7,28.3,28.6,2,5.7,5.7,17.1,45.7,20,5.7,31.4,96.473557778,92.357829714,60,19.4,17.9,33.3,66.7,7,21,49.4,117,80,8.4,27,146,64,237,80.6,14,72,50.6,120,40.1,95,22.6,39.2,40,28.6,31.4,35,60.3,28.6,10,31.4,11,14.3,5,25.7,9,27.7
"Andujar, Miguel",609280,2026,31,239,254,62,35,20,2,5,38,11,15,4.3,.259,.423,.303,0.726,0.164,.291,22,113,101,2,2,58,259,143,0,210,8,74,12,0,1,4,23,8,201,31,0,28,84,15,12,0,2,0,3,0,0,60,0,0,81,2,0,0,0,0,1,0,0,24,2,0,0,283,0,647,81,930,,1,1,0,0,.264,.376,.314,.298,.302,.112,.347,.327,.308,.314,-0.005,.047,.016,71.2,19.2,11.8,9.7,31.7,26.2,7.6,9,7.3,-4.1,58.3,26,88.3,6.5,26.4,9,4.5,6.5,23.9,20.4,41.3,3.5,36.3,99.775366436,94.026464328,68.7,11.7,40.8,28.9,71.1,57,197,51.9,483,67.6,7.6,127,448,350,930,88.3,36,307,48.1,447,39.5,367,18.5,54.2,44.8,35.8,19.4,201,65.6,53.2,107,17.9,36,22.9,46,6,12,27.4
"Pereira, Everson",677592,2026,25,98,111,23,13,5,0,5,37,6,33.3,5.4,.235,.439,.309,0.748,0.204,.316,12,61,43,0,1,27,131,46,0,70,6,38,3,0,0,5,7,8,63,7,1,7,25,4,4,0,0,0,6,2,0,5,1,1,73,0,0,0,0,0,1,0,0,10,1,0,0,141,2,263,73,404,,1,0,0,0,.205,.400,.327,.299,.283,.194,.454,.404,.371,.325,.030,.039,.028,74.3,47.1,15.9,10.5,27.8,18.3,8,8,13.1,1.8,66.8,29.8,88.5,9.7,39.7,8,12.7,6.3,15.9,20.6,38.1,6.3,41.3,100.122989677,94.214766452,73.6,21.6,37.4,63.9,36.1,53,83,55,222,81.8,8.2,62,225,117,404,78.4,29,134,45,182,38.1,154,37.8,53.7,36.5,39.7,23.8,63,61.3,50.8,32,23.8,15,17.5,11,7.9,5,27.6
"Schmitt, Casey",669477,2026,27,387,409,105,66,17,1,21,81,11,19.8,2.7,.271,.483,.301,0.784,0.212,.291,55,155,187,1,9,88,430,213,0,301,11,98,6,0,2,7,24,32,310,48,1,75,68,29,32,0,1,0,1,0,0,23,0,4,144,1,0,0,0,0,0,0,0,47,9,0,0,456,4,993,144,1449,,0,1,0,0,.288,.512,.336,.355,.317,.224,.403,.428,.339,.362,-0.017,-0.029,-0.019,72.5,27.5,17.4,14,34,27.4,7.6,14,9.7,-7.1,48.6,33.4,89.9,21.6,39.4,38,12.3,5.8,26.1,32.9,20,2.6,44.8,100.777605742,94.749369773,71.5,10.7,36.5,42.4,57.6,112,264,50,723,81.7,8.7,134,822,488,1449,89.3,55,516,50,722,39.5,571,21.4,53.8,39,36.8,24.2,310,62.3,29.7,92,34.5,107,25.2,78,10.6,33,28.0
"Navarreto, Brian",640459,2026,31,52,61,7,3,3,0,1,21,2,34.4,3.3,.135,.250,.193,0.443,0.115,.194,3,22,13,0,0,9,70,32,0,50,4,32,0,0,1,2,3,2,36,2,0,5,17,2,5,0,0,0,11,0,0,0,4,1,36,0,0,0,0,0,0,0,0,8,0,0,0,79,5,161,36,240,,0,0,0,0,.124,.186,.199,.172,.183,.063,.266,.217,.219,.202,.011,.064,.027,72.8,17.3,9.6,6.4,20.5,13.6,7.8,2,12.4,-13.4,58.6,26.9,84.6,10.9,22.2,2,5.6,2.8,19.4,27.8,27.8,16.7,22.2,95.86946875,92.200719032,69.9,19,39.4,54,46,27,50,52.9,127,92.3,5.4,49,117,70,240,81,15,79,47.1,113,42.5,102,32.6,53.8,50,19.4,30.6,36,65.6,55.6,20,19.4,7,11.1,4,13.9,5,26.1
"Frazier, Adam",624428,2026,34,129,147,31,20,9,1,1,39,11,26.5,7.5,.240,.349,.315,0.664,0.109,.337,13,48,45,2,3,30,165,87,0,123,7,66,1,0,1,3,10,4,94,17,0,16,38,8,1,0,2,0,6,4,0,6,4,0,66,2,0,0,0,0,0,0,0,19,3,0,0,172,4,386,66,558,,0,1,0,0,.223,.294,.293,.265,.289,.071,.364,.321,.344,.320,.017,.055,.028,65.2,1.6,3.6,2.7,31.8,23.8,6.8,7,11.7,3.2,46.2,39.5,85.6,12.9,35.1,2,2.1,4.3,30.9,22.3,33,7.4,19.1,94.340358667,91.213758989,70.1,15.6,36.5,48,52,48,100,49.1,274,76.9,7,92,336,130,558,84.4,31,199,50.9,284,41.8,233,26.4,53.6,43.6,36.2,20.2,94,60,51.1,48,21.3,20,26.6,25,1.1,1,26.1
"Azócar, José",640492,2026,30,17,18,6,4,2,0,0,4,1,22.2,5.6,.353,.471,.389,0.860,0.118,.462,0,10,8,0,1,5,17,10,0,16,0,11,0,0,0,0,3,0,13,3,0,2,5,0,0,0,0,0,4,1,0,0,0,0,9,0,0,0,0,0,0,0,0,2,1,0,0,19,0,50,9,69,,0,0,0,0,.282,.345,.377,.298,.322,.063,.468,.359,.462,.368,.071,.126,.079,69.2,9.4,8.7,6.3,26.1,18.8,6.9,2,5.8,-3.6,34.3,36.2,87.3,5.8,30.8,0,0,0,46.2,15.4,30.8,7.7,23.1,96.457345,92.260225,70,19,48.7,36.8,63.2,7,19,56.5,39,71.4,10.1,9,39,21,69,81,4,21,43.5,30,42,29,27.5,58,53.8,23.1,23.1,13,83.3,61.5,8,15.4,2,23.1,3,0,0,28.4
"Meyers, Jake",676694,2026,30,141,153,30,20,7,0,3,31,10,20.3,6.5,.213,.326,.268,0.594,0.113,.250,11,58,46,2,1,29,176,74,0,108,5,57,3,0,1,1,11,5,111,14,0,27,36,8,10,0,0,0,5,3,0,0,0,1,54,2,0,0,0,0,1,0,0,15,0,1,0,187,1,359,54,546,,1,4,0,0,.205,.316,.265,.256,.261,.110,.295,.284,.270,.261,.008,.010,.009,67.5,4.6,6.7,5.4,32.5,26.1,7,8,8.5,-4.9,50.8,32.4,85.4,15.4,25.2,7,6.3,2.7,20.7,33.3,35.1,1.8,27.9,95.71614,91.922291171,72.7,12.4,32.6,41.8,58.2,38,91,51.1,279,80,8.2,63,297,186,546,87.6,24,194,48.9,267,41.4,226,21.8,52.2,38.7,31.5,29.7,111,67.3,42.3,47,28.8,32,19.8,22,9,10,27.9
"Valencia, Eduardo",680664,2026,26,129,138,44,22,14,0,8,32,6,23.2,4.3,.341,.636,.380,1.016,0.295,.404,21,64,82,0,0,38,159,73,1,111,5,42,4,0,0,2,9,10,97,25,0,12,32,3,6,0,0,0,4,0,0,19,0,0,69,0,0,0,0,0,0,0,0,25,0,0,0,181,0,357,69,538,,0,1,1,1,.285,.546,.433,.372,.327,.261,.553,.467,.454,.379,.056,.090,.061,73.1,30.3,19.5,14.2,34.1,24.8,7.9,2,13.5,0.5,58.2,32.8,90.3,14.1,44.3,15,15.5,6.2,29.9,16.5,25.8,6.2,49.5,101.9202875,95.492335417,71.5,19.9,35.3,39.8,60.2,39,98,51.7,278,75,6.7,60,308,167,538,80.1,37,186,48.3,260,40.9,220,26.8,52.8,43.3,36.1,20.6,97,65.9,42.3,41,22.7,22,28.9,28,6.2,6,24.8
"Lee, Brooks",686797,2026,25,586,631,148,96,25,3,24,102,37,16.2,5.9,.253,.428,.300,0.728,0.175,.268,83,240,251,5,8,136,718,312,0,517,33,156,10,0,1,4,46,32,488,70,0,116,145,43,35,0,1,0,2,1,0,0,1,3,215,4,0,1,1,0,2,0,1,72,8,0,0,799,4,1583,215,2382,,3,5,0,0,.233,.358,.316,.281,.281,.125,.351,.305,.304,.281,.020,.070,.035,70.2,8.2,10.4,8.4,33.9,27.4,7,26,11.8,-6.2,56.7,31,88.1,16.2,32.2,22,4.5,5.9,26,32.8,27.3,3.5,34.2,97.530784362,92.893899278,73.4,10.4,35.1,40.5,59.5,177,437,52.3,1246,75.8,7.6,562,1086,727,2382,89.6,87,834,47.7,1136,39.1,932,20.8,53.4,42.2,35.7,22.1,488,64,39.1,191,30.3,148,23.2,113,7.4,36,26.3
"Arraez, Luis",650333,2026,29,596,655,185,139,33,7,6,28,34,4.3,5.2,.310,.419,.345,0.764,0.109,.311,64,211,250,1,10,121,744,478,0,507,12,151,15,0,2,5,54,27,588,104,0,154,167,52,28,0,4,0,2,0,1,1,6,14,71,1,0,0,3,0,0,1,0,67,8,2,0,780,20,1668,71,2448,,1,3,0,0,.289,.377,.331,.307,.323,.088,.324,.298,.318,.298,.021,.042,.024,63.1,0.1,1.8,1.7,45.9,42.6,5.9,3,8.6,2.8,52.6,36.8,86.4,16.2,39.3,7,1.2,4.8,27.6,33.8,28.2,4.4,19.4,94.068574724,91.077369275,63.2,5.8,33.1,9.9,90.1,39,393,48.5,1187,68.2,9.8,266,1608,570,2448,94.2,46,797,51.5,1261,40.5,992,7.1,48.6,31,36.9,32.1,588,62,37.6,221,30.8,181,26.9,158,4.8,28,26.8
"Montes, Lazaro",703155,2026,21,52,59,11,5,2,0,4,24,7,40.7,11.9,.212,.481,.305,0.786,0.269,.292,11,30,25,0,0,15,86,37,0,39,6,21,3,0,1,0,4,5,28,2,0,7,6,3,1,0,1,0,2,0,0,6,0,0,48,0,0,0,0,0,0,0,0,7,0,0,0,94,0,158,48,252,,0,0,0,0,.195,.446,.334,.313,.278,.252,.542,.499,.393,.362,.017,.035,.021,75.3,57.5,16.9,9.4,27.1,15.1,7.8,0,13.1,1.8,51.4,37.6,90,21,35.7,5,17.9,3.6,17.9,28.6,25,7.1,42.9,103.180821429,96.121418929,69.6,35.6,26.8,67.6,32.4,23,34,50.4,127,84.2,7.5,35,134,83,252,64.4,31,87,49.6,125,43.7,110,44.6,48,39.3,32.1,28.6,28,66.1,35.7,10,42.9,12,17.9,5,3.6,1,26.3
"Mesa Jr., Victor",683748,2026,24,235,262,61,36,8,3,14,53,23,20.2,8.8,.260,.498,.327,0.825,0.238,.278,34,97,117,4,9,56,304,109,0,193,18,79,2,0,1,1,20,14,185,26,1,43,41,17,23,0,0,0,5,2,0,0,2,1,104,3,0,1,0,0,0,0,0,37,8,1,0,314,3,627,104,941,,0,0,0,0,.249,.439,.355,.329,.318,.189,.413,.376,.333,.320,.011,.059,.026,74,38.8,14.2,10.8,30.1,22.9,7.9,5,9.8,-1.9,63.7,30.3,89.4,21,31.9,20,10.8,4.3,22.2,35.7,21.1,5.9,42.2,100.402323596,94.536340734,77.2,19.4,34.9,37.8,62.2,65,172,52.4,493,87.3,6.7,122,567,249,941,80.6,67,346,47.6,448,43.9,413,25.5,55,37.8,36.2,25.9,185,67.6,33,61,30.8,57,23.2,43,13,24,27.9
"Hernaiz, Darell",687231,2026,24,137,157,32,28,3,0,1,31,16,19.7,10.2,.234,.277,.316,0.593,0.043,.292,9,70,38,0,3,36,191,100,0,123,9,56,1,0,0,1,16,4,109,11,1,20,34,15,8,0,0,0,10,4,0,0,2,1,67,0,0,0,1,0,0,0,0,13,3,0,0,206,3,413,67,619,,0,0,0,0,.216,.267,.275,.262,.300,.052,.287,.269,.299,.276,.018,.010,.013,69.3,7.7,8.1,6.3,28.9,22.4,7.1,10,6.3,-1,42.2,33.3,85.2,12.2,30.3,1,0.9,3.7,23.9,33,33.9,4.6,27.5,96.082802407,92.100201589,68,17.3,36.2,38.5,61.5,47,122,54.5,337,78.9,6.1,84,350,184,619,82.7,33,191,45.5,281,44.2,273,25.6,50.6,26.6,39.4,33.9,109,63.7,45.9,50,22,24,23.9,26,8.3,9,27.8
"Davis, Henry",680779,2026,26,256,298,44,28,6,0,10,63,28,21.1,9.4,.172,.313,.272,0.585,0.141,.184,38,131,80,1,3,71,359,129,1,228,14,97,6,0,1,8,14,11,198,19,0,40,59,18,35,0,0,0,23,5,0,1,3,2,135,1,0,0,0,0,0,0,0,33,2,1,0,398,5,723,135,1121,,0,2,0,1,.199,.342,.267,.290,.298,.143,.272,.308,.226,.265,-0.027,-0.029,-0.023,74.2,42.7,14.5,11.2,28.8,22.1,7.3,14,11.7,-6.9,60.9,28.3,90.3,20.9,27.8,17,8.6,7.6,17.2,32.8,25.3,8.1,40.9,100.662878211,94.625487368,75.3,15.8,32.3,46.8,53.2,88,188,51.9,582,86,8.3,150,652,308,1121,84.2,64,406,48.1,539,39.7,445,25.6,53,52.5,31.8,15.7,198,64.8,36.9,73,25.8,51,19.7,39,17.7,35,28.1
"Hayes, Ke'Bryan",663647,2026,29,227,242,32,24,2,1,5,48,13,19.8,5.4,.141,.225,.194,0.419,0.084,.155,9,100,51,0,1,44,283,168,0,127,7,94,7,0,0,2,5,5,179,22,0,51,57,28,9,0,0,0,24,5,0,0,0,0,84,0,0,0,0,0,0,1,0,19,1,0,0,301,0,570,84,871,,1,4,0,0,.236,.371,.191,.287,.284,.135,.200,.330,.179,.301,-0.095,-0.146,-0.096,70.7,5.5,16.7,12.9,42.7,33.1,6.8,3,5.5,-1.4,54.4,26.5,90.4,16.2,36.3,12,6.9,7.8,20.7,33.5,26.3,2.2,38.5,99.502539885,93.92032431,62.3,11,30.9,47.1,52.9,65,138,51.3,447,67.6,8.2,72,517,280,871,89,29,264,48.7,424,43.6,380,23.4,46.2,30.7,39.7,29.6,179,61.2,34.6,62,31.3,56,29.1,52,5,9,26.9
"Vivas, Jorbit",678391,2026,25,311,364,74,55,15,1,3,53,41,14.6,11.3,.238,.322,.331,0.653,0.084,.274,31,138,100,1,2,75,459,166,1,268,7,121,3,0,1,4,20,11,265,43,0,47,97,27,19,0,0,0,17,0,0,4,3,4,103,1,0,0,0,0,1,0,0,32,2,0,0,498,7,818,103,1316,,1,3,0,1,.236,.309,.298,.292,.329,.073,.289,.281,.282,.280,.002,.013,.006,69.3,4,7.9,6.6,27.1,22.5,7.5,7,6.3,-3.7,42.6,32.3,82.9,12,34.3,8,3,2.3,25.7,29.1,32.8,7.2,21.5,94.277617252,91.318865649,74.1,9,29.1,37.3,62.7,78,209,54.6,718,82.9,8,219,752,337,1316,91,40,443,45.4,598,42.2,555,18.1,49.5,38.1,33.6,28.3,265,65.1,44.2,117,21.9,58,26.8,71,7.2,19,27.1
"Burleson, Alec",676475,2026,27,605,670,169,105,37,1,26,121,55,18.1,8.2,.279,.473,.343,0.816,0.194,.310,116,277,286,0,4,173,767,316,0,539,26,160,12,0,2,6,54,35,488,80,0,95,164,29,30,0,4,0,1,0,0,3,0,4,247,0,0,0,1,0,1,0,0,89,4,0,0,836,4,1647,247,2483,,1,1,0,0,.289,.522,.353,.374,.349,.234,.400,.428,.346,.359,-0.010,-0.049,-0.021,73.8,37.6,18.6,14.9,33.1,26.5,7.7,18,14.1,0.3,52.5,36.5,92,13,34.6,55,11.3,6.8,28.9,22.3,27.3,3.3,50,102.344379671,95.865822963,72.6,16.6,38.1,31.8,68.2,166,522,55.1,1369,86,6.3,438,1270,775,2483,83.4,134,809,44.9,1114,39.8,988,22.5,53.6,48.6,28.9,22.5,488,62.7,44.7,218,26.6,130,22.5,110,6.1,30,25.6
"Butler, Lawrence",671732,2026,25,473,540,112,74,19,2,17,139,61,25.7,11.3,.237,.393,.325,0.718,0.156,.298,62,189,186,7,10,106,841,330,0,418,35,154,7,0,1,2,42,27,338,42,1,45,133,30,15,0,1,0,7,1,0,2,2,2,236,6,0,1,1,0,6,1,0,64,8,2,0,890,4,1363,236,2253,,7,3,1,0,.245,.398,.319,.326,.333,.154,.381,.393,.333,.349,-0.008,-0.005,-0.007,73.6,37.5,15,11.2,26.9,20.1,7,21,5.7,4,42,31.4,89.7,7.7,30.8,29,8.6,4.7,26,18.9,36.4,4.7,44.8,101.710451198,95.129016997,68.4,21.2,24.6,41.4,58.6,118,285,51.6,1160,74.8,6.4,378,1303,561,2253,78.8,158,746,48.4,1090,40.5,911,26.7,45.8,36.7,35.5,27.8,338,62.2,51.8,175,21.3,72,21.9,74,5,17,26.7
"Taylor, Tyrone",621438,2026,32,219,241,61,34,16,0,11,41,14,17,5.8,.279,.502,.325,0.827,0.223,.296,38,80,110,2,3,47,280,162,0,162,5,97,1,0,2,2,13,22,184,26,0,40,54,12,16,0,0,0,22,12,2,6,4,2,81,1,1,0,0,0,0,1,0,36,3,0,0,296,6,599,81,895,,1,0,0,0,.245,.416,.355,.309,.296,.171,.405,.344,.339,.301,.034,.086,.046,71.6,16,13.8,11,34.2,27.2,7.5,7,11.5,-5.5,57.5,34.6,86.8,18.1,33.7,16,8.7,7.1,19.6,29.9,27.2,7.6,34.2,98.054869667,93.068828659,63.8,11.9,34.7,35.6,64.4,57,160,51.5,461,62,7.9,113,486,281,895,88.1,33,277,48.5,434,40.1,359,20.6,48.8,53.3,28.3,18.5,184,61.8,36.4,67,33.7,62,21.2,39,8.7,16,29.2
"Cowser, Colton",681297,2026,26,341,392,77,54,10,0,13,121,46,30.9,11.7,.226,.370,.317,0.687,0.144,.305,40,153,126,4,10,81,586,308,0,273,15,142,2,0,0,1,26,17,224,34,0,51,68,18,10,0,0,0,28,2,0,2,1,3,214,3,1,0,2,0,1,0,0,41,10,0,0,627,4,1050,214,1677,,1,1,2,0,.221,.400,.307,.315,.313,.179,.392,.405,.345,.339,.005,-0.030,-0.008,74.6,47.9,13.8,9.5,25.3,17.5,7.5,20,14.7,-4.4,40.3,38.3,87.9,13,33,21,9.4,8.9,24.1,24.1,26.3,7.1,41.1,100.438488468,94.32395819,60.3,20.5,29.6,55,45,143,260,52.3,877,68.1,6.7,400,754,523,1677,79.5,99,482,47.7,800,41.7,700,32.6,44.2,38.4,38.8,22.8,224,60.7,42,94,30.4,68,23.2,52,4.5,10,28.1
"Wells, Austin",669224,2026,26,334,388,62,41,7,0,14,103,48,26.5,12.4,.186,.332,.292,0.624,0.146,.219,32,142,111,0,4,80,565,245,0,294,15,122,11,0,0,3,11,18,234,31,2,62,67,17,26,0,2,0,21,1,0,0,1,2,180,0,0,0,1,0,0,0,0,39,4,0,0,605,3,977,180,1582,,0,0,0,0,.211,.363,.281,.302,.311,.153,.318,.352,.266,.304,-0.025,-0.031,-0.021,72.8,26.8,12.7,9.6,27.9,21,7.6,17,13.9,-6.1,51.4,32.8,89.3,20.5,33.8,18,7.7,8.1,21.4,32.5,24.4,5.6,42.7,100.248392609,94.397822435,66.6,19,28,46.8,53.2,109,233,52.7,833,74.8,7.5,284,792,500,1582,81,95,499,47.3,749,40.3,637,27.9,46.3,47.4,30.3,22.2,234,60.5,33.3,78,34.2,80,20.5,48,12,28,26.1
"Jones, Jahmai",663330,2026,28,160,181,33,20,6,1,6,58,17,32,9.4,.206,.369,.298,0.667,0.163,.281,16,87,59,2,3,42,234,93,0,118,7,94,4,0,0,4,6,8,102,19,0,22,27,8,12,0,0,0,29,3,0,65,0,0,107,2,0,0,0,0,1,0,0,20,1,2,0,261,0,433,107,694,,1,1,0,0,.229,.428,.299,.328,.319,.200,.385,.439,.324,.360,-0.023,-0.059,-0.029,73.3,34.9,17.2,11.2,30.7,20,7.7,5,14.5,-9.8,55.9,30.3,90.6,18.8,34.3,11,10.8,7.8,26.5,28.4,23.5,2,43.1,101.81520451,95.26841396,71.9,23.2,29.7,58,42,65,112,54.3,377,81,8.4,144,313,236,694,76.8,53,228,45.7,317,41.5,288,34.7,49,52.9,33.3,13.7,102,60.2,32.4,33,29.4,30,26.5,27,11.8,12,28.5
"León, Sandy",506702,2026,37,44,44,4,4,0,0,0,18,0,40.9,0,.091,.091,.091,0.182,0.000,.154,0,16,4,0,0,8,45,32,0,44,3,21,0,0,0,0,2,0,26,2,0,4,10,3,5,0,0,0,11,0,0,0,0,0,25,0,0,0,0,0,0,0,0,0,0,0,0,45,0,133,25,178,,0,0,0,0,.135,.170,.081,.132,.135,.035,.137,.224,.154,.228,-0.044,-0.079,-0.051,67,2.3,1.6,1.1,27.4,19.3,7,3,14.9,-5,51.7,36.1,81.9,17.1,23.1,0,0,3.8,19.2,34.6,34.6,7.7,19.2,93.574700769,90.968209615,70.4,18.8,40,53.1,46.9,17,32,44.9,80,71.4,7.9,25,113,35,178,81.2,13,69,55.1,98,48.3,86,29.7,56.7,69.2,19.2,11.5,26,56.8,46.2,12,15.4,4,19.2,5,19.2,5,22.1
"Lombard Jr., George",806146,2026,21,152,166,36,24,4,1,7,44,10,26.5,6,.237,.414,.285,0.699,0.177,.282,22,71,63,1,2,38,221,115,0,113,4,42,1,0,0,1,15,9,111,12,0,18,40,11,6,0,0,0,0,0,0,0,1,2,66,1,0,0,0,0,0,0,0,23,2,0,0,232,3,420,66,652,,0,0,0,0,.240,.388,.303,.298,.290,.148,.385,.378,.327,.336,-0.003,.026,.005,72.3,26.2,9.9,7.5,27.7,21,7.4,3,10.3,3.7,54.8,34.4,87.1,8.5,33.3,9,8.2,5.4,23.4,21.6,34.2,6.3,35.1,99.125989074,93.611228241,66.2,17.5,27.2,45.5,54.5,40,88,49.7,324,77.8,6.9,66,415,171,652,82.5,38,217,50.3,328,43.4,283,25.6,46.8,36.9,33.3,29.7,111,62,49.5,55,24.3,27,20.7,23,5.4,6,29.3
"Susac, Daniel",691740,2026,25,144,161,35,23,8,1,3,36,8,22.4,5,.243,.375,.289,0.664,0.132,.294,22,68,54,2,2,42,165,78,0,128,4,53,4,0,0,3,9,6,114,20,0,27,35,10,7,0,0,0,4,0,0,0,2,4,70,2,0,0,0,0,0,0,0,11,2,0,0,184,6,406,70,590,,0,1,0,0,.249,.369,.290,.296,.300,.120,.342,.351,.313,.327,-0.006,.006,-0.006,68.7,3.9,9.3,7.1,28,21.4,7.5,2,13.1,-3.3,49.1,38.7,86.3,16.9,42.1,6,5.3,7.9,28.1,29.8,22.8,6.1,32.5,97.0900975,92.54504875,72.3,11.4,41.8,41.5,58.5,56,135,54.7,323,81.8,9.3,93,309,181,590,88.6,22,193,45.3,267,36.4,215,23.8,55.6,42.1,33.3,24.6,114,65.2,38.6,44,28.9,33,26.3,30,6.1,7,26.9
"Torres, Gleyber",650402,2026,29,358,420,93,72,13,0,8,81,57,19.3,13.6,.260,.363,.364,0.727,0.103,.314,38,134,130,0,0,89,687,306,0,301,15,96,8,0,1,3,29,17,279,46,1,52,97,28,7,0,3,0,2,0,0,19,0,2,153,0,0,0,0,0,0,0,0,57,0,0,0,720,2,1054,153,1774,,0,2,0,0,.252,.368,.328,.325,.354,.115,.347,.343,.333,.324,.008,-0.005,.003,68.1,3.4,8.1,6.4,35.9,28.4,7,6,8.5,6.8,53.8,34.7,86.2,9.4,38.4,17,6.1,3.6,30.8,23.3,30.8,5.4,32.3,96.706167857,92.398034014,66.7,15.8,18.9,44.8,55.2,77,172,51.3,910,77.4,7,188,1055,527,1774,84.2,91,576,48.7,864,42.8,760,22.5,42.2,27.2,35.1,37.6,279,60.8,45.2,126,24.7,69,26.9,75,3.2,9,25.3
"Gurriel Jr., Lourdes",666971,2026,32,186,201,39,28,9,0,2,38,10,18.9,5,.210,.290,.254,0.544,0.080,.248,22,84,54,0,1,53,219,109,0,140,10,51,2,0,0,2,14,7,151,18,0,26,50,17,18,0,0,1,3,0,0,13,0,3,80,0,0,0,2,0,0,0,0,13,0,0,1,234,3,493,80,727,,0,1,0,0,.234,.312,.243,.273,.284,.078,.267,.308,.258,.298,-0.024,-0.022,-0.030,70.8,10.9,9.3,7.3,34.5,27.1,7.5,6,10.6,-6.4,50.4,37.8,87.3,14.9,31.8,7,4.6,5.3,26.5,27.8,31.1,4.6,33.8,97.317038289,92.728770066,68,11.8,40.5,41.1,58.9,67,163,55.3,402,63.3,6.7,123,399,205,727,88.2,26,221,44.7,325,42.4,308,24.2,52.8,39.1,37.1,23.8,151,64.2,42.4,64,21.9,33,23.8,36,11.9,18,26.1
"Valenzuela, Brandon",678218,2026,25,239,271,53,35,9,0,9,69,29,25.5,10.7,.222,.372,.307,0.679,0.150,.272,23,106,89,0,2,54,389,155,0,232,6,91,4,0,1,1,13,12,172,28,0,29,59,17,14,0,0,0,6,7,1,2,1,1,121,0,0,0,2,0,0,0,0,29,2,0,0,406,2,702,121,1108,,0,2,1,0,.240,.377,.303,.313,.324,.137,.356,.371,.310,.336,-0.018,-0.005,-0.010,72.6,22,11.8,9,25.9,19.7,7.9,8,9,-8.4,50.9,32.8,88.4,14.5,37.8,12,7,5.2,27.9,28.5,25.6,5.8,38.4,99.463470941,93.870578639,71.4,14.5,28.5,52.5,47.5,85,162,51.4,569,77.4,8.4,220,633,250,1108,85.5,56,385,48.6,539,39.6,439,25.8,49.4,43,38.4,18.6,172,63.8,41.9,72,23.8,41,26.2,45,8.1,14,25.6
"Yoshida, Masataka",807799,2026,32,263,297,72,50,16,1,5,33,28,11.1,9.4,.274,.399,.347,0.746,0.125,.294,28,122,105,0,2,65,364,221,0,152,8,87,1,0,0,3,29,14,233,29,0,39,87,19,12,0,1,0,10,0,0,65,0,3,58,0,0,0,1,0,0,0,0,34,2,0,0,394,3,677,58,1071,,0,2,1,0,.262,.372,.330,.318,.338,.110,.328,.314,.309,.300,.012,.027,.012,71.5,17.8,16.6,14.1,43.1,36.8,7.1,0,8.1,-1,48.4,33.1,88.8,8.9,30,8,3.4,4.7,27.9,24.9,36.1,3,39.9,99.027488034,93.672635923,58.3,9.3,28.1,27.6,72.4,43,156,51.9,556,67.6,6.3,201,615,252,1071,90.7,28,300,48.1,515,39.4,422,15.6,42.6,43.3,33.9,22.7,233,56.8,49.8,116,22.7,53,22.3,52,5.2,12,26.1
"Stanton, Giancarlo",519317,2026,36,90,96,23,14,6,0,3,29,6,30.2,6.3,.256,.422,.302,0.724,0.166,.345,14,53,38,0,1,30,136,65,0,45,6,24,2,0,0,0,3,5,61,14,1,12,15,4,7,0,0,0,0,0,0,23,0,0,59,0,0,0,0,0,0,0,0,8,1,0,0,146,0,238,59,384,,0,1,0,0,.245,.466,.316,.326,.292,.221,.429,.444,.377,.361,.011,-0.044,-0.010,79.4,93.5,22.4,14.3,30.6,19.5,8.4,3,11.7,-1,72.3,27.2,94.1,21.5,37.7,11,18,4.9,16.4,34.4,26.2,0,44.3,104.792676774,97.001259672,62.5,26.4,30.3,60.3,39.7,38,63,54.2,208,61.5,6.8,66,210,108,384,73.6,29,110,45.8,176,44.3,170,38.7,45.1,39.3,42.6,18,61,53.1,29.5,18,27.9,17,29.5,18,13.1,8,23.8
"Lopez, Otto",672640,2026,27,627,687,191,139,32,9,11,89,40,13,5.8,.305,.437,.349,0.786,0.132,.335,71,240,274,5,34,145,807,493,0,385,28,157,14,0,4,9,90,24,549,77,0,100,192,42,22,0,1,0,1,0,0,1,0,11,183,5,0,0,0,0,0,0,0,94,31,3,0,859,11,1660,183,2519,,0,10,0,0,.281,.417,.342,.327,.329,.136,.366,.347,.348,.324,.024,.020,.015,71.9,23.5,18.1,14.9,37.8,31.1,6.8,23,5,-3,45.3,29.5,89.1,8.4,30.4,33,6,5.6,24.8,21.5,37.9,3.6,40.8,100.262247259,94.353564593,62.2,9.9,31.2,37.8,62.2,152,402,51.2,1290,72.4,7.6,355,1300,864,2519,90.1,76,765,48.8,1229,42.2,1063,19.5,46.3,34.1,39.5,26.4,549,60.7,51.4,282,22.6,124,21.9,120,4.2,23,28.5
"Rogers, Jake",668670,2026,31,143,171,23,14,4,1,4,51,23,29.8,13.5,.161,.287,.276,0.563,0.126,.209,14,62,41,0,1,29,254,132,0,113,6,58,4,0,0,1,5,7,96,11,0,27,31,6,9,0,0,0,12,0,0,0,1,3,69,0,0,0,0,0,0,0,0,17,1,0,0,265,4,423,69,688,,0,0,1,0,.171,.296,.259,.267,.286,.124,.287,.301,.242,.259,-0.010,-0.009,-0.008,70.6,4.7,9.4,7.1,32.5,24.4,7.6,12,16.4,-3.3,64.5,30.4,88,21.7,30.2,9,9.4,4.2,20.8,36.5,26,3.1,36.5,97.758656809,92.974029574,60.5,18.1,25.6,45.7,54.3,42,92,52.2,359,72.9,7,72,406,205,688,81.9,36,199,47.8,329,40.8,281,26.8,42.3,44.8,36.5,18.8,96,61.4,37.5,36,35.4,34,17.7,17,9.4,9,26.4
"Cheng, Tsung-Che",691907,2026,24,39,44,10,9,1,0,0,14,4,31.8,9.1,.256,.282,.318,0.600,0.026,.385,5,19,11,2,0,11,55,28,0,24,2,14,1,0,0,0,3,2,26,5,0,6,9,1,0,0,0,0,1,1,0,0,0,1,24,2,0,0,0,0,1,0,0,7,0,0,0,57,1,108,24,165,,1,0,0,0,.237,.392,.274,.303,.302,.155,.357,.405,.385,.357,.019,-0.110,-0.029,66.5,0,11.4,7.5,31.8,20.9,6.8,4,13.9,0.8,70.1,32.6,86.6,12.5,42.3,2,7.7,11.5,19.2,15.4,34.6,11.5,23.1,95.6115125,92.034037391,67.5,21.4,29.3,70.8,29.2,17,24,49.7,82,91.7,7.3,25,97,43,165,78.6,12,56,50.3,83,42.4,70,36.3,48.5,46.2,42.3,11.5,26,84.1,46.2,12,30.8,8,23.1,6,0,0,29.0
"Santana, Carlos",467793,2026,40,24,26,2,1,1,0,0,8,2,30.8,7.7,.083,.125,.154,0.279,0.042,.125,0,10,3,0,0,5,35,17,0,22,1,8,0,0,0,0,0,1,16,1,0,4,4,2,4,0,0,0,0,0,0,0,0,0,12,0,0,0,0,0,0,0,0,1,0,0,0,35,0,71,12,106,,0,0,0,0,.141,.192,.136,.187,.208,.051,.134,.217,.125,.212,-0.058,-0.067,-0.051,71.6,16.7,8.6,6.3,28.6,20.8,7.8,1,15.4,-7.3,58.3,29,87.8,29.5,25,0,0,6.3,18.8,50,18.8,6.3,43.8,98.43934875,93.358594375,68,14.7,35.7,55,45,11,20,52.8,56,66.7,8.5,23,59,24,106,85.3,5,34,47.2,50,34,36,29.6,50.9,43.8,31.3,25,16,61.5,25,4,31.3,5,18.8,3,25,4,23.7
"Del Castillo, Adrian",680728,2026,26,181,197,35,24,6,0,5,56,13,28.4,6.6,.193,.309,.246,0.555,0.116,.248,24,81,56,0,1,47,261,122,0,142,11,64,6,0,0,0,5,7,128,23,0,30,44,7,12,0,0,0,13,1,0,33,2,1,91,0,0,0,0,0,0,0,0,18,1,0,0,286,3,503,91,789,,0,2,0,0,.199,.329,.247,.256,.252,.131,.311,.325,.278,.287,-0.006,-0.020,-0.009,72.1,23.5,11.2,8.2,32,23.5,6.9,8,13.1,0.1,48.2,34.2,88.3,16,34.4,8,6.3,8.6,21.1,29.7,25,8.6,36.7,98.499894677,93.465270968,68.6,17.8,29.8,51.2,48.8,63,123,52.3,413,80,7.6,145,410,234,789,82.2,46,258,47.7,376,43.6,344,28.6,48.3,35.2,42.2,22.7,128,60.4,38.3,49,28.9,37,23.4,30,9.4,12,26.3
"Basabe, Osleivis",678545,2026,25,129,143,26,18,3,0,5,29,9,20.3,6.3,.202,.341,.268,0.609,0.139,.219,13,53,44,2,2,23,156,122,0,90,11,46,0,0,0,3,10,5,102,11,0,25,36,10,5,0,0,0,5,0,0,1,1,1,46,2,0,0,0,0,1,0,0,13,2,0,0,176,2,379,46,555,,1,1,0,0,.229,.343,.271,.283,.293,.113,.298,.314,.257,.294,-0.027,-0.002,-0.012,73.7,36.7,14,10.9,29.7,23.1,7.3,7,6.8,-1.3,60.4,24.1,87.6,8.9,34.3,7,6.9,3.9,21.6,28.4,34.3,3.9,34.3,97.9189726,93.015601919,59,19,34.5,30.3,69.7,30,99,51.7,287,73.2,7.4,90,316,148,555,81,30,158,48.3,268,39.6,220,23.3,46.3,40.2,39.2,20.6,102,69.2,45.1,46,29.4,30,20.6,21,4.9,5,27.5
"Walker, Christian",572233,2026,35,571,635,129,73,26,1,29,147,51,23.1,8,.226,.427,.299,0.726,0.201,.251,87,306,244,0,0,157,845,301,0,457,29,156,14,0,0,10,46,29,427,54,0,91,137,36,33,0,3,0,4,0,0,2,0,3,326,0,0,0,2,0,0,0,0,73,0,0,0,925,3,1548,326,2473,,0,6,1,0,.227,.396,.316,.305,.297,.169,.372,.355,.302,.304,-0.001,.031,.011,74.4,43.7,16,11.8,27.4,20.3,7.4,39,7.7,-5.1,47.6,28.6,89,14.6,31.9,41,9.6,5.9,18.7,29.7,32.8,3,40.7,101.069259249,94.709357676,73.1,16.5,31.6,53.4,46.6,228,427,54.6,1351,80.1,7.1,250,1405,816,2473,83.5,135,820,45.4,1122,40.1,991,29.1,50.4,41.2,32.3,26.5,427,57.8,42.9,183,28.1,120,21.3,91,7.7,33,25.9
"Amador, Adael",691182,2026,23,83,95,23,14,5,0,4,12,10,12.6,10.5,.277,.482,.362,0.844,0.205,.284,16,29,40,0,0,21,127,45,0,88,4,27,0,0,1,1,8,5,72,10,0,9,29,5,6,0,1,0,0,0,0,6,1,0,26,0,0,0,0,0,0,0,0,17,0,0,0,134,1,236,26,370,,0,0,0,0,.207,.311,.365,.274,.292,.105,.380,.261,.324,.242,.070,.171,.091,68.8,7.3,6.6,5.5,25.7,21.3,6.8,0,2.4,-0.9,39.8,28.1,83.2,10.1,23.6,5,6.9,4.2,16.7,19.4,44.4,8.3,25,96.024202778,92.169791268,76.6,11.6,24.7,31.8,68.2,14,44,48.1,178,88.9,9.7,58,217,95,370,88.4,17,147,51.9,192,38.1,141,16.2,51.6,51.4,29.2,19.4,72,54.3,51.4,37,19.4,14,20.8,15,8.3,6,26.8
"Ramírez, Agustín",682663,2026,24,226,255,53,37,10,1,5,61,26,23.9,10.2,.235,.354,.318,0.672,0.119,.298,24,102,80,1,4,56,338,138,0,181,6,72,10,0,0,2,22,3,166,28,0,23,65,10,15,0,1,0,4,0,0,38,0,1,136,0,1,0,1,0,2,1,0,31,3,1,0,374,1,632,136,1006,,3,2,1,0,.227,.320,.300,.285,.309,.093,.346,.322,.319,.310,.008,.034,.015,75.9,58.3,15,10.8,26.3,18.9,7.7,11,8.5,-6.3,54.4,24.2,89.9,7.1,26.5,7,4.2,6.6,20.5,23.5,41.6,3.6,41.6,102.266998795,95.305171928,70.2,20.5,29.8,49.7,50.3,78,157,52.3,526,83.6,7.3,162,537,307,1006,79.5,69,337,47.7,480,38.1,383,29.8,49.1,44.6,35.5,19.9,166,62.7,52.4,87,15.7,26,22.9,38,9,15,27.2
"Flores Jr., Rafael",804668,2026,25,148,163,39,22,6,0,11,45,15,27.6,9.2,.264,.527,.331,0.858,0.263,.304,25,68,78,0,0,37,205,129,0,100,6,47,2,0,1,0,13,14,103,12,0,24,33,6,1,0,1,0,2,0,0,0,0,0,81,0,0,0,0,0,1,0,0,17,0,0,0,226,0,422,81,648,,1,1,0,0,.247,.506,.367,.350,.313,.259,.482,.452,.379,.353,.017,.021,.017,73.9,39.3,17.8,12.6,32.4,22.9,7.5,6,15.4,-0.5,60.8,36.3,90.7,12.4,35,15,14.6,9.7,20.4,23.3,29.1,2.9,45.6,101.474261731,95.313841262,61.2,22.2,27.7,51.2,48.8,44,86,47.8,310,70.6,7.9,78,362,206,648,77.8,46,207,52.2,338,43.5,282,30.7,45.2,46.6,37.9,15.5,103,67.9,44.7,46,36.9,38,17.5,18,1,1,26.4
"Sanoja, Javier",691594,2026,23,461,490,136,88,32,5,11,39,27,8,5.5,.295,.458,.333,0.791,0.163,.303,69,200,211,5,11,128,473,286,0,334,8,144,8,0,3,0,52,11,424,72,1,71,131,45,41,0,2,0,1,1,0,0,1,1,81,4,1,0,2,0,3,0,0,50,9,2,0,504,2,1153,81,1657,,3,6,1,0,.273,.359,.342,.295,.310,.086,.353,.298,.322,.298,.022,.099,.047,69.3,8.1,10.5,9.5,37.1,33.4,7.4,11,5,-6.8,52,22.6,87.1,12,33.5,12,2.8,3.5,25.9,27.8,34.7,4.7,32.3,97.327541304,92.69141843,66.2,7.6,39.6,18.1,81.9,62,342,52.1,864,72.4,7,186,954,516,1657,92.4,40,525,47.9,793,41.2,682,11.8,52.3,40.1,37.3,22.6,424,67.6,43.2,183,19.3,82,27.6,117,9.9,42,28.6
"Crawford, Justin",702222,2026,22,425,465,112,85,19,5,3,82,27,17.6,5.8,.264,.353,.309,0.662,0.089,.317,41,166,150,4,17,100,498,259,0,373,26,149,7,0,0,3,57,13,353,42,0,45,151,32,13,0,0,0,19,4,0,1,6,4,119,4,0,0,0,0,0,0,0,48,17,0,0,526,10,1155,119,1681,,0,3,2,0,.257,.328,.294,.284,.305,.072,.328,.316,.323,.317,.007,.025,.010,69.2,6.1,11.5,9.6,31.9,26.7,7,10,3.5,10.5,39.4,29,87.1,1.1,28.6,7,2,4.5,24.9,17.3,43.6,6.5,35.1,98.072316272,93.092773145,69.3,12,37.6,28.2,71.8,90,319,50.4,848,78.5,7.2,203,1099,379,1681,88,69,577,49.6,833,40.6,682,17.7,53.3,28.9,40.2,30.9,353,66.2,58.9,208,16.4,58,21,74,3.7,13,29.6
"Wynns, Austin",642851,2026,35,82,89,12,11,0,0,1,24,5,27,5.6,.146,.183,.195,0.378,0.037,.193,1,49,15,0,0,20,87,61,0,78,2,34,0,0,0,0,4,1,60,7,0,14,20,8,6,0,0,0,9,0,0,2,2,0,40,0,0,0,0,0,0,0,0,4,0,0,0,93,2,245,40,338,,0,2,0,0,.200,.290,.176,.240,.246,.090,.204,.300,.207,.283,-0.054,-0.107,-0.064,70.5,13.5,5.9,4.5,22.9,17.3,7.4,4,12.3,-4.2,47.5,34.8,84.9,16,31.7,2,3.3,3.3,30,25,28.3,10,26.7,96.338909655,92.190218966,68.2,12.9,40.5,42.6,57.4,29,68,49.7,168,75,8.3,39,176,123,338,87.1,15,116,50.3,170,43.5,147,23.9,54.4,36.7,36.7,26.7,60,66.3,40,24,25,15,25,15,10,6,25.1
"Ortiz, Joey",687401,2026,27,371,415,100,73,14,4,9,82,35,19.8,8.4,.270,.402,.328,0.730,0.132,.319,47,178,149,5,9,95,504,348,0,272,13,134,12,0,1,0,47,13,298,40,0,47,103,27,19,0,0,0,15,6,0,0,4,5,116,5,0,0,0,0,0,0,0,49,8,1,0,537,9,1067,116,1604,,0,1,0,0,.243,.346,.321,.297,.309,.103,.366,.332,.340,.314,.027,.056,.024,73.3,33.3,14.7,12.1,32.2,26.5,7.5,6,2.9,-1,36.4,28.2,89.2,6.4,29.2,12,4,6.7,23.2,20.8,38.6,6.7,37.6,99.747955517,94.078216747,57.5,9.3,32.8,37.5,62.5,101,269,51.2,821,67.2,7.2,162,935,495,1604,90.7,42,450,48.8,783,40.6,652,19.9,44.8,32.9,39.9,27.2,298,63.1,50.3,150,20.1,60,23.2,69,6.4,19,29.1
"Church, Nathan",701675,2026,25,434,470,107,78,17,2,10,81,25,17.2,5.3,.247,.364,.290,0.654,0.117,.278,50,184,158,5,10,101,522,226,0,427,15,142,6,0,0,4,45,17,360,45,0,66,118,33,36,0,0,0,16,3,0,0,1,6,180,5,0,0,2,0,0,0,1,53,9,1,0,559,7,1235,180,1794,,1,3,1,0,.242,.354,.288,.283,.286,.112,.319,.314,.298,.295,.005,.010,.005,69.6,8.6,9.5,7.5,28.1,22.3,7.1,10,5.8,0.7,39.8,32.4,85.6,13.4,34.2,19,5.3,5.6,23.3,26.1,30.8,8.6,30,96.943636954,92.484705562,72.7,14.6,42.3,29.1,70.9,118,405,53.6,958,75.8,6.9,309,1029,444,1794,85.4,88,603,46.4,830,41.4,741,20.5,56.2,33.1,38.6,28.3,360,62.6,45.3,163,23.1,83,21.7,78,10,36,28.5
"Herrera, Iván",671056,2026,26,605,717,146,100,26,1,19,138,76,19.2,10.6,.241,.382,.353,0.735,0.141,.280,69,251,231,0,8,130,987,536,0,536,18,161,19,0,4,31,48,31,472,66,1,64,181,39,40,0,5,0,2,0,0,108,0,5,230,0,0,0,1,0,0,0,0,98,7,1,0,1070,5,1810,230,2880,,0,8,2,0,.249,.390,.329,.336,.357,.141,.344,.353,.309,.321,-0.008,-0.008,-0.007,73.6,40.3,14.8,12,30.3,24.6,7.7,21,7.6,-3.4,46,30.8,89.4,9.4,31.6,29,6.2,7.2,25.4,21.2,35.4,3.8,40.6,100.671085171,94.557141432,61.6,12.6,28.4,36.9,63.1,157,426,52.2,1501,67.9,7.6,351,1603,921,2880,87.4,107,846,47.8,1374,42,1208,20.8,44.2,37.7,40,22.2,472,62.2,48.5,229,20.1,95,22.7,107,8.7,41,26.1
"Pozo, Yohel",650968,2026,29,60,62,15,13,1,0,1,9,1,14.5,1.6,.250,.317,.258,0.575,0.067,.275,7,33,19,0,1,18,54,29,0,55,1,37,6,0,0,0,4,1,52,10,0,7,19,4,5,0,0,0,7,0,0,6,0,1,22,0,0,0,0,0,0,0,0,4,1,0,0,57,1,161,22,218,,0,3,1,0,.253,.313,.251,.252,.263,.060,.286,.287,.288,.295,-0.003,.004,-0.001,69.3,7.7,10.4,8.5,30.2,24.8,7.5,1,7.3,-2.4,47.5,28.4,86.6,15.3,34.6,1,1.9,1.9,34.6,25,34.6,1.9,25,95.627254615,91.8645575,71.7,9.9,51.3,29.5,70.5,18,61,54.6,119,64.3,6.4,28,126,64,218,90.1,7,71,45.4,99,41.7,91,18.9,60.6,32.7,32.7,34.6,52,74.2,44.2,23,15.4,8,30.8,16,9.6,5,24.5
"Banfield, Will",677943,2026,26,20,21,3,2,1,0,0,7,0,33.3,0,.150,.200,.143,0.343,0.050,.214,1,4,4,0,0,3,21,6,0,14,4,11,0,0,0,0,0,0,14,3,0,4,3,0,4,0,0,0,4,2,0,0,0,1,14,0,0,0,0,0,0,0,0,1,0,0,0,21,1,52,14,73,,0,0,0,0,.149,.191,.145,.151,.152,.042,.217,.226,.214,.228,.001,.009,-0.006,73.7,31.7,4.2,2.4,20.8,12.2,7.1,0,4.2,-12,41.5,24.2,83.5,33.9,21.4,0,0,7.1,21.4,57.1,14.3,0,14.3,91.833835714,90.122459286,78.1,32,51.2,47.6,52.4,10,21,56.2,41,66.7,4.1,11,43,19,73,68,8,25,43.8,32,50.7,37,39.1,63,35.7,21.4,42.9,14,57.1,21.4,3,28.6,4,21.4,3,28.6,4,
"Kim, Hyeseong",808975,2026,27,116,131,30,25,3,1,1,31,12,23.7,9.2,.259,.328,.323,0.651,0.069,.337,11,52,38,1,5,31,166,97,1,90,5,43,2,0,0,0,8,2,87,20,0,15,33,4,3,0,0,0,10,0,0,0,0,2,57,1,0,0,0,0,0,0,0,16,5,0,0,174,2,341,57,515,,0,0,0,1,.261,.341,.293,.304,.333,.080,.341,.358,.345,.360,-0.002,-0.013,-0.011,66.7,0,7.2,5.6,34.9,27,7.2,5,8.1,1.6,39.2,39.9,85.8,9.1,42.5,3,3.4,2.3,40.2,18.4,32.2,3.4,25.3,95.588878636,91.838053563,64.5,12.9,29.2,60.3,39.7,44,73,48.5,250,67.6,7.2,120,270,122,515,87.1,22,171,51.5,265,42.7,220,27,47.4,32.2,43.7,24.1,87,68.7,47.1,41,19.5,17,29.9,26,3.4,3,28.8
"Bleday, JJ",668709,2026,28,466,545,101,58,17,2,24,121,72,22.2,13.2,.217,.416,.324,0.740,0.199,.238,58,219,194,5,6,103,794,315,1,375,20,133,6,0,1,3,22,28,349,51,0,89,76,44,37,0,1,0,5,0,0,7,0,3,234,5,0,0,1,0,1,0,0,61,6,0,0,843,3,1305,234,2148,,1,3,0,1,.240,.421,.326,.340,.345,.181,.360,.382,.290,.325,-0.023,-0.005,-0.014,73.6,32,13.8,10.4,29.8,22.4,7.3,26,14.1,-9.5,53.7,32.4,88.4,23.2,39.4,33,9.5,8.9,22.7,34.8,20.1,3.4,40.1,99.80397093,94.061260465,70,17.9,22.8,52.2,47.8,130,249,50.8,1090,76.9,7.5,474,1027,643,2148,82,132,739,49.2,1056,42.7,917,26.5,46.1,46.6,33.6,19.8,348,62.5,28.4,99,33.6,117,27.6,96,10.6,37,27.5
"Chisholm Jr., Jazz",665862,2026,28,471,532,109,71,16,3,19,157,56,29.5,10.5,.231,.399,.312,0.711,0.168,.301,55,205,188,9,41,117,772,354,0,364,25,137,5,0,0,1,40,24,318,42,3,68,94,21,25,0,3,0,4,3,0,1,0,4,261,8,1,0,1,0,4,0,0,69,29,12,0,821,4,1347,261,2168,,4,1,0,0,.216,.366,.312,.294,.296,.150,.400,.370,.343,.321,.015,.033,.018,72.9,28.3,14.5,10.4,32.4,23.2,7.9,15,15.6,-7.8,59.4,32,90.4,16.3,29.9,26,8.2,7.9,23.6,29.2,25.8,4.7,42.8,100.204570455,94.436904935,64.3,23.3,29.4,45.4,54.6,153,337,53.1,1148,78.5,6.7,353,1128,675,2168,76.7,152,652,46.9,1014,40.4,874,30.9,45.8,50.9,31.1,17.9,318,62.8,42.1,134,28.9,92,20.1,64,8.8,28,28.3
"Bolte, Henry",703607,2026,22,415,473,115,86,16,2,11,133,39,28.1,8.2,.277,.405,.359,0.764,0.128,.381,38,147,168,8,21,81,600,238,1,308,23,119,5,0,3,15,62,16,285,37,0,26,115,18,10,0,0,0,4,2,0,1,1,2,265,7,1,0,0,0,3,1,0,57,20,1,0,646,3,1123,265,1769,,4,4,0,1,.246,.375,.341,.317,.332,.129,.431,.394,.405,.363,.031,.030,.024,76.8,70.2,21,14.6,29.2,20.3,7.6,22,6.7,5.2,42.7,32.7,91,1.3,27.7,23,8.1,4.9,26,12.3,41.8,6.3,48.6,104.45817,96.694969321,73.6,20.4,28.4,62.3,37.7,162,260,52,917,87.5,7.3,212,1053,496,1769,79.6,127,623,48,847,41.7,735,32.8,50,31.9,41.8,26.3,285,64.7,62.1,177,14.7,42,19.6,56,3.5,10,30.5
"Varsho, Daulton",662139,2026,29,484,526,107,69,23,3,12,107,39,20.3,7.4,.221,.355,.281,0.636,0.134,.260,40,222,172,0,12,105,634,264,0,446,27,140,4,0,1,2,41,19,378,47,0,90,108,36,37,0,2,0,3,2,0,1,0,1,190,0,0,0,1,0,0,0,0,51,12,0,0,673,1,1325,190,1998,,0,3,1,0,.228,.354,.281,.283,.285,.126,.317,.320,.283,.292,-0.007,.001,-0.002,72.9,28.2,9.9,7.8,25.8,20.4,7.7,4,10.1,-0.6,55,28.1,86.7,16.2,32,26,6.9,4.2,22.8,31.5,29.1,5.6,36.5,98.36044754,93.211984706,72.4,14.6,36.5,34.2,65.8,134,392,53.8,1074,80.9,7.1,233,1145,618,1998,85.4,98,669,46.2,924,41,820,21.9,53.1,38.1,39.4,22.5,378,62,39.4,149,28.8,109,22,83,9.8,37,27.4
"Hays, Austin",669720,2026,30,100,105,28,22,3,0,3,27,4,25.7,3.8,.280,.400,.305,0.705,0.120,.352,15,49,40,1,0,30,123,49,0,66,3,38,3,0,0,0,11,1,74,16,0,10,27,7,2,0,1,0,7,0,0,13,0,1,69,1,0,0,0,0,0,0,0,16,0,0,0,134,1,262,69,396,,0,2,0,0,.278,.383,.304,.295,.297,.105,.399,.388,.378,.377,.002,.017,.009,72.9,25.3,13.5,9.1,34.1,23.1,7.3,7,15.7,-4.9,59.4,31.4,87.5,4.9,35.1,3,4.1,6.8,32.4,17.6,32.4,5.4,41.9,99.166541622,93.922986164,74.4,23.1,36.6,51.9,48.1,41,79,54.5,216,76.7,7.6,71,160,161,396,76.9,31,134,45.5,180,38.4,152,33.8,53.8,51.4,27,21.6,74,74,51.4,38,14.9,11,31.1,23,2.7,2,27.1
"Cox, Jonah",813841,2026,24,151,169,38,28,4,2,4,65,10,38.5,5.9,.252,.384,.298,0.682,0.132,.415,16,41,58,4,16,26,195,99,1,111,9,62,0,0,0,0,17,8,93,13,0,13,30,8,3,0,0,0,11,7,0,0,7,0,110,4,0,0,0,0,1,0,0,26,12,4,0,204,7,434,110,638,,1,0,0,1,.209,.319,.300,.256,.258,.110,.481,.398,.442,.367,.043,.065,.044,68.7,5.5,8.8,5.5,31.8,19.7,6.5,9,9.2,9.9,49.6,35.7,88.3,11.3,34.4,5,5.4,3.2,26.9,19.4,24.7,20.4,35.5,98.945106923,93.713279091,71,31.1,33.8,50.5,49.5,54,107,49.7,317,79.2,8.3,67,401,163,638,68.9,71,228,50.3,321,40.3,257,37.3,52.5,21.5,40.9,37.6,93,67.5,50.5,47,22.6,21,23.7,22,3.2,3,30.0
"Freeman, Freddie",518692,2026,36,579,657,167,118,32,1,16,116,66,17.7,10,.288,.430,.362,0.792,0.142,.333,70,269,249,0,7,139,947,330,0,575,24,153,22,0,1,5,46,29,470,90,2,93,157,38,13,0,3,0,8,0,0,1,0,7,286,0,0,0,0,0,0,0,0,74,7,0,0,1028,7,1691,286,2719,,0,2,1,0,.290,.463,.348,.363,.364,.173,.383,.404,.355,.363,-0.002,-0.033,-0.015,70.1,7.5,13,10.3,32.6,25.8,6.7,22,7.7,2.7,42.8,42.5,89.5,12.2,38.7,38,8.1,7.7,29.8,21.5,29.6,3,41.3,99.86901312,94.167362927,73.3,17.3,29.3,36.4,63.6,153,420,52.8,1435,87.5,6.8,386,1491,842,2719,82.7,163,941,47.2,1284,41.5,1129,23.2,50.1,33.4,36.6,30,470,56.3,43.2,203,26,122,27.7,130,3.2,15,25.2
"Troy, Tommy",694371,2026,24,129,143,28,20,3,1,4,34,13,23.8,9.1,.217,.349,.289,0.638,0.132,.264,9,52,45,0,1,31,199,107,0,88,3,45,0,0,1,0,10,7,96,11,0,15,36,11,6,0,0,0,2,2,0,2,1,0,61,0,0,0,0,0,0,0,0,23,1,0,0,210,1,366,61,576,,0,2,0,0,.229,.393,.285,.304,.300,.164,.330,.360,.295,.311,-0.012,-0.044,-0.019,72,23.3,12.3,9.3,27.2,20.5,7,7,13.1,-2.8,52.3,32.7,84.9,12.1,31.3,9,9.4,4.2,19.8,21.9,35.4,9.4,30.2,98.007827021,93.060625699,63.2,18.1,27.7,42.7,57.3,35,82,51.4,296,77.5,6.9,64,291,218,576,81.9,32,177,48.6,280,43.6,251,25.9,45,32.3,41.7,26,96,58.7,47.9,46,22.9,22,22.9,22,6.3,6,30.1
"Larnach, Trevor",663616,2026,29,383,433,103,66,23,1,13,79,45,18.2,10.4,.269,.436,.352,0.788,0.167,.309,48,122,167,2,2,75,596,312,0,240,11,122,10,0,1,4,32,17,305,53,1,55,87,34,26,0,1,0,30,0,0,3,1,0,177,2,0,0,0,0,0,0,0,57,2,0,0,634,1,1058,177,1692,,0,2,0,0,.259,.394,.347,.327,.341,.136,.382,.353,.339,.326,.010,.042,.020,72.2,23.2,15.6,11.6,33.3,24.8,7.2,11,8.5,-14.4,44.3,33.2,87.7,13.8,38,23,7.5,5.2,27.9,27.5,28.5,3.3,36.7,99.019390592,93.514289046,60.3,14,29.7,50,50,133,266,53,896,67.7,7.7,343,829,518,1692,86,67,480,47,796,41.3,699,26.8,44.1,44.6,36.4,19,305,64,39,119,23.6,72,28.5,87,8.9,27,26.7
"McGuire, Reese",624512,2026,31,29,34,5,5,0,0,0,9,2,26.5,5.9,.172,.172,.273,0.445,0.000,.250,3,10,5,0,0,4,24,26,0,21,1,11,0,0,0,2,2,1,21,2,0,4,7,3,2,0,0,0,2,0,0,0,1,0,10,0,0,0,0,0,0,0,0,1,0,0,0,29,1,81,10,110,,0,0,0,0,.186,.215,.221,.242,.285,.029,.223,.257,.250,.270,-0.014,-0.043,-0.021,69.3,2.1,0,0,18.4,14.6,7.8,0,10.5,-4.2,41.7,31,74.3,18.8,33.3,0,0,0,23.8,28.6,23.8,23.8,9.5,87.906893,89.0789435,59.7,8.1,37.5,50,50,9,18,43.6,48,72.7,10,21,54,30,110,91.9,3,37,56.4,62,43.6,48,21.8,50,28.6,47.6,23.8,21,73.5,42.9,9,23.8,5,23.8,5,9.5,2,25.2
"Pham, Tommy",502054,2026,38,30,35,3,2,0,0,1,11,5,31.4,14.3,.100,.200,.229,0.429,0.100,.111,3,11,6,0,0,6,52,27,0,19,2,17,0,0,0,0,0,1,19,2,0,3,11,1,1,0,0,0,5,1,0,6,0,0,18,0,0,0,0,0,0,0,0,5,0,0,0,54,0,85,18,139,,0,0,0,0,.236,.354,.209,.317,.345,.118,.202,.400,.158,.372,-0.136,-0.154,-0.108,72.4,27.5,19.4,13.7,36.1,25.5,7.2,2,13.4,-0.4,70.6,30.5,93.6,12.7,26.3,1,5.3,5.3,36.8,26.3,26.3,0,52.6,102.714876,96.074524211,60.9,19,22.9,75,25,12,16,50.4,70,87.5,5.8,27,69,43,139,81,8,42,49.6,69,38.1,53,34.5,41.7,63.2,10.5,26.3,19,74.3,57.9,11,21.1,4,15.8,3,5.3,1,26.4
"Neto, Zach",687263,2026,25,619,704,148,85,31,5,27,215,70,30.5,9.9,.239,.436,.330,0.766,0.197,.320,77,208,270,12,24,118,937,389,0,539,25,157,3,0,1,14,36,41,405,68,3,103,88,26,39,0,1,0,0,0,0,3,0,1,419,12,0,0,1,0,7,0,0,102,17,7,0,1007,1,1801,419,2808,,7,1,1,0,.216,.412,.336,.317,.309,.196,.440,.407,.365,.331,.023,.024,.019,71.5,17,11.5,7.9,31.1,21.3,7.1,43,20.2,-8.1,39.9,39.7,89.9,22.8,38.3,48,11.9,8.1,24.4,33.8,17.5,4,41.6,99.89467408,94.293639279,68.2,17.8,36.9,54,46,320,593,57.3,1608,74.9,6.1,450,1307,1046,2808,82.2,145,816,42.7,1196,38,1066,32.9,50.3,48.9,29.4,21.7,405,65.1,30.6,124,35.6,144,23.5,95,10.4,42,27.9
"Lee, Jung Hoo",808982,2026,27,539,579,149,104,31,4,10,57,29,9.8,5,.276,.404,.320,0.724,0.128,.292,57,190,218,1,12,113,674,404,0,397,15,143,6,0,0,7,46,24,486,79,0,86,166,59,23,0,1,0,1,0,0,4,0,4,103,1,0,0,0,0,1,0,0,65,12,0,0,708,4,1417,103,2125,,1,3,0,0,.288,.382,.317,.315,.330,.095,.326,.324,.307,.321,-0.012,.022,.002,68.5,3.6,9.8,8.7,40.4,35.8,7.7,4,4.7,-4.3,40.4,38.8,87.5,11.3,36,11,2.3,4.9,30.5,24.7,33.5,3.9,31.5,96.907185726,92.569166245,64,6.1,31.1,25.9,74.1,85,328,49.6,1054,68.6,8.1,229,1250,642,2125,93.9,42,685,50.4,1071,42.9,911,12.5,47.7,37.7,38.5,23.9,486,62.7,43.6,212,22.6,110,29,141,4.7,23,27.5
"Crow-Armstrong, Pete",691718,2026,24,626,726,175,91,31,8,45,187,83,25.8,11.4,.280,.570,.372,0.942,0.290,.327,107,223,357,7,41,146,993,392,0,619,31,162,2,0,1,12,44,64,444,64,3,85,95,39,49,0,7,0,2,0,0,4,1,4,319,6,1,0,2,0,2,0,0,119,36,5,0,1055,5,1842,319,2897,,2,1,2,0,.264,.508,.400,.374,.355,.245,.508,.467,.395,.376,.016,.062,.026,75.1,53.6,16.1,12.5,26.3,20.5,7.5,46,15.6,-6.8,51.3,34.7,90.6,22,38.1,59,13.3,9,24.3,28.4,18.2,6.5,48.6,102.38778711,95.808047982,68.6,17.2,34.2,42,58,225,536,54,1565,76,6.3,475,1543,869,2897,82.8,157,914,46,1332,40.9,1184,26.3,50.1,51.1,30.2,18.7,444,62.8,31.3,139,33.6,149,23.4,104,11.7,52,29.5
"Edman, Tommy",669242,2026,31,291,331,72,50,12,2,8,67,22,20.2,6.6,.247,.385,.329,0.714,0.138,.295,42,116,112,3,7,73,416,205,0,202,10,84,4,0,0,14,25,14,228,33,0,51,79,11,13,0,0,0,1,0,0,1,3,1,110,3,0,0,2,0,4,0,0,44,6,1,0,444,4,766,110,1210,,4,7,1,0,.240,.347,.320,.303,.324,.107,.352,.329,.320,.313,.007,.038,.017,70.8,14.3,13.4,10.4,32.5,25.3,7,2,9.7,-2.6,58.7,26.7,87.3,13.1,29.4,12,5.3,4.4,25.9,27.2,32.9,3.9,32,98.478885179,93.248303304,64.5,9,30.4,49,51,96,196,53.2,644,69.2,7.5,215,660,335,1210,91,33,365,46.8,566,42.3,512,23,46.4,42.1,34.6,23.2,228,61.6,45.6,104,28.5,65,20.2,46,5.7,13,28.0
"Rumfield, TJ",681198,2026,26,547,631,164,115,30,3,16,86,72,13.6,11.4,.300,.453,.390,0.843,0.153,.331,73,206,248,0,0,135,872,307,0,476,26,155,5,0,0,10,39,37,463,88,0,96,144,30,28,0,0,0,3,0,0,11,0,2,181,0,0,0,0,0,0,1,0,67,0,0,0,931,2,1465,181,2396,,1,3,0,0,.261,.386,.373,.333,.357,.125,.384,.329,.354,.309,.039,.067,.040,68.4,7.5,7.8,6.4,30.6,25,6.5,17,8.9,-2.2,44.2,36.6,84.3,15.7,37.4,23,5,5.4,27.4,28.5,26.6,6.5,27.9,96.180816261,92.096667739,70.6,8.3,30.4,38.5,61.5,155,403,55.3,1326,82.4,6.4,344,1303,736,2396,91.7,63,755,44.7,1070,41,983,18.8,48.3,40.8,34.1,25.1,463,62.4,39.5,183,28.7,133,25.7,119,6,28,24.9
"Ozuna, Marcell",542303,2026,35,251,280,51,36,7,0,8,80,27,28.6,9.6,.203,.327,.286,0.613,0.124,.264,29,137,82,0,0,71,448,236,0,198,9,70,5,0,0,2,10,12,171,29,0,36,48,16,20,0,1,0,4,0,0,66,0,0,140,0,0,0,0,0,0,0,0,22,0,0,0,476,0,764,140,1240,,0,2,0,0,.221,.389,.276,.304,.300,.168,.335,.382,.298,.326,-0.018,-0.062,-0.028,73.5,36.9,12.8,8.9,29.3,20.3,7.5,4,15.8,-6.5,48.5,36.5,89.1,20.3,38.6,13,7.7,6.4,26.3,31.6,24,2.3,36.8,99.258350119,93.737043155,61.3,19.2,26.7,51.4,48.6,92,179,54.1,671,62.2,7.3,176,699,361,1240,80.8,67,349,45.9,569,42.3,525,30.1,42.6,38,35.7,26.3,171,58.4,33.9,58,28.1,48,26.3,45,11.7,20,24.7
"García Jr., Luis",671277,2026,26,516,543,143,82,26,5,30,97,25,17.9,4.6,.277,.521,.309,0.830,0.244,.289,92,214,269,2,5,126,614,270,0,406,32,147,9,0,0,0,38,32,421,73,0,67,146,34,31,0,0,0,22,0,0,11,0,2,175,2,0,0,0,0,1,0,0,69,2,3,0,671,2,1314,175,1985,,1,3,0,0,.276,.486,.355,.341,.309,.210,.416,.398,.340,.339,.001,.035,.014,74.3,45.4,19,15.5,32.8,26.7,7.4,14,10.5,-2.5,63.8,27.7,91.4,11.5,33,51,12.2,4.8,22.1,23,36.1,1.2,46.1,102.267913349,95.535729017,70.2,12.4,38.4,33.3,66.7,140,421,55.3,1097,78.6,6.6,472,911,594,1985,87.6,77,623,44.7,887,41.8,829,20.8,52.6,41.8,37.5,20.7,421,63.4,43.7,184,23.5,99,25.4,107,7.4,31,26.3
"Bateman, Brett",703520,2026,24,158,181,52,42,7,1,2,35,18,19.3,9.9,.329,.424,.402,0.826,0.095,.410,11,56,67,0,3,36,251,151,0,133,2,41,0,0,0,2,26,4,126,22,0,12,48,13,1,0,0,0,1,0,0,0,2,1,39,0,0,0,1,0,1,0,0,28,3,0,0,262,3,458,39,720,,1,0,0,0,.268,.338,.368,.312,.347,.069,.419,.340,.419,.345,.061,.086,.056,67.9,2.7,5.3,4.6,32.5,28.5,7,2,6.3,7.9,43,35.3,84.7,2.8,34.9,2,1.6,4.8,27.8,14.3,38.1,12.7,19.8,94.543693051,91.311951453,56.9,7.8,28.3,28.4,71.6,29,102,50,360,62.5,7.8,83,465,169,720,92.2,16,205,50,360,42.1,303,14.7,42.6,32.5,34.9,32.5,126,60.2,58.7,74,12.7,16,27.8,35,0.8,1,28.8
"Bruján, Vidal",660644,2026,28,11,13,1,1,0,0,0,1,1,7.7,7.7,.091,.091,.167,0.258,0.000,.100,1,5,1,1,0,4,16,1,0,6,0,9,0,0,0,0,1,0,11,0,0,1,5,1,3,0,0,0,1,3,0,0,1,0,5,0,1,0,0,0,0,0,0,4,0,0,0,16,1,23,5,39,,0,0,0,0,.164,.231,.132,.213,.233,.068,.089,.186,.100,.180,-0.073,-0.140,-0.081,68.9,0,7.7,5.6,38.5,27.8,7,0,10.8,0.8,66.7,27.7,82,20.2,9.1,0,0,9.1,9.1,36.4,27.3,18.2,9.1,92.2605,90.501525556,94.4,17.6,23.8,40,60,2,5,53.8,21,,0,5,21,11,39,82.4,3,17,46.2,18,53.8,21,22.7,56.4,36.4,45.5,18.2,11,61.5,54.5,6,9.1,1,9.1,1,27.3,3,25.7
"Wong, Connor",657136,2026,30,210,238,49,33,12,0,4,57,17,23.9,7.1,.233,.348,.308,0.656,0.115,.300,25,84,73,1,3,52,289,159,0,163,6,77,7,0,1,6,15,11,158,22,1,28,59,9,13,0,0,0,10,3,0,3,4,1,91,1,0,0,0,0,0,0,0,22,3,0,0,309,5,590,91,899,,0,0,0,0,.219,.327,.295,.281,.295,.108,.342,.322,.318,.300,.014,.021,.014,72.9,29.1,12.3,9.3,26.8,20.3,7.4,10,13,-7.1,49.1,31.4,85.9,12.6,24.7,7,4.4,4.4,19.6,26.6,36.1,8.9,34.8,99.018654737,93.54581298,64.9,13.1,32,46.6,53.4,69,148,51.5,463,75.7,8.2,78,515,302,899,86.9,37,283,48.5,436,38.6,347,24.6,47.9,41.1,35.4,23.4,158,63.9,46.8,74,24.7,39,19.6,31,8.9,14,27.6
"Grichuk, Randal",545341,2026,34,265,280,76,34,25,2,15,61,11,21.8,3.9,.287,.566,.314,0.880,0.279,.318,46,124,150,0,0,74,309,146,0,199,12,117,4,0,2,1,21,17,207,38,0,44,53,15,18,0,2,0,25,5,0,47,0,3,110,0,0,0,0,0,0,0,0,41,0,0,0,328,3,680,110,1008,,0,0,0,0,.278,.478,.370,.335,.303,.201,.462,.416,.367,.358,.009,.088,.035,74.5,46.5,20.4,15.7,35.1,27,7.7,9,8.8,-6.6,61.3,27.4,91.3,17.1,37.7,23,11.2,6.8,27.5,27.1,22.7,4.3,49.8,102.787849029,95.926782379,70.2,13.3,36.4,43.9,56.1,82,187,51,514,74.7,7.4,146,579,283,1008,86.7,46,347,49,494,41.8,421,24,53,44.4,31.4,24.2,207,62,35.7,74,29.5,61,26.1,54,8.7,18,27.3
"Merrill, Jackson",701538,2026,23,613,664,156,99,26,5,26,160,41,24.1,6.2,.254,.440,.303,0.743,0.186,.302,87,253,270,4,27,142,806,258,0,569,37,158,8,0,2,3,41,39,460,76,0,98,129,50,25,0,4,0,1,0,0,1,4,3,340,4,0,0,0,0,1,0,0,86,27,0,0,857,7,1682,340,2539,,1,2,1,0,.270,.491,.320,.347,.315,.221,.400,.438,.342,.366,-0.016,-0.051,-0.027,73.4,31.7,16.4,12.1,31,22.8,7.5,23,9.3,1.1,46.7,38.3,91.5,14.3,39.8,57,12.4,7.8,24.1,24.3,27.8,3.3,48.7,101.402458194,95.327540397,77.9,18.4,37.6,43.7,56.3,226,517,54.2,1375,87.2,6.5,443,1421,670,2539,81.6,167,907,45.8,1164,40.7,1033,27.6,56.1,38,35.4,26.5,460,65.2,37,170,29.8,137,27.8,128,5.4,25,29.0
"Alfonzo, Eliezer",672613,2026,26,28,28,5,3,2,0,0,3,0,10.7,0,.179,.250,.179,0.429,0.071,.200,4,13,7,0,0,7,28,15,0,19,1,13,0,0,1,0,1,1,25,3,0,6,10,3,1,0,0,0,5,0,0,1,0,0,6,0,0,0,0,0,0,0,0,3,0,0,0,28,0,66,6,94,,0,0,0,0,.211,.290,.185,.215,.211,.080,.208,.241,.200,.236,-0.032,-0.040,-0.030,68.7,4.5,10.5,9.1,50,43.2,7,1,7.3,3.6,44.4,32,91.3,10.9,40,0,0,4,24,32,36,4,32,98.6623025,93.612612917,74.5,5.7,34,31.3,68.8,5,16,50,47,83.3,6.4,22,64,8,94,94.3,2,35,50,47,42.6,40,13.7,54.3,40,48,12,25,57.1,44,11,28,7,24,6,4,1,26.1
"Meneses, Joey",608841,2026,34,20,25,3,3,0,0,0,4,3,16,12,.150,.150,.280,0.430,0.000,.176,2,9,3,0,0,4,26,12,0,9,1,9,3,0,0,1,0,0,17,3,0,3,9,0,2,0,0,0,2,0,0,3,0,1,5,0,0,0,0,0,0,0,0,1,0,0,0,30,1,46,5,76,,0,0,0,0,.269,.314,.220,.327,.380,.045,.157,.314,.176,.324,-0.119,-0.164,-0.107,70.2,27.6,17.4,13.8,47.8,37.9,7.1,2,9.9,-4.5,41.9,31.4,92.7,12.7,23.5,0,0,5.9,35.3,23.5,29.4,5.9,58.8,101.344301111,96.104733529,61.3,15.8,33.3,33.3,66.7,5,15,59.2,45,66.7,7.9,10,41,25,76,84.2,3,19,40.8,31,39.5,30,23.5,44.7,70.6,17.6,11.8,17,64,52.9,9,17.6,3,17.6,3,11.8,2,25.3
"Ingle, Cooper",694876,2026,24,21,24,2,2,0,0,0,12,3,50,12.5,.095,.095,.208,0.303,0.000,.222,2,11,2,0,0,7,36,21,0,27,0,7,0,0,0,0,1,0,9,1,0,1,6,0,0,0,0,0,1,0,0,3,0,0,7,0,0,0,0,0,0,0,0,1,0,0,0,38,0,67,7,105,,0,0,0,0,.106,.127,.161,.175,.218,.021,.198,.234,.222,.248,-0.011,-0.032,-0.014,68.3,0,3,2.5,21.2,17.5,6.9,3,13.8,4,39,34.8,90.9,1.1,22.2,0,0,0,22.2,11.1,66.7,0,44.4,97.400354,93.632393333,60.4,12.5,26.9,42.9,57.1,6,14,49.5,52,87.5,7.6,13,53,39,105,87.5,4,32,50.5,53,41,43,21.7,43.8,55.6,22.2,22.2,9,70.8,77.8,7,11.1,1,11.1,1,0,0,25.6
"Melendez, MJ",669004,2026,27,120,144,23,13,5,1,4,50,17,34.7,11.8,.192,.350,.315,0.665,0.158,.284,11,53,42,1,0,29,213,91,0,115,11,56,0,0,1,5,8,5,72,10,0,26,11,4,8,0,0,0,14,1,1,23,1,1,86,1,0,0,2,0,1,0,0,14,0,0,0,237,2,378,86,615,,1,0,1,0,.166,.317,.302,.280,.294,.150,.390,.346,.324,.281,.026,.033,.022,74.1,40.6,18.3,12.5,30.9,21.1,7.9,5,13.3,-5.5,58.8,30,94.2,23.6,29.2,8,11.1,11.1,19.4,41.7,12.5,4.2,55.6,102.543121111,96.42811507,67.4,26.1,29.5,50.5,49.5,50,99,54.6,336,78.9,6.2,82,328,199,615,73.9,49,188,45.4,279,43.1,265,34.5,46.7,50,31.9,18.1,72,59,26.4,19,43.1,31,19.4,14,11.1,8,27.2
"Johnston, Troy",687859,2026,29,397,449,110,73,32,1,4,83,37,18.5,8.2,.277,.393,.348,0.741,0.116,.337,50,173,156,5,4,96,524,216,0,325,18,128,8,0,0,9,31,14,320,64,1,62,99,38,10,0,0,0,8,0,0,26,1,5,179,5,0,0,0,0,2,0,0,41,2,2,0,561,6,1074,179,1635,,2,1,0,0,.276,.375,.329,.323,.348,.100,.361,.352,.345,.345,.001,.018,.006,70.1,5.4,12,9.2,36.9,28.1,6.8,7,10.5,-1.8,44.2,34.4,89.7,13.9,39.7,7,2.2,6.6,34.1,26.3,27.8,2.2,36.9,98.35935121,93.374621342,70.6,14.3,36.2,43.1,56.9,134,311,52.6,860,79.3,6.8,249,914,463,1635,85.7,78,547,47.4,775,42.6,697,24.7,52.5,38.1,37.8,24.1,320,61,40.6,130,23.8,76,32.2,103,3.4,11,26.2
"Kreidler, Ryan",668952,2026,28,243,267,53,33,9,3,8,61,21,22.8,7.9,.218,.379,.286,0.665,0.161,.259,29,119,92,4,4,60,326,127,0,173,12,105,6,0,2,2,24,13,183,16,0,36,68,11,15,0,0,0,13,6,0,0,1,0,143,3,1,0,0,0,0,1,0,33,1,3,0,355,1,646,143,1001,,1,1,0,0,.221,.382,.293,.295,.288,.162,.340,.343,.291,.295,-0.003,-0.003,-0.002,73.9,39.1,15.2,10.9,29.2,21,7.9,15,12.4,-1.7,64.6,32.1,88.3,12.9,26.2,15,8.2,4.9,20.2,24,37.2,5.5,37.2,99.404474111,93.790732067,75.4,21,28.3,55.6,44.4,79,142,50,501,85.7,7.7,109,530,359,1001,79,79,377,50,500,41.9,419,30.4,51.8,41.5,40.4,18,183,61,50.3,92,26.8,49,14.8,27,8.2,15,27.8
"Báez, Joshua",695491,2026,23,100,108,23,9,7,0,7,33,4,30.6,3.7,.230,.510,.278,0.788,0.280,.262,18,51,51,1,2,27,101,59,0,68,7,29,0,0,0,3,7,7,68,9,0,20,15,3,7,0,0,0,1,0,0,0,0,1,64,1,0,0,0,0,0,0,0,18,2,0,0,113,1,269,64,382,,0,1,0,0,.212,.446,.335,.303,.261,.234,.459,.408,.338,.312,.018,.064,.032,77.5,74.1,14,9.5,25.6,17.5,7.8,5,10.8,-6.8,58.9,27.6,92.1,23.1,35.3,8,11.8,16.2,13.2,33.8,23.5,1.5,47.1,101.884043529,95.475688088,70.5,25.4,39.6,52.6,47.4,40,76,50.3,192,75,8.4,51,187,144,382,74.6,34,134,49.7,190,42.7,163,35.2,55,47.1,33.8,19.1,68,72.2,32.4,22,39.7,27,17.6,12,10.3,7,29.2
"Murakami, Munetaka",808959,2026,26,454,553,94,42,16,1,35,196,92,35.4,16.6,.207,.478,.347,0.825,0.271,.263,77,177,217,3,1,93,943,429,0,309,25,127,3,0,1,6,23,40,259,31,0,60,84,9,12,0,8,0,0,0,1,6,0,1,383,3,0,0,0,0,2,0,0,82,1,0,0,1009,1,1414,383,2423,,2,0,0,0,.204,.469,.356,.351,.335,.266,.505,.496,.363,.358,.003,.009,.005,74.7,49.8,22.5,13.4,32.5,19.4,7.9,29,19.4,-0.7,44.3,36.1,93.9,16.1,30.5,53,20.5,6.9,21.2,22.4,25.1,3.1,56.8,104.390023411,97.318357821,61.8,33.4,22.2,64.1,35.9,184,287,53.4,1294,73.3,7.1,347,1152,914,2423,66.6,233,698,46.6,1129,40.9,992,42.3,40.7,46.3,34,19.7,259,57.5,41.3,107,38.6,100,15.4,40,4.6,12,26.8
"Díaz, Yandy",650490,2026,34,614,686,180,131,26,1,22,98,56,14.3,8.2,.293,.446,.359,0.805,0.153,.316,85,195,274,1,3,119,838,446,0,511,30,154,15,0,1,10,70,29,522,81,0,73,195,41,29,0,6,0,10,0,0,154,0,6,142,1,0,0,1,0,1,0,0,93,3,0,0,892,6,1659,142,2551,,1,4,0,0,.281,.439,.350,.346,.346,.157,.376,.371,.345,.337,.012,.007,.004,73.5,38.3,19.8,17.2,33.8,29.3,7.6,12,1.5,7.9,27.9,23.8,90.9,6,29.7,37,7.1,7.1,26.2,17.4,38.1,3.6,48.1,102.454762731,95.709031327,67.1,11.3,29,22.5,77.5,85,378,51.2,1302,63.8,7.4,258,1647,637,2551,88.7,94,832,48.8,1240,42.6,1084,14.8,47.5,22.8,46.9,30.3,522,64.1,50.8,265,19.5,102,24.1,126,5.6,29,26.0
"Madrigal, Nick",663611,2026,29,54,63,15,13,2,0,0,3,7,4.8,11.1,.278,.315,.365,0.680,0.037,.288,3,18,17,1,1,13,73,41,0,58,1,19,1,0,0,1,8,0,52,7,0,11,19,6,1,0,0,0,4,0,0,2,0,1,7,1,0,0,0,0,0,0,0,8,1,0,0,78,1,161,7,239,,0,1,0,0,.238,.291,.313,.293,.335,.053,.271,.247,.288,.252,.040,.024,.020,66,1,6.5,6.1,41.3,38.8,6.4,1,4,3,44.9,30.1,88.1,9.3,30.8,0,0,3.8,21.2,28.8,42.3,3.8,26.9,96.477529615,92.324574423,68.5,3.5,30.4,17.1,82.9,6,35,48.1,115,83.3,7.5,22,131,86,239,96.5,3,85,51.9,124,41,98,7.5,50.2,30.8,42.3,26.9,52,61.9,51.9,27,21.2,11,25,13,1.9,1,26.9
"Jorge, Carlos",699115,2026,22,46,50,10,8,0,1,1,13,4,26,8,.217,.326,.280,0.606,0.109,.281,2,12,15,1,2,5,56,22,0,35,4,18,0,0,0,0,4,2,33,4,0,5,10,5,3,0,0,0,1,1,0,0,0,0,28,1,0,0,0,0,0,0,0,5,2,0,0,57,0,125,28,182,,0,1,0,0,.239,.329,.271,.282,.300,.089,.326,.342,.303,.334,-0.022,-0.003,-0.011,68.6,3.4,3.4,2.3,24.1,16.1,7.4,2,16,-2.2,48.3,32.5,81.8,14.3,33.3,2,6.1,0,24.2,27.3,30.3,12.1,15.2,92.587212667,90.658588667,76.8,28.8,34.5,36.7,63.3,11,30,47.8,87,77.8,9.9,31,100,51,182,71.2,21,73,52.2,95,39.6,72,31.1,56.6,36.4,30.3,33.3,33,74,42.4,14,21.2,7,27.3,9,9.1,3,30.4
"Rutschman, Adley",668939,2026,28,364,410,88,48,26,1,13,68,39,16.6,9.5,.242,.426,.315,0.741,0.184,.260,60,185,155,1,0,96,608,351,0,274,15,99,8,0,3,2,26,22,301,40,0,70,94,33,13,0,0,0,0,0,1,18,0,5,91,1,0,0,1,0,0,0,0,44,0,0,0,662,5,1038,91,1700,,0,2,0,0,.254,.412,.323,.327,.329,.159,.345,.350,.292,.312,-0.012,.014,-0.004,70.6,11.9,13.8,11.9,35.9,30.9,6.9,14,7.4,-3,45.1,33.4,88.9,14.7,39.5,21,7,6.6,26.2,28.9,27.2,3.3,38.5,99.111210667,93.73713699,57,10.5,25.7,27.6,72.4,64,232,53.1,902,62.9,6.8,326,908,463,1700,89.5,48,455,46.9,798,42.4,721,16.3,40.4,37.9,39.9,22.3,301,54.6,39.9,120,30.6,92,24.9,75,4.7,14,26.6
"Grisham, Trent",663757,2026,29,418,484,88,49,19,2,18,89,61,18.4,12.6,.211,.395,.308,0.703,0.184,.222,59,170,165,3,9,94,769,389,1,290,11,121,8,0,1,0,21,24,333,42,1,76,106,31,28,0,0,0,3,0,0,1,0,4,127,3,0,0,0,0,0,0,0,67,9,0,0,809,4,1157,127,1966,,0,2,0,1,.245,.429,.311,.337,.339,.184,.323,.361,.264,.309,-0.034,-0.034,-0.026,70.7,8.7,18.2,15.3,41.2,34.7,7.4,6,13.4,-0.9,62.9,28.5,90.6,17.5,35.7,32,9.6,11.1,19.2,29.4,27.9,2.4,45.3,100.542669759,94.739643825,58.8,11.1,19.2,40.2,59.8,76,189,49.9,982,71.8,6.7,270,1161,532,1966,88.9,64,579,50.1,984,42.9,844,18.2,39.1,44.4,38.4,17.1,333,60.1,38.1,127,30,100,22.5,75,9.3,31,26.8
"Arroyo, Michael",703197,2026,21,35,41,13,10,2,0,1,6,5,14.6,12.2,.371,.514,.439,0.953,0.143,.414,4,11,18,0,2,8,40,10,0,29,1,15,0,0,0,0,5,1,30,7,0,6,7,1,2,0,0,0,1,0,0,2,0,1,9,0,0,0,1,0,0,0,0,5,2,0,0,44,1,80,9,124,,0,1,0,0,.323,.433,.414,.375,.406,.110,.449,.396,.433,.388,.048,.081,.039,73.9,37.1,13.2,11.3,28.3,24.2,7.7,0,10.3,-2.8,58.7,38.4,88.8,16.8,33.3,1,3.3,6.7,43.3,26.7,20,0,33.3,98.209815333,93.104907667,88.1,13.5,27.7,22.2,77.8,4,18,52.4,65,100,8.1,15,69,39,124,86.5,7,52,47.6,59,38.7,48,15.7,56.5,53.3,26.7,20,30,65.9,40,12,23.3,7,30,9,6.7,2,28.2
"Torres, Bryan",663494,2026,28,166,189,38,31,1,2,4,39,18,20.6,9.5,.229,.331,.309,0.640,0.102,.272,19,71,55,0,2,42,251,146,0,125,8,74,0,0,1,2,14,5,130,19,0,25,46,15,6,0,0,0,15,7,0,7,1,2,62,0,0,0,0,0,0,0,0,17,2,0,0,275,3,481,62,756,,0,1,0,0,.229,.329,.289,.288,.310,.100,.312,.311,.295,.296,.000,.002,.001,65.8,1,3.9,3.1,39.6,31.8,6.5,6,8.6,1.3,53.4,32.7,86.5,11,35.4,4,3.1,4.6,23.8,27.7,34.6,4.6,26.2,95.647026349,91.92324296,61.6,12.9,27,42.2,57.8,43,102,50,378,65.6,8.1,96,474,186,756,87.1,30,233,50,378,39.6,299,21.8,44.3,48.5,30,21.5,130,57.1,46.2,60,23.1,30,26.2,34,4.6,6,27.2
"Swanson, Dansby",621020,2026,32,428,486,91,53,16,3,19,115,51,23.7,10.5,.213,.397,.297,0.694,0.184,.242,69,223,170,1,17,131,670,262,0,305,13,126,5,0,0,2,27,24,318,39,1,71,110,21,22,0,0,0,6,1,0,1,1,4,252,1,0,0,3,0,0,0,0,82,16,1,0,731,5,1161,252,1892,,0,7,1,0,.220,.380,.305,.301,.303,.160,.350,.346,.287,.299,-0.007,.017,.004,71.5,9.8,13.9,9.9,36.3,25.9,7.6,20,15.7,-4.4,53.8,34.8,89.2,15.5,28.9,23,7.3,8.2,19.8,28.3,32.4,3.5,40.6,99.322246962,93.934010571,70.9,19.9,26.4,55.7,44.3,146,262,52.5,994,83.8,7.8,232,882,770,1892,80.1,127,637,47.5,898,40.5,767,30.4,47.5,50,31.4,18.6,318,58.2,43.1,137,29.9,95,19.8,63,7.2,23,28.3
"Kelly, Carson",608348,2026,31,380,425,98,73,15,0,10,70,40,16.5,9.4,.258,.376,.336,0.712,0.118,.293,58,191,143,1,0,122,586,275,0,289,12,120,11,0,1,5,42,21,310,34,1,54,101,34,23,0,0,0,4,0,0,6,0,0,133,1,0,0,1,0,0,0,0,57,0,0,0,623,0,1022,133,1645,,0,3,1,0,.244,.372,.320,.311,.324,.128,.337,.324,.316,.299,.014,.004,.009,70.6,8.6,12.4,10,35.2,28.2,6.9,5,10.3,-4.7,48.8,33,86.7,13.3,31.6,16,5.2,4.5,28.4,27.1,29.7,5.2,36.1,98.238746516,93.170265419,67.2,10.3,25.2,43.3,56.7,93,215,51.9,853,78.4,7.6,169,912,545,1645,89.7,55,532,48.1,792,41.9,690,19.8,45.4,39.4,40,20.6,310,61.6,46.1,143,24.2,75,21.9,68,7.7,24,25.8
"Gorman, Nolan",669357,2026,26,266,302,49,34,6,0,9,98,33,32.5,10.9,.184,.308,.272,0.580,0.124,.247,33,123,82,1,0,71,428,189,0,208,12,85,1,0,1,0,16,13,171,20,0,51,40,18,13,0,2,0,14,0,0,16,0,3,207,1,0,0,1,0,0,0,0,26,0,0,0,447,3,800,207,1247,,0,0,0,0,.193,.351,.260,.278,.275,.158,.329,.361,.287,.301,-0.009,-0.043,-0.018,73.4,32.7,15.1,9.5,28.7,18.2,7.6,9,17.6,-6.6,46.6,32.6,89.3,21.8,35.1,17,9.9,6.4,18.1,40.4,22.2,2.9,42.1,100.669585581,94.503463216,68.7,26.5,31.4,59.9,40.1,124,207,52.8,659,81.3,7.3,268,686,291,1247,73.5,107,404,47.2,588,40.7,507,37.8,49,45.6,29.2,25.1,171,65.2,32.7,56,37.4,64,22.2,38,7.6,13,25.0
"Antonacci, Sam",803011,2026,23,480,557,133,96,25,4,8,82,43,14.7,7.7,.277,.396,.370,0.766,0.119,.319,48,138,190,8,20,89,783,407,0,385,20,140,2,0,0,29,43,16,403,72,2,71,157,30,11,0,0,0,19,0,0,3,3,2,111,7,1,0,0,0,2,0,0,81,18,2,0,845,5,1332,111,2177,,2,6,1,0,.284,.399,.345,.348,.377,.115,.349,.354,.333,.342,-0.007,-0.003,-0.003,69.6,7.1,9.2,8,35.5,30.8,6.6,12,7.8,7.5,47.2,38.8,87.5,9.9,38,20,5,5,31,20.3,34.7,3.5,33.6,97.500539045,92.834841231,63,9.9,21.8,28.7,71.3,68,237,49.9,1085,76.3,8.1,308,1323,540,2177,90.1,68,687,50.1,1091,42.2,918,14.7,42.5,31.8,42.7,25.6,403,58.2,49.6,200,21.6,87,25.6,103,3.2,13,28.2
"Kurtz, Nick",701762,2026,23,352,434,90,53,15,1,21,141,79,32.5,18.2,.256,.483,.396,0.879,0.227,.363,69,109,170,1,7,68,724,291,0,292,28,99,5,0,1,3,27,24,211,39,0,37,61,16,7,0,9,0,1,0,0,3,0,0,261,1,0,0,0,0,0,0,0,62,6,1,0,763,0,1088,261,1851,,0,3,1,0,.244,.483,.381,.374,.374,.239,.525,.510,.427,.406,.012,.000,.007,78.2,80.4,21.5,13.9,26.1,16.9,7.8,17,12.8,4.2,49.6,37.7,93.4,11.9,38.9,38,18,8.5,23.2,19,25.1,6.2,57.3,106.18726581,98.206808714,66.4,27,23.3,60.5,39.5,141,233,54.1,998,73.8,6.8,331,1014,500,1851,73,152,562,45.9,847,42.8,789,36.9,43.1,34.6,37.9,27.5,211,57.7,41.7,88,28.9,61,26.1,55,3.3,7,26.6
"Palacios, Richie",680700,2026,29,345,399,81,55,14,2,10,68,46,17,11.5,.235,.374,.330,0.704,0.139,.264,57,161,129,7,17,121,528,253,0,280,17,124,7,0,0,4,19,12,281,49,1,44,98,26,31,0,0,0,21,6,0,2,2,2,122,7,0,0,1,0,1,1,1,51,17,0,0,567,4,968,122,1535,,3,1,1,0,.243,.334,.316,.306,.339,.091,.324,.308,.290,.301,-0.008,.040,.010,69.3,4.3,9.3,7.6,32.6,26.8,7.3,19,7.6,-5.3,52.8,26.2,86.2,13.4,33.1,11,4,3.9,24.2,26.7,35.2,4.6,28.8,96.521348897,92.287697638,64.2,14.6,32.5,29.1,70.9,81,278,56,855,73.6,5.7,251,831,441,1535,85.4,63,432,44,673,43.8,670,20.7,46.6,39.1,38.4,22.4,281,63.9,41.6,117,19.9,56,27,76,11.4,32,26.6
"Springer, George",543807,2026,36,462,517,115,75,23,2,15,95,47,18.4,9.1,.249,.405,.321,0.726,0.156,.282,54,199,187,2,12,113,720,287,3,381,20,126,10,0,1,3,39,23,370,53,0,73,127,28,25,0,0,0,6,2,0,118,0,2,200,1,1,0,0,0,0,0,0,59,11,1,0,764,2,1269,200,2033,,0,4,0,3,.238,.381,.320,.306,.312,.142,.351,.332,.312,.299,.011,.024,.014,73.2,35.7,14.3,11.4,30.5,24.2,7.4,28,9.6,0.7,57,33.7,88.6,12.5,30.4,24,6.5,8.4,24.1,26.8,30.4,3.8,38.5,99.548886216,93.977721355,72.9,14.4,25.5,47.8,52.2,128,268,51.8,1053,83.3,8,246,1166,621,2033,85.4,103,714,48.2,980,42.6,866,23.5,48.3,42.5,35.2,22.2,369,59.2,45,166,26,96,22.2,82,6.8,25,26.9
"Marte, Starling",516782,2026,37,153,168,37,30,5,0,2,41,9,24.4,5.4,.242,.314,.298,0.612,0.072,.313,14,71,48,2,2,41,185,104,0,132,13,59,4,0,0,4,18,3,114,15,1,15,42,13,7,0,0,0,12,2,0,18,0,2,82,2,0,0,2,0,0,0,0,15,1,1,0,199,2,448,82,647,,0,0,0,0,.230,.364,.276,.287,.288,.135,.326,.343,.325,.310,.012,-0.050,-0.011,72.6,30.2,16.1,11.8,29.9,22,7.2,9,8.1,0.6,40.3,35.7,87.4,6.4,27.2,11,9.6,1.8,24.6,18.4,33.3,11.4,35.1,100.244828571,94.290100631,70.6,18.6,35.3,46.9,53.1,53,113,49.5,320,79.2,8.2,117,368,160,647,81.4,43,231,50.5,327,39.7,257,27.9,53.2,31.6,43,25.4,114,65.5,52.6,60,15.8,18,24.6,28,7,8,25.6
"De La Cruz, Bryan",650559,2026,29,75,86,21,15,4,0,2,18,7,20.9,8.1,.280,.413,.349,0.762,0.133,.333,12,35,31,0,0,22,110,52,0,67,2,34,2,0,1,2,13,2,59,6,0,6,19,10,2,0,0,0,6,1,0,0,0,2,40,0,0,0,0,0,0,0,0,10,0,0,0,119,2,220,40,339,,0,1,0,0,.240,.346,.335,.299,.318,.106,.381,.328,.356,.311,.040,.067,.036,70.5,15.5,11,8.8,31.4,25,7.3,8,10.1,2.4,42.7,38.5,88.8,3.3,32.2,3,5.1,1.7,30.5,16.9,40.7,5.1,40.7,99.112513,93.744663898,69.2,12,32.8,48.3,51.7,29,60,54,183,86.1,10.6,37,177,125,339,88,13,108,46,156,35.1,119,25,49.6,39,37.3,23.7,59,58.1,54.2,32,13.6,8,28.8,17,3.4,2,27.8
"Aranda, Jonathan",666018,2026,28,580,668,159,110,27,0,22,163,69,24.4,10.3,.274,.434,.358,0.792,0.160,.340,92,233,252,1,0,138,941,442,0,543,37,155,14,0,1,11,39,38,425,82,0,95,119,33,17,0,3,0,2,0,0,6,0,8,230,1,0,0,0,0,0,0,0,73,0,0,0,984,8,1691,230,2675,,0,2,2,0,.254,.438,.348,.343,.341,.184,.417,.407,.374,.351,.020,-0.004,.005,70.3,12.9,14.2,11.1,34.9,27.4,7.1,20,8.3,4.9,52.9,35,91.1,14.4,38.8,42,9.9,8,27.5,25.2,27.1,2.1,46,100.602724528,94.760901038,66.2,18.2,29,30.8,69.2,125,406,52.5,1398,73.5,7.5,332,1721,605,2675,81.8,152,837,47.5,1265,41.3,1101,22.5,46.7,30.1,39.5,30.4,425,64.8,37.2,158,31.3,133,27.5,117,4,17,25.7
"Loftin, Nick",679845,2026,27,371,426,89,52,27,2,8,73,41,17.1,9.6,.240,.388,.322,0.710,0.148,.276,45,152,144,1,4,92,568,340,0,229,7,118,6,0,1,6,29,17,306,43,0,72,97,29,18,0,0,0,11,0,0,1,4,4,98,0,0,1,1,0,0,0,0,42,4,0,0,611,8,998,98,1609,,0,1,1,0,.228,.335,.315,.293,.313,.106,.331,.300,.295,.282,.012,.053,.022,68.8,5.7,9.1,7.6,38.6,32.4,7.2,14,8.7,-6.8,52.6,31,86.8,15.6,35.9,13,4.2,5.6,21.2,31.4,30.7,6.9,29.7,96.863698054,92.517021275,57.3,9.2,25.4,35.7,64.3,75,210,51.4,827,70.5,8,186,885,535,1609,90.8,41,448,48.6,782,43,692,17.6,40.9,43.5,34.6,21.9,306,56.6,41.2,126,29.1,89,23.9,73,5.9,18,28.0
"Griffin, Konnor",804606,2026,20,312,339,85,60,15,4,6,82,20,24.2,5.9,.272,.404,.324,0.728,0.132,.350,33,143,126,4,23,71,414,194,0,251,16,80,5,0,0,5,30,11,232,44,0,31,88,17,9,0,0,0,0,0,0,4,0,2,175,4,0,0,0,0,1,0,0,43,22,0,1,443,2,879,175,1322,,1,1,0,0,.262,.404,.320,.316,.317,.142,.392,.387,.366,.356,.010,.000,.004,75.4,55.8,15,11,26.3,19.4,7.7,13,9.1,-0.8,46.6,33.2,88.1,7.9,33.6,16,7,8.6,24.1,16.4,37.5,5.2,37.5,100.514009123,94.37599163,68.1,19.5,37.6,43.8,56.2,116,265,53.3,705,74.2,6.7,166,719,432,1322,80.5,82,420,46.7,617,42.1,556,28.9,51.8,38.8,36.2,25,232,62.5,50.9,118,18.1,42,27.2,63,3.9,9,29.9
"France, Ty",664034,2026,31,440,500,130,83,24,2,21,108,37,21.6,7.4,.295,.502,.363,0.865,0.207,.342,72,181,221,1,1,106,637,219,1,434,34,133,11,0,4,14,46,27,340,57,0,59,96,28,24,0,1,0,4,0,0,3,0,8,257,1,0,0,2,0,0,0,0,59,1,0,0,687,8,1295,257,1982,,0,2,0,1,.248,.421,.373,.327,.323,.173,.442,.375,.382,.325,.047,.081,.046,72,21.5,14.5,10.8,29.3,21.7,7.6,35,11.3,4.3,47.7,34.3,91.5,14.6,38.5,31,9.1,5.9,25.9,26.2,30.3,2.4,47.4,100.873362,95.076991032,76.9,17,34.5,49.6,50.4,181,365,53.4,1057,81.3,7.6,205,1200,570,1982,83,121,711,46.6,924,41.4,821,28.1,54.3,38.8,33.5,27.6,340,58.9,41.8,142,25.3,86,25.9,88,7.1,24,24.7
"Cook, Billy",695257,2026,27,56,58,10,7,2,1,0,23,1,39.7,1.7,.179,.250,.207,0.457,0.071,.303,3,25,14,1,6,15,52,33,0,40,4,87,0,0,0,1,5,1,33,4,0,9,7,1,6,0,0,0,11,27,0,1,0,0,34,1,0,0,0,0,0,0,0,13,6,0,0,55,0,153,34,208,,0,0,0,0,.135,.189,.203,.159,.165,.054,.314,.237,.303,.229,.044,.061,.044,73.1,28.2,6,3.9,28.4,18.4,7.7,1,11.7,-5,57.7,28.8,85.7,24.7,24.2,0,0,9.1,12.1,39.4,27.3,12.1,27.3,96.427398125,92.492845806,70.8,30.6,39.8,51.4,48.6,18,35,42.3,88,86.7,7.2,29,106,71,208,69.4,26,85,57.7,120,40.4,84,36.7,57.7,30.3,36.4,33.3,33,77.6,36.4,12,30.3,10,15.2,5,18.2,6,29.3
"O'Hoppe, Logan",681351,2026,26,252,275,55,42,9,0,4,68,17,24.7,6.2,.218,.302,.274,0.576,0.084,.280,24,115,76,0,0,61,320,141,0,172,8,85,6,0,0,3,25,8,187,22,0,46,48,19,18,0,0,1,7,0,0,8,1,2,132,0,0,0,0,0,0,0,0,25,0,0,0,341,3,647,132,988,,0,0,1,0,.206,.332,.259,.267,.264,.126,.306,.320,.296,.285,.012,-0.030,-0.008,71.9,24.8,15.1,11.2,30.8,22.8,7.4,15,12.7,-7.2,60.5,30.7,86.8,16.8,30.5,17,9.1,4.3,20.9,31.6,29.4,4.8,35.8,98.818916667,93.427971774,71.1,14.2,34.8,53.2,46.8,100,188,54.8,541,76.1,6.8,120,516,351,988,85.8,45,318,45.2,447,40.8,403,28.7,51.2,44.4,31.6,24.1,187,60.4,39,73,28.9,54,22.5,42,9.6,18,27.2
"Wood, James",695578,2026,23,513,623,136,75,30,1,30,179,102,28.7,16.4,.265,.503,.388,0.891,0.238,.344,77,176,258,4,21,108,1051,511,0,346,17,135,5,0,1,4,49,29,338,58,0,54,112,29,6,0,10,0,1,0,0,32,0,4,267,4,0,0,3,0,1,0,0,106,19,1,1,1115,4,1490,267,2605,,1,1,0,0,.271,.548,.383,.403,.386,.277,.496,.533,.402,.416,-0.006,-0.045,-0.020,76.9,68.8,25.6,18.6,34.9,25.4,7.4,45,11.1,0.8,43.1,38.9,95.4,8.5,36.7,63,18.6,9.8,22.5,13.3,33.1,2.4,58.9,106.450190888,98.576997389,56.8,18.2,21.3,57.2,42.8,171,299,54,1407,71.7,7.2,428,1269,905,2605,81.8,124,680,46,1198,42.3,1101,30.1,37.6,34,34.9,31.1,338,56.9,47.6,161,24.6,83,26,88,1.8,6,27.1
"Cameron, Daz",663662,2026,29,24,25,5,3,1,0,1,7,0,28,0,.208,.375,.200,0.575,0.167,.235,3,7,9,0,0,5,29,17,0,20,1,8,0,0,0,0,0,1,18,4,0,3,5,2,2,0,0,0,1,0,0,0,0,1,10,0,0,0,0,0,0,0,0,3,0,0,0,29,1,66,10,95,,0,0,0,0,.245,.423,.239,.291,.256,.177,.332,.404,.278,.355,-0.037,-0.048,-0.052,73.7,40.9,11.8,9.1,23.5,18.2,6.8,0,1,1,31.8,30.7,84.1,16.9,33.3,2,11.1,0,16.7,44.4,22.2,5.6,27.8,97.247913333,92.829588889,69.2,16.7,30.2,38.5,61.5,5,13,45.3,43,57.1,7.4,17,63,15,95,83.3,6,36,54.7,52,56.8,54,22.4,51.6,27.8,33.3,38.9,18,68,27.8,5,22.2,4,38.9,7,11.1,2,27.2
"Soderstrom, Tyler",691016,2026,24,396,453,97,48,27,3,19,91,53,20.1,11.7,.245,.472,.338,0.810,0.227,.272,56,179,187,1,2,98,629,266,0,309,17,109,9,0,3,3,26,31,306,39,1,52,116,20,21,0,4,0,1,0,0,7,0,1,159,1,0,0,0,0,0,0,0,58,1,0,1,675,1,1064,159,1739,,0,4,0,0,.246,.411,.349,.327,.331,.165,.394,.363,.317,.318,-0.001,.061,.022,74.4,45.1,17.7,13.9,30.7,24,7.5,16,10.2,-1.7,53.5,28.7,90.7,11.1,31,29,9.5,5.9,21.9,26.1,33.7,2.6,45.4,101.631681895,95.094575115,68.2,12.3,25.9,47.9,52.1,114,238,52.8,918,81.9,6.7,301,924,514,1739,87.7,69,560,47.2,821,42.6,741,22.9,45.9,38.9,38.9,22.2,306,57.8,46.4,142,27.1,83,19.3,59,7.2,22,27.1
"Monasterio, Andruw",655316,2026,29,313,347,73,43,23,1,6,68,26,19.6,7.5,.233,.371,.295,0.666,0.138,.276,43,175,116,4,4,100,486,271,0,315,13,107,8,0,3,3,20,16,250,37,0,62,64,21,29,0,0,0,11,2,0,12,1,4,115,3,1,0,0,0,0,0,0,35,4,0,0,520,5,974,115,1494,,0,2,0,0,.230,.352,.293,.287,.295,.122,.326,.318,.293,.293,.003,.019,.006,69.6,3.7,10.2,8.3,31.3,25.6,6.9,6,11,-4.2,56.4,33.8,87.4,20.9,36.8,16,6.4,6.4,21.6,36.4,24.8,4.4,31.2,97.261394919,92.699092996,66.4,11.2,26.6,39.4,60.6,76,193,48.6,726,76.9,8.1,164,835,486,1494,88.8,57,510,51.4,768,40.1,599,18.9,47.1,36.4,37.2,26.4,250,66.3,33.6,84,31.2,78,23.6,59,11.6,29,27.2
"Trevino, Jose",624431,2026,33,152,156,33,25,3,0,5,29,1,18.6,0.6,.217,.336,.221,0.557,0.119,.235,19,65,51,1,0,35,144,122,0,86,0,48,3,0,1,0,17,6,126,10,0,20,54,12,7,0,0,0,10,1,0,0,2,1,58,1,0,0,0,0,0,0,0,12,0,0,0,152,3,392,58,544,,0,2,0,0,.213,.295,.240,.222,.217,.082,.293,.271,.266,.263,.004,.041,.018,68.4,2.6,9.2,7.3,35.7,28.4,7.1,6,7.6,-0.2,64,23.5,85.8,7.8,30.2,3,2.4,2.4,24.6,24.6,35.7,8.7,29.4,96.674777333,92.415685583,60.9,11.7,37.6,38.4,61.6,38,99,48.3,263,60.9,8.5,58,305,179,544,88.3,20,171,51.7,281,43.4,236,21.5,49.6,32.5,45.2,22.2,126,67.3,56.3,71,20.6,26,17.5,22,5.6,7,23.4
"Simpson, Chandler",802415,2026,25,571,612,175,153,16,6,0,48,26,7.8,4.2,.306,.356,.333,0.689,0.050,.331,38,211,203,14,46,122,604,365,0,285,14,151,6,0,0,0,108,3,538,63,1,73,223,50,14,0,1,0,1,4,0,0,9,6,75,11,3,0,2,0,3,1,0,66,39,7,0,638,15,1311,75,1949,,4,7,0,0,.261,.297,.305,.263,.292,.037,.314,.267,.331,.285,.045,.059,.042,65.1,0.5,2.8,2.5,46.2,41.9,6.6,10,2.8,4.8,35.6,29.3,83.7,1.2,25.7,0,0,0,21.9,19.3,48.7,9.5,13.6,92.64553498,90.407096826,65.1,6.8,31.2,19.7,80.3,58,295,48.7,945,71.3,8.1,253,1236,452,1949,93.2,44,649,51.3,997,40.9,794,10.8,48.5,29.2,39.2,31.6,538,68.5,61.5,331,14.1,76,21.6,116,2.8,15,29.4
"Thomas, Alek",677950,2026,26,113,120,21,9,10,0,2,27,4,22.5,3.3,.186,.327,.227,0.554,0.141,.226,13,57,37,0,4,38,117,51,0,85,9,35,5,0,0,2,7,4,87,10,0,19,30,10,7,0,0,0,6,1,0,0,1,0,50,0,0,0,0,0,0,0,0,13,4,0,0,127,1,287,50,414,,0,1,0,0,.232,.374,.243,.282,.271,.142,.287,.342,.244,.306,-0.046,-0.047,-0.039,69.9,6.4,14.3,11.2,37.4,29.3,6.9,6,7.8,3.4,57.9,28.1,89.5,13,33.3,6,7.1,10.3,18.4,24.1,31,6.9,40.2,99.80450119,94.395876747,74.4,13.8,41.6,46.2,53.8,42,91,52.9,219,80.8,6.3,83,197,134,414,86.2,20,145,47.1,195,38.9,161,26.3,57,28.7,39.1,32.2,87,63.3,42.5,37,26.4,23,23,20,8,7,27.8
"Torrens, Luis",620443,2026,30,255,281,60,37,14,0,9,59,18,21,6.4,.235,.396,.295,0.691,0.161,.271,41,102,101,0,1,65,349,194,0,216,12,91,3,0,1,4,24,12,200,24,0,32,81,18,8,0,0,0,11,0,0,2,3,1,98,0,0,0,1,0,0,0,0,37,1,0,0,377,4,727,98,1104,,0,0,0,0,.230,.363,.304,.289,.290,.134,.350,.329,.305,.298,.005,.033,.015,70.2,6.7,12.2,9.7,33.3,26.5,7.1,6,7.2,7.6,51.6,30.6,88.7,8.3,30.5,11,5.6,6.5,24,18.5,40.5,3.5,40.5,98.903307959,93.704207026,66.2,13.4,32.4,36.5,63.5,69,189,52.9,584,82.6,8.3,106,636,356,1104,86.6,46,344,47.1,520,41.3,456,21.6,48.3,31.5,36,32.5,200,60.9,52.5,105,22,44,21,42,4.5,9,26.6
"Montgomery, Braden",695731,2026,23,323,365,73,48,16,3,6,72,38,19.7,10.4,.226,.350,.312,0.662,0.124,.272,38,141,113,3,1,85,504,162,0,244,22,93,5,0,1,3,36,8,252,29,0,37,115,18,9,0,0,0,3,1,0,0,0,1,185,3,0,0,3,0,3,0,0,47,1,0,0,538,1,873,185,1411,,3,1,1,0,.255,.392,.298,.325,.339,.137,.317,.356,.290,.327,-0.029,-0.042,-0.027,69.7,8.7,14.9,10.8,34.6,25,6.5,24,8,5,49.4,32.1,88.9,3,28.2,11,4.4,8.3,26.2,14.7,42.1,4,40.9,100.06983808,94.25030544,76.4,19,27.4,57.6,42.4,118,205,53.2,747,86.7,7.5,334,687,379,1411,81,95,501,46.8,656,40.3,565,30.1,50.4,35.7,34.5,29.8,252,60,59.9,151,17.9,45,18.7,47,3.6,9,28.4
"O'Hearn, Ryan",656811,2026,32,407,451,108,73,17,0,18,99,35,22,7.8,.265,.440,.330,0.770,0.175,.307,76,197,179,0,1,116,574,297,0,319,19,110,15,0,1,6,29,30,311,48,1,58,103,24,16,0,1,0,3,0,0,27,0,3,154,0,0,0,0,0,0,0,0,58,1,0,0,623,3,1110,154,1733,,0,2,0,0,.247,.396,.336,.314,.314,.149,.396,.363,.347,.326,.018,.044,.022,70.7,8.7,12,9.6,33.7,27.1,7.1,14,11.6,-0.2,45.6,31.9,89.1,13.6,33.8,21,6.8,8.7,26.4,24.4,31.8,1.9,42.1,99.097516731,93.913570965,63.7,13.4,31.5,39.3,60.7,112,285,52.2,904,65.4,7.3,215,966,549,1733,86.6,71,528,47.8,829,43.1,747,22.5,46.9,40.2,33.8,26,311,60.7,42.4,132,28.3,88,23.8,74,5.5,17,26.7
"Garcia, Maikel",672580,2026,26,310,344,83,57,20,3,3,50,32,14.5,9.3,.268,.381,.334,0.715,0.113,.309,38,117,118,4,5,70,477,305,0,172,5,82,11,0,0,0,38,6,262,39,0,49,83,29,17,0,0,0,1,0,0,1,0,2,63,4,0,0,1,0,1,0,0,40,3,2,0,503,2,812,63,1315,,1,0,0,0,.271,.367,.318,.318,.340,.096,.332,.332,.317,.324,-0.003,.014,.000,71.6,17.8,15.3,13.6,40.1,35.6,7.1,10,3.8,0.3,42,28.5,89.7,8.6,32.8,11,4.2,3.4,29.8,27.5,30.9,4.2,40.5,99.815128538,94.104949115,54.8,7.3,22.5,31.5,68.5,47,149,50.3,662,62.4,8.3,90,852,373,1315,92.7,26,358,49.7,653,40.2,529,14.4,38.6,34,39.3,26.7,262,62.5,46.2,121,21,55,26.3,69,6.5,17,27.6
"Torkelson, Spencer",679529,2026,26,526,612,121,66,28,1,26,194,71,31.7,11.6,.230,.435,.331,0.766,0.205,.306,77,240,229,1,1,122,951,459,1,406,23,159,14,0,3,10,30,34,336,57,0,87,76,28,24,0,0,0,4,0,0,1,0,4,324,1,0,0,0,0,0,0,0,66,1,0,0,1036,4,1556,324,2592,,0,0,2,1,.211,.392,.337,.314,.315,.182,.443,.402,.360,.331,.019,.043,.023,73.1,25.5,13.9,10,29.7,21.3,7.7,24,14.7,-8,50.9,37.4,89.5,20,40.8,41,12.2,6,24.1,34.5,18.8,4.2,42,100.004777083,94.454666358,65,20.1,21.5,66.3,33.7,193,291,52.2,1352,76.5,7.7,344,1363,882,2592,79.9,162,806,47.8,1240,39.9,1035,32.4,42.3,47.9,29.2,22.9,336,58.7,31.5,106,36,121,25.3,85,7.1,24,26.5
"Rortvedt, Ben",666163,2026,28,27,28,5,5,0,0,0,9,0,32.1,0,.185,.185,.185,0.370,0.000,.278,1,12,5,0,0,7,29,21,0,16,0,16,0,0,0,0,0,0,19,5,0,5,6,2,1,0,0,0,5,0,0,1,1,0,10,0,0,0,0,0,0,0,0,0,0,0,0,29,1,71,10,100,,0,0,0,0,.220,.251,.165,.204,.220,.031,.247,.306,.278,.330,-0.035,-0.066,-0.039,67.9,0,0,0,38.7,30.8,6.8,2,7.9,1.9,55,27.3,85.5,16.7,36.8,0,0,0,31.6,36.8,21.1,10.5,5.3,91.969154444,90.140377647,62.3,18.2,36.2,47.1,52.9,8,17,47,47,68.8,16,17,53,30,100,81.8,6,33,53,53,36,36,28,50,21.1,42.1,36.8,19,75,31.6,6,26.3,5,36.8,7,5.3,1,26.0
"Mayo, Coby",691723,2026,24,412,454,94,49,18,3,24,138,36,30.4,7.9,.228,.461,.297,0.758,0.233,.279,63,183,190,0,4,98,627,337,0,339,15,132,4,0,0,5,24,33,275,37,0,64,71,17,28,0,0,0,21,3,0,37,0,1,234,0,0,0,1,0,1,0,0,64,4,0,0,671,1,1209,234,1880,,1,3,0,0,.235,.478,.328,.336,.304,.243,.437,.451,.342,.353,-0.007,-0.017,-0.008,75.7,58.3,16.5,11.6,28.4,19.9,7.4,10,13.6,-15.4,48.2,38.8,91.3,19,34.5,37,13.5,9.1,20,31.6,20.7,5.1,47.3,103.504519203,96.350757345,63.5,16.6,31.3,52.9,47.1,165,312,53.1,998,66.9,6.9,231,897,752,1880,83.4,93,560,46.9,882,41.8,785,29.6,46.4,50.9,30.5,18.5,275,59.3,34.5,95,35.3,97,20,55,10.2,28,27.9
"Beavers, Dylan",687637,2026,24,324,363,74,45,20,0,9,99,35,27.3,9.6,.228,.373,.307,0.680,0.145,.300,44,134,121,5,5,76,546,306,0,238,16,104,3,0,1,2,23,18,227,33,0,55,57,23,18,0,1,0,22,2,0,13,1,1,139,5,0,0,0,0,0,0,0,41,4,1,0,565,2,938,139,1503,,0,1,2,0,.219,.369,.302,.295,.297,.150,.370,.360,.327,.315,.009,.004,.007,72.5,21.3,14.8,11.3,31,23.7,7.4,8,9.5,-3.4,46.9,39.1,87.8,19,38.3,19,8.4,10.6,21.1,31.7,21.6,6.2,38.3,99.418492655,93.865557644,60.5,16.8,23.8,46.7,53.3,84,180,50.3,756,74.8,8.4,254,829,420,1503,83.2,76,452,49.7,747,42.4,637,25.3,42,40.1,32.6,27.3,227,62.7,35.2,80,32.2,73,24.7,56,7.9,18,29.1
"Lindor, Francisco",596019,2026,32,418,469,94,57,12,4,21,95,46,20.3,9.8,.225,.423,.309,0.732,0.198,.242,49,153,177,2,3,83,712,316,0,356,19,105,4,0,1,5,20,28,323,46,0,82,93,28,26,0,0,0,0,0,0,2,0,0,200,2,0,0,0,0,2,0,0,63,3,0,0,749,0,1225,200,1974,,2,3,1,0,.239,.434,.322,.331,.322,.195,.357,.370,.291,.310,-0.014,-0.011,-0.009,72.9,28.7,14.6,11.3,34.6,26.6,7.7,14,14.2,-4.8,55.5,33.7,91.6,18.8,28.8,29,9,7.7,21.4,32.5,27.2,1.9,49.5,100.68996441,95.109438598,66.4,15.5,29.5,42.4,57.6,136,321,55.1,1088,76.5,6.7,360,1093,520,1974,84.5,91,588,44.9,886,42.6,841,25,46,45.5,31.3,23.2,323,55.9,35,113,34.1,110,22.9,74,8,26,27.1
"Arcia, Orlando",606115,2026,31,48,50,13,11,1,0,1,8,2,16,4,.271,.354,.300,0.654,0.083,.308,2,19,17,1,0,11,56,25,0,27,1,19,3,0,0,0,7,1,40,5,0,7,15,3,2,0,0,0,2,0,0,0,0,0,16,1,0,0,0,0,0,0,0,6,0,0,0,57,0,111,16,168,,0,0,0,0,.223,.298,.290,.245,.255,.075,.328,.271,.325,.268,.048,.056,.045,70.6,13.3,4.9,4,41,33.3,7.8,3,6.3,-0.8,55.3,24.6,86,4.2,30,1,2.5,5,25,17.5,45,5,25,95.6116485,91.83993875,69.6,16.4,34.8,32.3,67.7,10,31,53,89,83.3,7.1,14,96,58,168,83.6,9,55,47,79,39.3,66,22.1,51.2,35,35,30,40,62,55,22,20,8,20,8,5,2,25.5
"Matos, Luis",682641,2026,24,20,21,4,4,0,0,0,7,1,33.3,4.8,.200,.200,.238,0.438,0.000,.308,0,10,4,0,0,5,17,8,0,16,1,9,1,0,0,0,3,0,13,1,0,1,4,0,4,0,0,0,3,0,0,2,0,0,12,0,0,0,0,0,0,0,0,1,0,0,0,20,0,52,12,72,,0,0,0,0,.099,.136,.203,.130,.142,.037,.274,.156,.308,.152,.101,.064,.073,71.1,12.8,10.3,7.7,24.1,17.9,7.2,2,7.4,-7.3,59,25,84.1,19.8,7.7,0,0,7.7,15.4,38.5,38.5,0,23.1,94.59495,92.061707692,73.3,13.6,52.4,50,50,11,22,58.3,42,57.1,9.7,10,48,13,72,86.4,3,22,41.7,30,43.1,31,31.8,61.1,38.5,46.2,15.4,13,47.6,53.8,7,7.7,1,7.7,1,30.8,4,26.8
"Ruiz, Esteury",665923,2026,27,213,255,46,27,12,1,6,82,26,32.2,10.2,.216,.366,.333,0.699,0.150,.317,17,104,78,8,34,47,350,147,1,188,17,109,0,0,0,12,15,10,134,21,0,25,27,14,21,0,0,0,17,10,0,0,2,1,133,6,2,0,1,0,2,0,0,38,23,11,0,385,3,644,133,1029,,2,3,0,1,.175,.288,.317,.275,.299,.113,.402,.321,.348,.283,.041,.078,.042,71.3,18.7,6.7,4.5,20.8,14.1,7.6,10,15.7,-8,38.7,36.5,82.7,24.4,39.6,10,7.5,4.5,14.9,37.3,20.1,15.7,23.9,95.310644921,91.745599762,68.2,25.2,31.5,45.5,54.5,80,176,54.2,558,76.1,6.9,133,606,290,1029,74.8,81,321,45.8,471,41.1,423,32.4,48.3,51.5,27.6,20.9,134,61.2,31.3,42,26.1,35,26.9,36,15.7,21,29.9
"Toglia, Michael",669911,2026,27,26,28,3,1,2,0,0,12,2,42.9,7.1,.115,.192,.179,0.371,0.077,.214,1,11,5,0,0,6,37,22,0,16,2,10,1,0,0,0,0,1,14,2,0,5,4,2,0,0,0,0,0,0,0,0,0,0,13,0,0,0,0,0,0,0,0,2,0,0,0,37,0,68,13,105,,0,0,0,0,.183,.251,.172,.222,.241,.069,.244,.345,.214,.340,-0.068,-0.059,-0.050,74.5,53.7,10.7,7.3,39.3,26.8,7.6,2,10.4,-0.8,41.5,34.6,91.6,16.5,28.6,0,0,7.1,42.9,28.6,21.4,0,57.1,98.827467143,94.664603571,61.8,20.6,24,75,25,9,12,47.6,50,60,4.8,22,57,26,105,79.4,7,34,52.4,55,41.9,44,34.8,43.8,35.7,35.7,28.6,14,64.3,28.6,4,42.9,6,28.6,4,0,0,26.4
"Arozarena, Randy",668227,2026,31,572,670,161,99,34,2,26,145,68,21.6,10.1,.281,.484,.381,0.865,0.203,.333,79,206,277,8,26,104,924,496,0,501,26,154,17,0,0,26,59,33,431,68,1,69,150,29,18,0,1,0,1,0,0,5,0,4,292,8,0,0,1,0,3,0,0,113,22,4,0,994,4,1760,292,2754,,3,7,2,0,.258,.419,.379,.348,.362,.161,.435,.388,.374,.346,.023,.065,.031,70.9,22.2,14.7,11.1,34.5,26.1,7.2,20,7.9,3.3,58.6,26.7,90.8,10,36,35,8.1,7.7,26,20,35,3,43.5,100.588190372,94.755039419,63.3,23.3,30.6,31.6,68.4,142,449,53.3,1467,76.4,7.6,379,1528,840,2754,76.7,190,814,46.7,1285,41,1127,26.3,45.9,36.2,38.1,25.8,431,61.1,48.5,209,23.7,102,23.4,101,4.4,19,27.1
"Matthews, Brice",694728,2026,24,214,233,43,30,5,1,7,74,16,31.8,6.9,.201,.332,.255,0.587,0.131,.269,22,90,71,4,4,53,333,161,0,133,10,84,3,0,0,0,21,6,143,16,0,28,51,9,11,0,0,0,9,2,0,0,2,1,147,4,0,0,0,0,2,0,0,23,3,1,0,351,3,608,147,959,,2,1,0,0,.193,.338,.260,.261,.252,.145,.347,.349,.305,.299,.008,-0.006,-0.001,73,29.9,14.1,8.7,29.1,18,7.3,8,13.7,1.2,52.7,31.9,86.7,11.9,30.1,12,8.5,5.6,18.9,23.1,29.4,14,36.4,99.48979209,93.878187068,68.1,25.3,25.5,64.2,35.8,79,123,50.4,483,75,7.9,116,542,297,959,74.7,82,324,49.6,476,40.6,389,36,46.6,34.3,48.3,17.5,143,62.7,50.3,72,23.8,34,18.2,26,7.7,11,28.6
"Short, Zack",670097,2026,31,50,62,7,5,2,0,0,19,8,30.6,12.9,.140,.180,.262,0.442,0.040,.212,2,21,9,0,0,5,96,47,0,49,3,29,0,0,0,1,3,2,34,2,0,14,4,3,6,0,0,1,11,1,0,0,1,2,35,0,0,0,0,0,0,0,0,4,0,0,0,103,3,169,35,272,,0,0,0,0,.159,.269,.218,.256,.280,.109,.211,.282,.212,.244,-0.019,-0.089,-0.038,70.3,3.7,5.5,3.7,31.5,21.5,7.1,0,14,-3.7,62,34.2,88.7,27.9,29.4,2,5.9,8.8,17.6,47.1,11.8,8.8,20.6,95.80155125,92.043422903,64.8,20.5,27.1,53.8,46.2,21,39,52.9,144,84.6,4.8,30,182,59,272,79.5,17,83,47.1,128,50,136,31.1,44.9,38.2,41.2,20.6,34,64.5,20.6,7,47.1,16,14.7,5,17.6,6,27.2
"Marte, Noelvi",682622,2026,24,190,201,36,23,7,0,6,52,10,25.9,5,.189,.321,.229,0.550,0.132,.226,15,92,61,2,7,43,232,114,0,147,7,63,4,0,1,0,23,6,139,7,0,23,55,10,15,0,0,0,5,2,0,1,0,1,96,2,0,0,0,0,1,0,0,19,5,2,0,251,1,510,96,761,,1,1,0,0,.193,.304,.242,.237,.233,.111,.299,.294,.259,.266,-0.004,.017,.005,72.2,27.2,10.9,8.2,28.3,21.2,7.4,8,9.1,-4.2,54.6,32,87.9,10.5,19.4,7,5.1,1.4,18.7,26.6,41.7,4.3,30.2,98.929259559,93.570955294,65.5,12.2,41.2,47.1,52.9,82,174,55.5,422,78,6.6,77,411,269,761,87.8,27,222,44.5,339,40.5,308,27.5,52,44.6,37.4,18,139,63.2,56.1,78,20.9,29,12.2,17,10.8,15,29.1
"Bart, Joey",663698,2026,29,112,128,24,16,4,0,4,35,7,27.3,5.5,.214,.357,.305,0.662,0.143,.270,13,57,40,0,0,30,153,86,0,87,6,44,1,0,0,8,8,9,78,7,0,18,24,5,7,0,0,0,9,0,0,3,0,1,55,0,0,0,0,0,0,0,0,13,0,0,0,171,1,319,55,490,,0,1,0,0,.203,.362,.298,.295,.295,.159,.352,.346,.308,.292,.011,-0.005,.003,75.3,52.2,14.3,10.2,21.8,15.6,7.4,4,10.2,-6.3,43.1,34.9,85.8,15.5,32.1,6,7.7,7.7,17.9,28.2,33.3,5.1,34.6,98.428942564,93.238111923,64.9,14.4,32.8,54,46,47,87,54.1,265,66.7,6.1,78,274,129,490,85.6,21,146,45.9,225,41.8,205,29.2,47.6,41,35.9,23.1,78,56.3,41,32,34.6,27,15.4,12,9,7,26.6
"Jackson, Jeremiah",669236,2026,26,277,293,60,39,11,0,10,69,10,23.5,3.4,.217,.365,.247,0.612,0.148,.249,45,151,101,2,2,75,302,125,0,218,16,102,11,0,1,2,21,14,212,25,0,35,86,15,15,0,1,0,6,2,1,2,1,3,147,2,0,0,0,0,2,0,1,29,2,0,0,335,4,726,147,1061,,3,3,0,0,.236,.385,.264,.282,.264,.149,.327,.353,.284,.313,-0.019,-0.020,-0.018,73.1,30.5,14.8,10.9,33,24.3,7.5,18,10.1,0.2,62.8,26.2,89.2,8.3,29.7,17,8,6.1,23.6,23.1,34.4,4.2,37.7,100.146694762,94.308516048,76.5,18.5,36.8,47.2,52.8,92,195,50,530,79.1,8.1,136,544,380,1061,81.5,75,406,50,531,42.4,450,27.8,56.6,40.6,35.4,24.1,212,65.2,50.5,107,23.1,49,19.3,41,7.1,15,27.2
"Harris II, Michael",671739,2026,25,591,621,174,111,36,1,26,119,23,19.2,3.7,.294,.491,.321,0.812,0.197,.330,87,208,290,3,12,112,628,291,0,452,34,155,3,0,3,2,56,27,477,91,0,82,158,35,28,0,1,0,3,0,0,3,2,3,234,3,0,0,0,0,2,0,0,79,11,1,0,668,5,1530,234,2198,,2,5,0,0,.290,.477,.349,.342,.317,.187,.419,.410,.366,.362,.004,.014,.007,74.9,49.9,20.7,16,31.2,24.1,8.1,20,7.1,-1,46.6,31.3,90.5,10,31.9,49,10.3,7.3,23.3,21,32.1,5.9,47.6,103.130943957,95.926012511,69.9,11.2,45.1,42,58,227,541,54.5,1199,76,6.8,330,1167,684,2198,88.8,78,698,45.5,999,40.4,888,24.6,56.4,35.6,39.2,25.2,477,64.4,44.9,214,22.9,109,26.4,126,5.9,28,27.7
"Isbel, Kyle",664728,2026,29,294,323,66,50,9,1,6,74,15,22.9,4.6,.224,.323,.268,0.591,0.099,.278,24,135,95,0,6,79,344,224,0,208,16,100,8,0,0,3,31,10,231,25,0,37,83,22,21,0,0,0,15,2,0,0,9,2,71,0,0,0,0,0,0,0,0,32,6,0,0,368,11,779,71,1147,,0,2,1,0,.225,.303,.262,.255,.269,.077,.314,.304,.297,.299,-0.001,.020,.007,71.3,13.9,12.2,10,33.5,27.3,7.1,3,2.8,-3.9,39.3,25.5,88.4,10.9,24.7,6,2.6,3.9,24.7,24.2,32.5,12.1,32.9,98.475584528,93.388440427,61.7,6.4,35.7,37.8,62.2,79,209,51.1,586,66.7,7.6,154,692,301,1147,93.6,22,346,48.9,561,42,482,18.2,48.4,32.5,36.8,30.7,231,65,49.4,114,20.3,47,20.8,48,9.5,22,27.3
"Kepler, Max",596146,2026,33,132,145,27,18,7,0,2,32,11,22.1,7.6,.205,.303,.262,0.565,0.098,.250,15,70,40,0,0,35,170,68,0,106,6,41,3,0,0,0,10,3,102,14,0,28,23,11,12,0,1,0,8,1,0,3,0,2,61,0,0,0,1,0,0,0,0,11,0,0,0,182,2,350,61,532,,0,0,1,0,.211,.336,.250,.270,.268,.125,.284,.313,.265,.280,-0.006,-0.033,-0.020,71.7,16.5,13.9,10.5,31.6,23.8,7.4,7,7.7,-9.6,47.8,32.2,88.7,19.2,32.4,8,7.8,3.9,22.5,37.3,26.5,2,39.2,99.348171373,93.812456634,71,15.3,37.3,43.4,56.6,46,106,53.4,284,87.5,6,130,283,119,532,84.7,27,176,46.6,248,46.8,249,25.9,53,43.1,36.3,20.6,102,61.1,32.4,33,30.4,31,25.5,26,11.8,12,27.2
"Basallo, Samuel",694212,2026,21,360,399,80,51,10,1,18,106,32,26.6,8,.222,.406,.291,0.697,0.184,.259,54,170,146,0,0,97,458,189,0,267,21,112,7,0,1,4,20,19,257,41,0,52,95,16,14,0,2,0,6,0,0,34,0,3,205,0,0,0,0,0,0,0,0,40,0,0,0,496,3,957,205,1453,,0,2,0,0,.234,.439,.303,.318,.296,.205,.375,.401,.311,.328,-0.012,-0.033,-0.015,74.3,44.5,18.2,12.9,32.7,23.3,7.6,19,12,-3.6,53,33.6,90.4,11.4,30.7,31,12.1,5.4,21,24.1,32.3,4.7,42.8,102.043554531,95.284916523,69.8,20.9,39.9,45.7,54.3,150,328,56.6,823,65.9,6.1,241,701,511,1453,79.1,92,440,43.4,630,42.7,621,31.5,52.9,43.6,35.4,21,257,60.7,44.7,115,27.6,71,22.2,57,5.4,14,24.7
"Alvarez, Francisco",682626,2026,24,373,420,87,57,14,0,16,129,39,30.7,9.3,.233,.399,.311,0.710,0.166,.309,43,168,149,0,0,87,601,302,2,271,26,113,17,0,0,4,29,22,246,36,0,41,88,13,17,0,1,0,2,0,0,24,0,2,244,0,0,0,1,0,1,0,0,38,0,0,0,650,2,1095,244,1745,,1,2,0,2,.230,.431,.313,.322,.307,.202,.411,.426,.354,.349,.003,-0.032,-0.009,74.2,42.9,19.3,13.2,32,21.8,7.3,14,10.6,-0.3,59.5,29,90.8,10.2,32.9,38,15.4,5.7,21.5,18.7,35.4,3.3,48,102.913628049,95.848454472,62,22.7,31.8,54.3,45.7,165,304,54.8,956,64.6,6.5,201,966,577,1745,77.3,111,489,45.2,789,41.1,717,34.8,45.4,39,42.7,18.3,246,57.8,47.6,117,25.6,63,19.9,49,6.9,17,25.3
"Romo, Drew",691011,2026,24,180,206,26,13,6,0,7,47,20,22.8,9.7,.144,.294,.240,0.534,0.150,.150,16,87,53,0,1,50,241,93,0,125,6,61,4,0,0,3,4,9,136,13,0,31,51,10,17,0,0,0,9,2,0,0,2,1,103,0,0,0,0,0,0,0,0,17,1,0,0,267,3,470,103,737,,0,2,0,0,.188,.294,.243,.262,.279,.106,.250,.278,.194,.253,-0.044,.000,-0.019,69.9,5.1,9.3,6.6,30,21.3,7.5,10,13.2,-11.4,49.1,33.9,84.4,18.2,26.5,8,5.9,4.4,15.4,36,30.1,8.1,26.5,95.617195606,91.855851364,72.2,17.4,34.4,51.8,48.2,73,141,55.6,410,78.6,5.7,191,321,225,737,82.6,41,236,44.4,327,41.5,306,30.2,51.2,39,40.4,20.6,136,62.1,40.4,55,29.4,40,17.6,24,12.5,17,26.4
"Garcia, Aramis",605244,2026,33,19,19,3,2,0,0,1,6,0,31.6,0,.158,.316,.158,0.474,0.158,.167,2,10,6,0,0,6,20,10,0,9,4,8,0,0,0,0,1,1,13,1,0,5,3,2,0,0,0,0,3,0,0,0,0,0,7,0,0,0,0,0,0,0,0,2,0,0,0,20,0,44,7,64,,0,0,0,0,.198,.415,.202,.259,.198,.217,.295,.379,.231,.289,-0.040,-0.099,-0.057,72.2,16.1,15,9.7,40,25.8,7.6,0,15.1,-6.9,77.4,32.6,86.1,16.6,30.8,1,7.7,15.4,15.4,30.8,23.1,7.7,30.8,96.168334286,92.452836923,67.7,23.8,39.4,53.8,46.2,7,13,51.6,33,100,1.6,7,35,18,64,76.2,5,21,48.4,31,43.8,28,35.3,53.1,46.2,46.2,7.7,13,57.9,30.8,4,46.2,6,23.1,3,0,0,25.9
"Hedges, Austin",595978,2026,33,215,247,53,37,10,0,6,45,25,18.2,10.1,.247,.377,.325,0.702,0.130,.283,25,97,81,1,1,52,330,166,0,136,4,78,5,0,0,1,17,9,176,26,1,31,67,9,16,0,0,0,22,0,0,1,4,2,92,1,0,0,0,0,0,0,0,25,0,1,0,352,6,581,92,933,,0,3,0,0,.224,.314,.313,.280,.306,.090,.336,.291,.308,.281,.023,.063,.033,69.1,7.6,10.5,8.1,34.7,27,7.2,14,9.4,-7,61.2,26.1,85.8,12.4,26.7,8,4.5,2.3,26.1,26.7,31.8,8.5,32.4,97.388293605,92.724417485,64.5,14.3,25.4,47.9,52.1,58,121,51.1,477,74.1,8.7,76,583,274,933,85.7,42,294,48.9,456,45.7,426,24.1,44.5,47.7,32.4,19.9,176,60.7,47.7,84,22.7,40,19.9,35,9.7,17,24.5
"Altuve, Jose",514888,2026,36,524,573,131,89,24,2,16,114,41,19.9,7.2,.250,.395,.306,0.701,0.145,.289,50,244,207,4,5,118,649,337,0,352,14,135,19,1,1,3,45,22,415,63,1,68,149,34,31,0,1,0,4,0,0,7,1,4,197,3,0,1,1,0,2,0,1,70,4,1,0,697,5,1337,197,2034,,3,5,0,0,.224,.325,.308,.271,.282,.101,.351,.301,.316,.285,.026,.070,.037,68.6,9.1,8.7,7,35.5,28.3,7.6,15,13.8,-1.8,54.7,27.9,85.6,10.6,32,17,4.1,5.8,22.7,24.1,34.2,8.2,31.3,96.847195792,92.445465658,64,13.2,37.2,34.4,65.6,144,418,55.3,1124,66,7.2,247,1072,715,2034,86.8,77,582,44.7,910,41.6,847,22.1,49.2,42.4,41.4,16.1,415,64.9,46.7,194,21.7,90,23.6,98,8,33,27.6
"Shewmake, Braden",669699,2026,28,85,91,22,14,5,0,3,16,2,17.6,2.2,.259,.424,.270,0.694,0.165,.279,10,30,36,0,1,14,66,42,0,65,4,34,2,0,0,0,8,4,73,10,0,16,26,4,4,0,0,0,5,2,0,0,2,2,37,0,0,0,0,0,0,0,0,12,0,1,0,72,4,225,37,297,,0,0,0,0,.246,.411,.296,.294,.265,.165,.351,.350,.310,.305,.013,.013,.002,69.6,2.5,10.8,8.2,40,30.2,7.1,1,11.1,-0.2,70,27,89.9,13.8,30.1,5,6.9,5.5,23.3,26,30.1,6.8,37,98.701058286,93.606660145,71.3,18.6,52.6,29.6,70.4,24,81,51.9,154,73.9,7.7,40,160,95,297,81.4,19,102,48.1,143,42.1,125,23.5,61.6,34.2,38.4,27.4,73,79.1,46.6,34,27.4,20,20.5,15,5.5,4,28.2
"Williams, Alika",675961,2026,27,215,231,58,33,20,1,4,50,10,21.6,4.3,.270,.428,.307,0.735,0.158,.333,16,89,92,1,2,44,240,134,0,171,6,88,6,0,1,2,19,15,169,24,0,24,59,12,15,0,0,0,17,1,0,0,3,1,83,1,0,0,0,0,0,0,0,29,2,0,0,259,4,576,83,835,,0,1,0,0,.217,.299,.319,.248,.258,.082,.388,.289,.349,.282,.053,.129,.071,69.1,3.1,9,7.1,27.7,21.9,7,9,7,-6.2,44.5,36.2,84.7,14,30.8,2,1.2,9.5,21.3,28.4,30.8,8.9,32.7,97.052140482,92.554231818,68.5,11.4,37.1,43.4,56.6,66,152,49.3,410,74.2,7.9,105,442,280,835,88.6,33,289,50.7,422,42.5,354,22.4,52.9,43.8,37.9,18.3,169,69.7,46.2,78,23.1,39,21.9,37,8.9,15,28.0
"Mead, Curtis",678554,2026,25,285,329,72,37,17,1,17,63,39,19.1,11.9,.253,.498,.353,0.851,0.245,.268,48,127,142,2,6,74,499,303,0,243,10,88,7,0,0,5,21,24,222,26,1,44,62,26,18,0,0,0,2,0,0,5,0,0,91,2,0,0,1,0,0,0,0,49,6,0,0,531,0,872,91,1403,,0,2,0,0,.259,.457,.370,.358,.359,.198,.409,.392,.324,.333,-0.006,.041,.012,72.6,27.3,15.2,12.8,30.2,25.3,7.1,9,5.5,-5,45.9,31.1,88,15.8,35.6,24,10.9,6.3,26.1,27,23.9,4.5,42.3,100.226240455,94.227892192,57.8,10.4,25.1,33.9,66.1,63,186,52.7,740,62.6,6.5,154,827,420,1403,89.6,40,383,47.3,663,43.1,604,18.1,40.6,46.8,33.3,19.8,222,64.4,37.4,83,30.6,68,23.4,52,8.6,19,27.0
"Hernández, Teoscar",606192,2026,33,442,491,118,82,18,2,16,135,42,27.5,8.6,.267,.425,.334,0.759,0.158,.347,64,207,188,1,5,113,643,307,0,319,25,125,13,0,2,4,49,23,310,46,0,66,88,17,21,0,2,0,3,0,0,4,0,3,271,1,0,0,0,0,0,0,0,66,5,0,0,703,3,1240,271,1943,,0,3,1,0,.256,.437,.332,.332,.323,.180,.425,.425,.381,.368,.011,-0.012,.000,72.5,25.2,17.5,12.1,34.4,23.8,7.8,22,10.9,0.5,54.3,33.3,90.3,13.9,33.5,33,10.7,4.8,26.8,25.5,28.7,3.2,44.8,101.503400065,95.079105599,67.1,23,31.2,50.8,49.2,164,323,53.2,1034,74.8,7.4,288,1107,542,1943,77,140,610,46.8,909,42.2,819,32.6,48,34.5,38.7,26.8,310,59.8,44.2,137,28.7,89,20.3,63,6.8,21,28.3
"Trammell, Taylor",666211,2026,28,255,289,49,29,10,2,8,93,29,32.2,10,.192,.341,.285,0.626,0.149,.266,22,103,87,3,4,48,378,161,0,169,11,99,3,0,0,4,22,14,163,13,0,35,48,17,14,0,1,0,18,2,0,1,1,0,187,1,1,1,0,0,0,1,1,29,3,1,0,410,1,706,187,1116,,2,0,0,0,.186,.360,.280,.283,.276,.174,.358,.363,.302,.292,.006,-0.019,-0.003,76.5,67.4,15.2,9.8,23.2,15,7.9,16,9.7,-7.1,52.3,29.1,88.5,15.6,28.2,20,12.3,3.7,16.6,29.4,31.3,6.7,38,101.38532275,94.747912063,69.6,27.1,29.3,63.9,36.1,108,169,51.6,576,78.2,9.1,192,599,324,1116,72.9,102,376,48.4,540,41.1,459,38.5,48.8,49.7,31.3,19,163,63.5,42.9,70,30.1,49,18.4,30,8.6,14,27.4
"Stefanic, Michael",683021,2026,30,26,29,9,8,1,0,0,6,3,20.7,10.3,.346,.385,.414,0.799,0.039,.450,4,13,10,0,0,6,46,25,0,32,0,19,0,0,0,0,4,0,20,5,0,2,7,2,0,0,0,0,2,4,0,2,0,0,6,0,0,0,0,0,1,0,0,3,0,0,0,48,0,83,6,131,,1,0,0,0,.297,.366,.361,.329,.370,.068,.419,.373,.450,.387,.049,.019,.032,64.8,1.9,6.3,5.8,35.4,32.7,6.1,2,1.7,8.6,30.8,29.4,90.1,4.5,35,0,0,5,45,10,40,0,30,96.414063,92.475541,62.9,9.1,23,14.3,85.7,2,14,46.6,61,72.7,8.4,19,74,38,131,90.9,4,44,53.4,70,42,55,10.3,44.3,25,45,30,20,62.1,55,11,10,2,35,7,0,0,25.6
"Story, Trevor",596115,2026,33,251,266,59,40,14,0,5,86,11,32.3,4.1,.235,.351,.271,0.622,0.116,.333,29,120,88,0,5,66,268,149,0,206,16,64,7,0,1,2,23,11,167,25,0,30,54,8,15,0,1,0,1,0,0,2,0,2,149,0,0,0,4,0,0,0,0,24,4,0,1,286,2,696,149,982,,0,4,1,0,.211,.317,.272,.248,.247,.106,.380,.343,.353,.320,.024,.034,.024,70.9,13.3,11.8,8.2,28,19.5,7.4,6,10.8,-3.1,48,29.6,87.1,14.8,29.3,9,5.4,7.2,24,24.6,35.3,3.6,36.5,98.525292771,93.305662831,69.6,23,43.6,44.1,55.9,101,229,53.5,525,72.7,5.6,105,556,319,982,77,73,318,46.5,457,46.4,456,31.8,55.7,43.7,34.1,22.2,167,66.9,46.1,77,24.6,41,20.4,34,9,15,27.8
"Kayfus, CJ",692216,2026,24,22,25,4,2,1,0,1,8,2,32,8,.182,.364,.280,0.644,0.182,.231,2,9,8,0,0,5,33,12,0,22,1,9,0,0,0,1,1,2,14,1,0,5,3,0,2,0,0,0,2,0,0,0,0,0,19,0,0,0,0,0,0,0,0,4,0,0,0,38,0,70,19,108,,0,0,0,0,.169,.427,.289,.304,.269,.258,.364,.391,.286,.266,.013,-0.063,-0.015,70.2,17.6,12.1,7.8,24.2,15.7,6.6,0,12.9,-5.6,38.5,36.4,92.8,24.1,14.3,3,21.4,7.1,7.1,35.7,28.6,0,50,101.151187143,94.712108571,76,18.4,34.5,75,25,15,20,53.7,58,80,4.6,17,60,31,108,81.6,7,38,46.3,50,36.1,39,37.9,53.7,21.4,71.4,7.1,14,60,28.6,4,50,7,7.1,1,14.3,2,27.4
"Moore, Dylan",664238,2026,33,12,15,0,0,0,0,0,6,3,40,20,.000,.000,.200,0.200,0.000,.000,0,6,0,0,1,3,31,13,0,17,0,13,0,0,0,0,0,0,6,0,0,3,0,1,2,0,0,0,0,4,0,2,0,0,10,0,0,0,0,0,0,0,0,3,1,0,0,34,0,47,10,81,,0,0,0,0,.096,.178,.140,.233,.277,.082,.000,.233,.000,.192,-0.096,-0.178,-0.093,73.2,26.7,4.5,3.3,13.6,10,7.2,1,9.7,-9.1,46.7,31.4,91.3,41.6,50,0,0,0,16.7,83.3,0,0,33.3,96.896296667,92.479925,62.9,18.2,26.1,50,50,6,12,56.8,46,100,8.6,8,51,22,81,81.8,4,22,43.2,35,38.3,31,29.4,42,0,83.3,16.7,6,53.3,0,0,50,3,16.7,1,33.3,2,
"Nimmo, Brandon",607043,2026,33,593,655,154,100,36,4,14,149,51,22.7,7.8,.260,.405,.324,0.729,0.145,.323,62,220,240,1,7,118,832,356,0,549,39,155,13,0,3,7,46,25,448,83,0,94,142,39,16,0,2,0,5,0,0,9,0,4,264,1,0,0,0,0,0,0,0,65,7,0,0,892,4,1668,264,2560,,0,1,1,0,.267,.441,.320,.338,.331,.174,.378,.406,.344,.358,-0.007,-0.036,-0.018,72.4,28.5,16.4,12.6,32.6,25,7,28,7.3,2.5,52.2,29.5,92.1,10.4,34.2,40,8.9,8.5,25.9,23.2,31.3,2,50.4,101.759062902,95.658360626,72.5,17.2,29,41.4,58.6,150,362,48.8,1249,81.5,7.4,306,1544,710,2560,82.8,163,950,51.2,1311,43.2,1106,23.9,51.2,32.8,43.8,23.4,448,62.1,42,188,26.6,119,27.9,125,3.6,16,28.0
"Polanco, Jorge",593871,2026,32,135,145,20,13,5,0,2,36,9,24.8,6.2,.148,.230,.201,0.431,0.082,.186,6,70,31,0,0,29,198,101,0,93,6,37,2,0,1,0,5,2,100,12,1,22,35,13,10,0,0,0,0,0,0,34,1,0,53,0,0,0,0,0,0,0,0,7,0,0,0,209,1,355,53,564,,0,1,0,0,.189,.284,.196,.234,.239,.096,.222,.277,.202,.257,-0.041,-0.054,-0.038,69.5,3.1,10.6,8.4,33.3,26.7,7.2,5,7.1,-8.6,52,30.6,86,14.3,31,4,4,9,19,31,30,7,31,97.0668138,92.589206263,61.9,14.6,30.1,41.1,58.9,37,90,53,299,61.5,4.6,131,295,138,564,85.4,24,164,47,265,42.6,240,24,45,47,29,24,100,56.6,40,40,24,24,25,25,11,11,26.1
"Spence, Lucas",828599,2026,23,55,63,12,5,2,1,4,22,7,34.9,11.1,.218,.509,.317,0.826,0.291,.276,12,22,28,2,0,14,89,35,0,36,1,19,0,0,0,1,3,2,33,7,0,6,12,2,1,0,0,0,0,1,0,0,0,0,39,1,0,1,0,0,0,0,0,9,0,0,0,98,0,150,39,248,,0,0,0,0,.197,.389,.355,.305,.299,.192,.508,.411,.364,.328,.021,.120,.050,73.5,32.7,21,12.9,35.5,21.8,7,1,9.9,-3.6,52,30.7,91.9,10.6,39.4,4,12.1,15.2,15.2,15.2,36.4,6.1,48.5,101.94738,95.727673939,71.3,29.3,24.8,60.6,39.4,20,33,53.6,133,84.6,5.2,47,137,61,248,70.7,24,82,46.4,115,48,119,38.3,46.4,54.5,30.3,15.2,33,61.9,45.5,15,24.2,8,27.3,9,3,1,28.5
"Lee, Hao-Yu",701678,2026,23,330,364,87,56,19,2,10,87,30,23.9,8.2,.264,.424,.322,0.746,0.160,.326,46,141,140,2,3,86,473,238,0,227,12,114,5,0,1,0,25,17,247,45,0,47,72,22,19,0,1,0,19,1,0,4,1,3,158,2,0,0,0,0,0,0,0,40,3,0,0,499,4,889,158,1388,,0,1,0,0,.234,.393,.325,.302,.295,.159,.396,.362,.354,.316,.030,.031,.023,71.3,21.2,15,11.4,35.8,27.1,7,15,7.3,5.1,52.4,24.4,89.5,13.3,34.8,21,8.5,9.7,23.1,25.5,28.7,4.5,41.3,100.217537236,94.379399184,65.9,17.2,29.1,48.6,51.4,101,208,51.6,715,74.5,7.4,138,806,443,1388,82.8,76,443,48.4,672,41.6,577,27.2,46.9,27.1,38.5,34.4,247,61,39.3,97,25.9,64,27.1,67,7.7,19,28.1
"Báez, Javier",595879,2026,33,187,196,45,29,12,1,3,41,6,20.9,3.1,.241,.364,.270,0.634,0.123,.292,20,105,68,2,1,57,183,107,0,119,6,58,7,0,0,2,14,8,147,22,1,21,61,8,11,0,0,0,6,2,0,0,0,1,103,1,1,0,0,0,0,0,0,25,1,0,0,204,1,487,103,691,,0,0,0,0,.242,.325,.277,.266,.275,.083,.331,.317,.306,.313,-0.001,.039,.011,73.3,32,14.1,10.2,30.6,22.1,8.6,3,8.9,-6.4,52.9,28.6,85.6,7.4,34,4,2.7,2.7,29.3,21.1,40.8,2.7,34.7,97.80478,92.902593904,65.3,19.8,47.4,40.4,59.6,76,188,57.5,397,70.5,6.4,98,303,289,691,80.2,38,192,42.5,294,42,290,30,55,43.5,38.8,17.7,147,66.3,51,75,19.7,29,21.1,31,8.2,12,27.0
"Mangum, Jake",663968,2026,30,435,479,120,94,19,2,5,93,25,19.4,5.2,.276,.363,.331,0.694,0.087,.339,33,195,158,9,23,97,455,227,0,431,27,133,7,0,0,12,63,12,349,45,0,47,140,25,15,0,1,0,1,3,0,0,5,2,170,7,2,0,5,0,3,0,0,56,22,1,0,497,7,1238,170,1735,,3,2,0,0,.247,.331,.310,.285,.304,.084,.352,.317,.349,.313,.029,.032,.025,68,4.4,7.6,6,31.6,24.9,6.7,16,4.7,9.6,36.1,31.5,86,4.8,27.2,8,2.3,3.4,24.6,16.9,41.3,10.3,27.8,96.465453598,92.286667774,73.2,16.8,45.1,27.8,72.2,116,417,53.3,924,78.4,7.7,274,1026,431,1735,83.2,100,594,46.7,811,41.8,726,21.4,58.3,29.8,33.8,36.4,349,67.2,58.2,203,16.9,59,20.6,72,4.3,15,29.6
"Lile, Daylen",695734,2026,23,602,655,148,90,28,8,22,127,40,19.4,6.1,.246,.429,.296,0.725,0.183,.274,89,280,258,7,15,170,743,275,0,536,32,160,6,0,3,6,33,42,482,73,0,142,123,35,30,0,3,0,0,0,0,24,0,7,264,6,0,1,0,0,0,1,1,81,14,1,0,781,7,1609,264,2390,,2,3,0,0,.255,.442,.312,.324,.304,.187,.360,.375,.307,.322,-0.009,-0.013,-0.012,71.5,12.8,13.1,10.2,31.9,24.9,7.5,15,12.3,-1.4,54.9,38.7,88.6,19.2,37.8,46,9.6,7.3,23,33.8,23,3.1,38,99.074034958,93.689429833,76.2,14.5,38.5,39,61,194,498,54.1,1293,84.5,6.5,401,1274,709,2390,85.5,121,835,45.9,1096,41.9,1000,23.6,55.8,40.7,30.7,28.6,482,63.8,32.4,156,38.2,184,23,111,6.4,31,29.4
"Moreno, Gabriel",672515,2026,26,473,549,147,97,33,1,16,80,61,14.6,11.1,.311,.486,.388,0.874,0.175,.339,83,195,230,4,6,125,824,513,0,427,15,130,9,0,0,5,46,24,403,76,1,78,123,28,24,0,0,0,1,0,0,25,0,10,130,4,0,0,2,0,0,0,0,72,6,0,0,894,10,1495,130,2389,,0,3,0,0,.289,.451,.380,.363,.372,.162,.403,.380,.365,.344,.022,.035,.017,71.7,22.7,14.5,12.4,32.9,28.3,7.1,11,8.5,1.8,41.5,34.5,89.3,12.9,36.2,31,7.7,5.2,30.3,22.6,31.3,2.7,42.2,99.899212438,94.093065075,55.2,9.6,28.7,24.9,75.1,91,365,53.3,1270,58.6,7.1,272,1369,741,2389,90.4,59,614,46.7,1112,41.5,988,15.5,41.1,35.2,30,34.7,403,59.9,41.9,169,25.3,102,26.6,107,6.2,25,26.2
"De Los Santos, Deyvison",691277,2026,23,42,43,6,4,2,0,0,11,0,25.6,0,.143,.190,.163,0.353,0.047,.194,0,17,8,0,0,11,52,31,0,26,2,18,1,0,0,1,3,1,31,2,0,4,13,4,4,0,0,0,6,0,0,1,0,0,23,0,0,0,0,0,0,0,0,1,0,0,0,55,0,114,23,169,,0,0,0,0,.198,.256,.158,.210,.217,.058,.196,.268,.194,.269,-0.055,-0.066,-0.052,77.1,69.9,11.3,8.2,22.6,16.4,8,3,7.7,-7.3,50.7,26.8,86.7,10.3,25.8,1,3.2,3.2,25.8,22.6,38.7,6.5,29,97.87948875,93.099090968,59.5,12.8,40,55.6,44.4,20,36,53.3,90,50,4.7,35,86,48,169,87.2,6,47,46.7,79,43.2,73,31.3,49.1,38.7,38.7,22.6,31,62.8,51.6,16,16.1,5,19.4,6,12.9,4,28.3
"Giménez, Andrés",665926,2026,27,468,508,114,79,25,1,9,94,17,18.5,3.3,.244,.359,.291,0.650,0.115,.284,59,200,168,4,20,112,483,249,0,413,23,148,7,0,2,16,35,22,381,53,4,66,138,29,31,0,2,0,6,0,0,0,2,5,224,3,1,0,0,0,0,0,0,38,15,5,0,538,7,1331,224,1869,,0,0,1,0,.237,.333,.286,.276,.285,.096,.322,.309,.301,.298,.007,.026,.010,68.3,4.2,6.8,5.1,32.6,24.5,7,19,10,1.4,50.8,32.3,85.4,13,29.9,13,3.4,5.5,25.5,26.5,32.3,6.6,24.9,95.861947351,91.931251541,73.3,15.2,43.9,38,62,163,429,52.3,978,78.3,7.4,247,1090,526,1869,84.8,99,653,47.7,891,41,767,24.2,57.9,39.9,32.8,27.3,381,63.8,45.4,173,23.1,88,22.3,85,9.2,35,27.7
"Peters, Tristan",671976,2026,26,437,491,116,69,31,4,12,90,37,18.3,7.5,.265,.437,.337,0.774,0.172,.309,56,182,191,2,8,109,560,208,0,361,25,156,0,0,4,11,39,21,353,56,0,80,105,23,29,0,0,0,23,1,1,0,4,2,176,1,1,0,1,0,1,1,0,63,8,0,0,613,6,1157,176,1770,,2,2,3,0,.248,.384,.340,.314,.322,.136,.377,.340,.332,.311,.017,.053,.026,69.7,7.3,12,9.4,33.9,26.5,6.9,17,13.7,-4,56.2,30,87.5,18,33.1,19,5.4,7.1,24.6,27.8,24.6,9.9,34.1,98.255124545,93.229307788,74.7,16.5,32.6,37.7,62.3,109,289,50.1,886,83.2,6.7,280,985,497,1770,83.5,109,659,49.9,882,43.2,764,23,53.6,51.3,28.6,20.1,353,61.5,40.8,144,28.6,101,22.4,79,8.2,29,28.7
"Peck, John",807726,2026,23,68,80,11,10,1,0,0,16,9,20,11.3,.162,.176,.275,0.451,0.014,.208,7,32,12,1,5,21,85,36,0,53,4,24,3,0,0,2,5,0,53,6,0,10,18,8,5,0,0,0,2,1,0,0,0,1,34,1,0,0,0,0,1,0,0,3,5,0,0,96,1,182,34,278,,1,1,0,0,.221,.346,.224,.310,.332,.125,.192,.323,.208,.294,-0.059,-0.170,-0.086,72,15.9,11.5,8.3,28.1,20.5,7.2,3,9.6,6.4,64.7,29.8,88.6,10.3,32.1,4,7.7,3.8,26.4,24.5,35.8,0,37.7,99.010478846,93.583440385,76,20.4,32.2,39.6,60.4,19,48,53.6,149,81,7.6,34,159,85,278,79.6,20,98,46.4,129,45.3,126,26.7,52.5,24.5,35.8,39.6,53,61.3,43.4,23,18.9,10,28.3,15,9.4,5,27.6
"Lugo, Matthew",683090,2026,25,14,15,2,2,0,0,0,6,1,40,6.7,.143,.143,.200,0.343,0.000,.250,0,7,2,0,0,5,20,6,0,8,1,9,0,0,0,0,1,0,8,0,1,1,3,1,1,0,0,0,4,1,0,1,0,0,11,0,0,0,0,0,0,0,0,0,0,0,0,20,0,36,11,56,,0,0,0,0,.089,.104,.165,.125,.149,.016,.223,.148,.250,.155,.054,.039,.040,73.9,50,6.3,3.6,18.8,10.7,7.6,2,11.1,-3.1,50,32.7,83.9,21.5,12.5,0,0,0,0,50,50,0,12.5,91.132795,89.9284025,76.2,25,40,71.4,28.6,10,14,62.5,35,66.7,5.4,1,40,15,56,75,4,16,37.5,21,37.5,21,46.7,53.6,50,25,25,8,60,50,4,12.5,1,12.5,1,25,2,27.8
"Vierling, Matt",663837,2026,29,266,291,55,34,13,3,5,49,19,16.8,6.5,.207,.335,.255,0.590,0.128,.230,31,131,89,2,4,63,332,217,0,207,11,92,5,0,0,0,15,13,223,27,0,50,68,24,25,0,0,0,8,3,0,1,1,5,79,2,0,0,0,0,2,0,0,24,4,0,0,354,6,744,79,1098,,2,1,1,0,.256,.381,.258,.304,.307,.125,.278,.337,.248,.315,-0.049,-0.046,-0.046,70.9,7.6,13.4,11,35.7,29.3,7.4,2,8.8,-1.4,58.1,31.4,87.9,17.4,36.3,11,5,6.7,25.1,35,25.1,2.7,37.2,98.761562252,93.539494751,63.4,10.8,32.4,33,67,58,176,49.5,544,74,6.6,138,660,293,1098,89.2,38,351,50.5,554,42.4,466,18.2,48,33.6,40.8,25.6,223,60.1,37.2,83,28.3,63,23.3,52,11.2,25,28.3
"Rojas, Miguel",500743,2026,37,225,252,60,40,16,0,4,27,16,10.7,6.3,.267,.391,.312,0.703,0.124,.279,23,109,88,1,1,53,287,132,0,142,6,105,9,0,1,2,22,8,207,30,0,40,69,20,18,0,0,0,31,0,0,3,2,7,60,1,0,0,1,0,0,1,0,23,1,0,0,319,9,561,60,880,,1,2,0,0,.277,.386,.306,.309,.323,.108,.312,.316,.293,.306,-0.010,.005,-0.003,69.1,5.7,14.3,12.2,39.8,34,7.1,10,7,-6.6,45.2,29.6,87.3,14.6,36.2,10,4.8,2.4,28.5,28,29.5,6.8,36.2,98.290682475,93.175374851,68.3,8.8,32.4,31.6,68.4,49,155,54.4,479,69.7,7.5,134,490,254,880,91.2,24,274,45.6,401,40.5,356,17,48.8,35.3,42,22.7,207,62.3,44,91,23.2,48,24.2,50,8.7,18,26.1
"Morel, Christopher",666624,2026,27,98,105,17,12,4,0,1,35,6,33.3,5.7,.173,.245,.229,0.474,0.072,.258,6,53,24,0,1,26,121,67,0,61,7,36,0,0,0,1,6,2,63,9,0,12,23,3,8,0,0,0,6,1,0,12,0,0,58,0,0,0,0,0,0,0,0,6,1,0,0,129,0,258,58,387,,0,0,0,0,.173,.234,.216,.211,.228,.062,.282,.273,.270,.269,.000,.011,.005,76.3,62.4,14.7,9.4,29.4,18.8,8,2,12.7,-6.3,74,25,87.2,16.7,25.4,2,3.2,3.2,22.2,28.6,36.5,6.3,38.1,99.574998438,93.995871746,64.9,28.7,34.7,46.4,53.6,32,69,51.4,199,68,6.5,38,197,152,387,71.3,35,122,48.6,188,44.2,171,35.1,49.4,57.1,31.7,11.1,63,63.8,46,29,22.2,14,19,12,12.7,8,27.7
"Schwarber, Kyle",656941,2026,33,581,701,135,69,20,1,45,220,105,31.4,15,.232,.503,.354,0.857,0.271,.280,97,198,292,1,3,108,1150,447,1,522,43,156,3,0,0,8,21,45,367,69,0,72,94,26,38,0,6,0,1,0,0,147,0,6,382,0,1,0,0,0,0,1,0,95,1,2,0,1223,6,1775,382,2998,,1,1,1,1,.236,.487,.368,.364,.353,.251,.492,.486,.368,.377,-0.004,.016,.004,77.1,74.6,16.8,11.9,23.8,17,7.5,52,14.7,-9.2,67.4,29.4,92.3,20.1,37.3,57,15.6,10.9,21.3,27.2,22.3,2.5,49.3,103.53204776,96.326214481,66.4,22.5,26.1,55.1,44.9,237,430,54.9,1646,77.8,6.3,437,1421,1140,2998,77.5,202,898,45.1,1352,41.4,1241,33.1,44.3,54.2,28.9,16.9,367,56.1,31.3,115,31.9,117,26.4,97,10.4,38,25.6
"Dezenzo, Zach",701305,2026,26,76,83,16,11,4,0,1,32,7,38.6,8.4,.211,.303,.277,0.580,0.092,.349,3,32,23,0,1,14,103,69,0,51,5,35,1,0,0,0,3,2,44,11,0,7,16,3,2,0,0,0,3,1,0,2,0,0,51,0,0,0,0,0,0,0,0,11,1,0,0,110,0,223,51,333,,0,1,0,0,.191,.294,.262,.248,.259,.103,.384,.358,.364,.329,.020,.009,.014,75.1,51.4,10.3,6.5,23,14.5,7.7,2,11.4,0.7,39.1,39.3,84.9,9.9,43.2,4,9.1,2.3,27.3,20.5,29.5,11.4,31.8,97.416716364,92.779819318,59,29.5,34.3,52.5,47.5,31,59,51.7,172,76.2,6.3,26,198,102,333,70.5,28,95,48.3,161,42.3,141,38.3,46.2,43.2,20.5,36.4,44,61.4,43.2,19,20.5,9,31.8,14,4.5,2,27.9
"Eldridge, Bryce",805811,2026,21,386,448,104,64,23,0,17,119,59,26.6,13.2,.269,.461,.364,0.825,0.192,.344,57,170,178,1,1,97,715,308,0,321,17,107,0,0,1,0,29,27,270,48,0,55,77,23,11,0,1,0,2,0,1,66,0,3,200,1,0,0,0,0,0,0,0,50,1,0,0,761,3,1119,200,1880,,0,1,1,0,.260,.467,.361,.359,.355,.207,.447,.444,.385,.373,.009,-0.006,.002,73.4,34.4,18.6,13.8,32,23.8,7.4,9,12.2,-4.6,42.8,37.8,92.7,13.7,36.7,31,11.5,8.5,26.3,24.1,27,2.2,52.2,102.568509037,96.138444275,64.7,17.9,24.6,48,52,119,248,53.7,1010,73.8,5.7,277,921,674,1880,82.1,101,563,46.3,870,42.7,802,27.1,43.1,37.8,37.4,24.8,270,59.6,39.3,106,30.4,82,26.3,71,4.1,11,26.0
"Stevens, Chad",677060,2026,27,28,34,1,1,0,0,0,13,5,38.2,14.7,.036,.036,.176,0.212,0.000,.063,3,18,1,0,0,12,54,20,0,34,4,16,0,0,0,0,0,0,16,1,0,6,6,3,0,0,0,0,4,1,0,0,0,1,19,0,0,0,0,0,0,0,0,1,0,0,0,57,1,94,19,151,,0,0,0,0,.117,.186,.129,.210,.244,.069,.056,.227,.063,.205,-0.081,-0.150,-0.081,72.1,36.2,7.5,5.2,17.5,12.1,7.1,1,6,1,37.1,34.5,81.4,13.2,43.8,1,6.3,6.3,6.3,43.8,25,12.5,25,94.8961975,91.469755,65.6,20,37.8,44.1,55.9,15,34,59.6,90,77.8,6,18,82,50,151,80,8,40,40.4,61,40.4,61,31.1,49,31.3,37.5,31.3,16,55.9,37.5,6,37.5,6,25,4,0,0,27.2
"Siri, Jose",642350,2026,30,228,251,55,35,10,0,10,80,15,31.9,6,.241,.417,.296,0.713,0.176,.324,33,109,95,1,9,52,278,148,0,167,9,108,9,0,1,3,16,17,153,21,1,31,48,11,7,0,2,0,15,13,0,0,4,1,168,1,0,0,1,0,1,0,0,36,7,2,0,298,5,666,168,964,,1,2,1,0,.227,.425,.308,.304,.278,.199,.431,.425,.369,.350,.014,-0.008,.004,73.4,37.6,16.7,10.7,26.2,16.9,7.7,9,12,-3,52.2,33.4,89.1,15.4,33.3,20,13.2,9.2,17,23.5,28.8,7.8,42.8,101.222376081,94.841327905,69.1,25.2,40.2,54.4,45.6,112,206,53.4,513,67.7,6.8,137,511,309,964,74.8,78,309,46.6,447,41.9,402,36.9,53.7,43.1,33.3,23.5,153,67.1,41.8,64,31.4,48,21.6,33,5.2,8,30.0
"Garver, Mitch",641598,2026,35,126,149,22,15,3,0,4,49,22,32.9,14.8,.175,.294,.302,0.596,0.119,.247,15,66,37,0,1,39,234,117,0,96,4,50,2,0,1,1,5,7,77,10,0,22,21,8,4,0,0,0,4,0,0,8,0,0,82,0,0,0,0,0,0,0,0,17,1,0,0,254,0,378,82,632,,0,4,0,0,.194,.341,.278,.301,.318,.147,.329,.373,.286,.317,-0.019,-0.047,-0.023,72.5,18.8,13.7,9.4,33.5,23.1,7.4,8,15.3,-7.9,65.4,28.7,90.6,18.3,28.6,7,9.1,6.5,23.4,35.1,23.4,2.6,48.1,100.526305641,94.874987922,61.7,23.6,24.9,54,46,47,87,55.4,350,66.7,6.2,61,351,220,632,76.4,41,174,44.6,282,42.9,271,33.7,41.3,53.2,36.4,10.4,77,61.1,33.8,26,37.7,29,23.4,18,5.2,4,25.1
"Alonso, Pete",624413,2026,31,602,700,161,94,24,0,43,169,81,24.1,11.6,.267,.522,.363,0.885,0.255,.299,113,257,314,1,5,143,1005,487,0,504,29,161,13,0,2,12,47,50,438,64,0,87,135,33,20,0,6,0,3,0,0,19,0,5,304,1,0,0,2,0,1,0,0,100,5,0,0,1087,5,1774,304,2861,,1,2,1,0,.285,.563,.379,.402,.375,.279,.461,.496,.368,.394,-0.018,-0.041,-0.023,74.7,47.3,22.7,16.9,33.8,25.1,7.2,18,10.4,2,55.1,34.4,93.9,14.9,36.8,67,15.3,8.4,29.7,20.3,23.7,2.3,56.2,104.058997078,97.241695881,66.3,18.1,26.6,45.5,54.5,186,409,53.7,1537,72.4,8,306,1583,971,2861,81.9,159,877,46.3,1323,38.6,1105,26.8,45,36.8,40,23.3,438,62.1,41.6,182,31.3,137,22.4,98,4.8,21,24.9
"Pereda, Jhonny",640902,2026,30,90,101,27,23,2,0,2,20,9,19.8,8.9,.300,.389,.366,0.755,0.089,.362,8,35,35,0,0,17,144,72,0,88,4,31,1,0,0,1,8,3,71,16,0,6,20,13,4,0,0,0,4,0,0,0,0,1,41,0,0,0,0,0,0,0,0,12,0,0,0,152,1,278,41,430,,0,0,0,0,.304,.398,.338,.345,.376,.094,.382,.388,.380,.389,-0.004,-0.009,-0.007,70.8,6.1,12.9,10.1,34.5,26.8,7.3,1,6.5,0.8,45.8,29.9,90,8.2,46.5,2,2.9,4.2,40.8,18.3,29.6,2.8,45.7,99.588680571,94.204503429,71.5,20.3,24.2,28.8,71.2,15,52,50.1,215,78.6,6.5,36,251,139,430,79.7,31,153,49.9,214,46.2,198,22.3,47.9,32.4,39.4,28.2,71,67.3,39.4,28,12.7,9,42.3,30,5.6,4,24.6
"Candelario, Jeimer",600869,2026,32,18,20,2,0,2,0,0,8,1,40,5,.111,.222,.200,0.422,0.111,.200,0,6,4,0,0,2,24,12,0,13,1,7,1,0,0,1,0,1,10,1,0,3,4,1,0,0,0,0,0,0,0,1,0,0,21,0,0,0,0,0,0,0,0,3,0,0,0,25,0,58,21,83,,0,0,0,0,.167,.213,.198,.218,.250,.046,.252,.293,.200,.300,-0.056,.009,-0.020,71,15,9.5,5,33.3,17.5,8,0,14.4,-5.7,51.2,33.9,91.8,18.2,30,0,0,0,30,40,30,0,40,98.451112,93.916024,71.7,48.5,35.1,53.8,46.2,7,13,44.6,37,66.7,10.8,10,42,31,83,51.5,16,33,55.4,46,41,34,50,55.4,60,20,20,10,60,40,4,40,4,20,2,0,0,26.3
"McKinstry, Zach",656716,2026,31,371,423,74,51,15,4,4,69,42,16.3,9.9,.199,.294,.288,0.582,0.095,.233,26,164,109,5,3,77,519,277,0,337,22,129,4,0,1,5,21,8,307,45,0,78,102,36,17,0,1,0,17,5,0,0,3,2,95,5,0,0,0,0,3,1,0,42,3,0,0,562,5,1058,95,1620,,4,9,0,0,.230,.310,.265,.284,.314,.079,.260,.286,.243,.282,-0.031,-0.016,-0.019,68,4.3,6.4,5.4,31.7,26.6,6.6,9,8,0.9,40.4,38,85.8,14.7,37.1,6,2,4.9,24.8,33.2,30.3,4.6,22.5,95.167032583,91.585102086,67,9.4,28,36.5,63.5,80,219,48.2,781,71.8,8.1,244,954,413,1620,90.6,53,562,51.8,839,41,665,17,48.2,39.1,35.2,25.7,307,64.1,40.1,123,28,86,26.4,81,5.5,17,27.9
"Stowers, Kyle",669065,2026,28,447,512,107,55,27,4,21,161,52,31.4,10.2,.239,.459,.331,0.790,0.220,.322,65,208,205,1,1,121,663,200,0,365,29,121,9,0,1,10,31,32,289,44,0,64,76,19,22,0,5,0,0,0,0,20,1,2,323,1,0,0,0,0,0,0,0,57,1,0,0,704,3,1218,323,1922,,0,2,0,0,.227,.437,.341,.329,.314,.210,.460,.438,.372,.355,.012,.022,.012,75.4,55.2,20.7,14,30.4,20.6,6.8,29,15.2,-2.6,55.1,34,92.5,18.1,33.2,37,12.8,8,24.9,27.3,23.2,3.8,56.4,103.41265375,96.673495417,76.5,23.9,33.7,57.1,42.9,204,357,55,1058,83.4,7.5,373,1047,501,1922,76.1,158,661,45,864,41.6,799,35.6,53,46,35.6,18.3,289,61.8,37,107,33.2,96,22.1,64,7.6,22,26.3
"Yelich, Christian",592885,2026,34,442,500,104,67,23,2,12,135,49,27,9.8,.235,.378,.315,0.693,0.143,.308,59,215,167,1,11,129,764,330,0,351,18,118,7,0,3,4,40,21,312,42,1,41,133,25,7,0,4,0,4,1,0,112,1,4,251,0,1,0,1,0,0,0,0,69,8,3,0,810,5,1277,251,2087,,0,0,0,0,.230,.385,.305,.308,.307,.156,.374,.380,.334,.331,.005,-0.007,-0.003,73.2,31,14,10,29.8,21.2,7.6,11,11.7,7.5,45.8,36.9,88.9,4,29.5,30,9.6,5.4,25.3,14.1,38.8,6.4,42.9,100.380625455,94.534931238,68,20.2,24.4,53.8,46.2,142,264,51.8,1081,78.6,7,209,1254,610,2087,79.8,138,683,48.2,1005,42.3,883,29.6,45.4,34.6,37.2,28.2,312,57.3,55.4,173,19.9,62,22.1,69,2.6,8,27.4
"Jones, Greg",675659,2026,28,23,24,2,2,0,0,0,10,0,41.7,0,.087,.087,.087,0.174,0.000,.154,1,17,2,1,1,9,22,15,0,12,2,12,0,0,0,0,1,0,14,1,0,2,7,2,1,0,0,0,3,2,0,0,1,0,15,1,0,0,0,0,1,0,0,0,1,0,0,22,1,59,15,81,,1,0,0,0,.174,.205,.077,.164,.174,.032,.137,.289,.154,.307,-0.087,-0.118,-0.087,71,12.9,10,6.5,25,16.1,6.7,2,6.8,11,47.2,32.6,86.3,1.3,21.4,0,0,0,35.7,14.3,28.6,21.4,28.6,98.611036667,93.604294167,66.7,30,38.9,57.1,42.9,8,14,44.4,36,80,6.2,13,47,19,81,70,9,30,55.6,45,45.7,37,38.6,54.3,14.3,64.3,21.4,14,66.7,57.1,8,14.3,2,21.4,3,7.1,1,28.1
"Pérez, Wenceel",672761,2026,26,161,175,29,17,4,1,7,29,14,16.6,8,.180,.348,.246,0.594,0.168,.176,17,81,56,1,3,33,219,109,0,121,5,53,1,0,0,0,12,7,132,10,0,35,43,8,17,0,0,0,3,0,0,1,0,0,50,0,1,0,0,0,1,0,0,22,3,0,0,231,0,422,50,653,,1,0,0,0,.203,.348,.262,.272,.267,.145,.274,.286,.220,.248,-0.023,.000,-0.010,71.4,18.1,13.7,11.2,36.6,30,7,0,7.7,-6.3,50.2,28.1,87.2,17,23.5,10,7.6,4.5,18.2,36.4,28,5.3,33.3,97.732311667,92.919937803,67.2,12.4,29.1,31.3,68.8,30,96,50.5,330,75.6,6.3,137,359,153,653,87.6,27,217,49.5,323,43.5,284,18.2,47.9,44.7,28,27.3,132,57.1,41.7,55,31.8,42,13.6,18,12.9,17,28.2
"Williams, Carson",700246,2026,23,37,40,4,2,1,0,1,13,2,32.5,5,.108,.216,.154,0.370,0.108,.130,6,21,8,0,0,12,40,17,0,29,0,16,1,0,0,0,2,1,25,1,0,7,6,2,6,0,0,0,4,3,0,2,1,0,26,0,0,0,0,0,1,0,0,7,0,0,0,43,1,99,26,142,,1,0,0,0,.166,.280,.166,.217,.209,.113,.212,.295,.167,.257,-0.058,-0.064,-0.051,74.2,35.2,5.9,4.2,17.6,12.7,7.6,2,13.9,-1.4,54.9,33.5,84.5,28.1,24,1,4,8,20,40,12,16,24,96.623833333,92.3721375,76.8,22.6,39.7,51.7,48.3,15,29,51.4,73,91.7,8.5,17,81,44,142,77.4,12,53,48.6,69,45.8,65,32.9,57.7,24,44,32,25,65,32,8,32,8,12,3,24,6,27.8
"Langeliers, Shea",669127,2026,28,424,467,111,67,21,0,23,109,37,23.3,7.9,.262,.474,.328,0.802,0.212,.300,58,183,201,1,3,91,603,226,0,320,21,106,9,0,2,5,32,23,316,55,1,71,81,25,28,0,2,0,3,0,0,34,0,1,227,1,0,0,1,0,0,0,0,58,3,0,0,654,1,1121,227,1775,,0,3,0,0,.266,.491,.347,.352,.329,.225,.422,.430,.351,.357,-0.004,-0.017,-0.005,75.1,52,17.2,12.2,31.5,22.2,7.3,2,12.2,-2.6,61.8,31.3,91.3,18.4,37.3,42,13.3,4.1,23.4,31.3,25,2.8,43,102.074391139,95.355812373,71.7,18.6,33.1,47.2,52.8,153,324,55.2,979,78.1,6.4,228,925,621,1775,81.4,106,571,44.8,796,39.5,701,28.9,50.4,40.5,35.4,24.1,316,60.5,35.8,113,29.7,94,25.3,80,9.2,29,28.4
"Thompson, Sterlin",694514,2026,25,69,77,16,10,4,0,2,21,5,27.3,6.5,.232,.377,.312,0.689,0.145,.304,10,35,26,0,0,21,112,38,0,61,4,27,3,0,0,3,7,4,48,5,0,8,18,6,0,0,0,0,7,1,0,10,0,0,41,0,0,0,0,0,0,0,0,7,0,0,0,118,0,194,41,312,,0,0,1,0,.219,.357,.308,.295,.300,.138,.376,.355,.333,.314,.013,.020,.013,75.4,55.5,12.2,9.2,24.4,18.5,7,0,8.4,1.3,40,35.1,86.6,8,31.3,3,6.3,14.6,18.8,14.6,41.7,4.2,43.8,100.340930417,94.17716,75.5,18.1,29.5,54.9,45.1,28,51,55.4,173,95.8,7.7,54,176,79,312,81.9,19,105,44.6,139,41.7,130,30.1,50,43.8,31.3,25,48,67.5,52.1,25,25,12,22.9,11,0,0,27.6
"Conforto, Michael",624424,2026,33,271,314,65,33,17,0,15,80,35,25.5,11.1,.240,.469,.331,0.800,0.229,.278,45,125,127,0,1,67,446,215,0,220,15,113,7,0,1,4,11,22,195,32,0,45,61,12,11,0,3,0,21,0,0,52,0,4,129,0,0,0,0,0,0,0,0,32,1,0,0,476,4,781,129,1257,,0,3,1,0,.238,.439,.343,.332,.324,.201,.418,.401,.333,.332,.002,.030,.011,72.5,29,11.9,8.9,28.8,21.5,7.3,10,11.9,-5.8,52.8,31.4,90,16.7,39,23,11.9,7.2,21.5,27.7,28.7,2.6,41.5,100.456929897,94.570717474,64.5,15.5,27.3,50.6,49.4,91,180,52.4,659,75,6.4,249,628,366,1257,84.5,60,386,47.6,598,42.4,533,26.7,45,47.2,32.3,20.5,195,61,36.9,72,34.4,67,23.1,45,5.6,11,25.9
"Loperfido, Joey",694388,2026,27,103,121,22,13,7,1,1,32,14,26.4,11.6,.214,.330,.311,0.641,0.116,.296,12,47,34,1,1,27,152,80,1,87,7,40,2,0,1,1,9,5,73,8,0,14,29,6,2,0,1,0,6,0,0,0,1,1,64,1,0,0,2,0,0,0,0,13,1,0,0,164,2,314,64,478,,0,0,0,1,.229,.334,.287,.294,.318,.105,.334,.346,.306,.327,-0.015,-0.004,-0.007,71.7,18.7,9.2,6.4,30.3,21.2,7.7,6,15.4,8.1,40.4,39.2,89,11.9,32.9,5,6.8,2.7,27.4,26,32.9,4.1,35.6,98.647922778,93.55777,68.6,23.5,29.8,50,50,36,72,50.6,242,80.6,6.5,77,235,166,478,76.5,38,162,49.4,236,43.9,210,31.6,49,27.4,49.3,23.3,73,75.8,52.1,38,26,19,19.2,14,2.7,2,28.3
"Lopez, Nicky",670032,2026,31,237,270,64,57,5,1,1,44,12,16.3,4.4,.270,.312,.322,0.634,0.042,.325,24,101,74,3,5,65,281,155,0,205,11,100,5,0,1,7,31,5,207,28,0,26,92,18,7,0,1,0,18,3,0,0,12,2,81,3,0,0,0,0,0,0,0,25,5,0,0,312,14,674,81,986,,0,1,0,0,.248,.299,.286,.270,.299,.051,.311,.291,.328,.302,.022,.013,.016,66.4,0.9,4.3,3.5,33.8,27.3,6.8,4,7.9,9.2,59.3,26.2,84.7,3.4,28.5,0,0,2.9,26.1,17.9,41.5,11.1,22.2,94.353526632,91.180435053,70.5,13.3,34.1,29.1,70.9,48,165,49.1,484,85.9,7.2,148,553,285,986,86.7,47,354,50.9,502,43.8,432,18.3,52.6,28.5,47.3,24.2,207,63.2,59.4,123,15,31,22.2,46,3.4,7,27.6
"Benge, Carson",701807,2026,23,595,654,168,123,22,3,20,142,50,21.7,7.6,.282,.430,.346,0.776,0.148,.341,65,214,256,5,22,138,930,472,0,503,17,156,7,0,3,8,55,33,454,80,0,92,139,40,14,0,1,0,5,0,0,1,0,1,232,4,0,1,2,0,2,0,0,86,20,1,1,976,1,1694,232,2670,,2,6,2,0,.279,.438,.342,.341,.342,.158,.403,.403,.370,.367,.003,-0.008,.001,71,17,13.3,10.6,31.9,25.3,6.6,33,6.7,2.5,41.4,34.3,88.8,12.1,38.1,33,7.3,6.6,29.1,22.5,30,3.7,38.8,99.519345378,93.954813653,63.8,13.7,28,38.7,61.3,146,377,50.4,1345,77.8,7.8,368,1535,766,2670,86.3,116,845,49.6,1325,43.3,1155,21.4,45.8,32.6,38.8,28.6,454,54.8,42.7,194,27.5,125,26.7,121,3.1,14,28.6
"Bauers, Jake",641343,2026,30,477,578,127,77,22,2,26,156,94,27,16.3,.266,.484,.389,0.873,0.218,.339,86,228,231,6,11,134,928,430,0,361,23,144,6,0,2,4,35,33,324,59,0,64,98,22,11,0,4,0,12,0,0,4,0,3,252,4,2,0,2,0,3,0,0,93,9,2,0,1002,3,1407,252,2409,,3,1,1,0,.253,.467,.381,.371,.376,.214,.471,.454,.392,.375,.013,.017,.010,76.5,68,19.8,14.5,32.1,23.4,7.7,33,10.9,-1.3,48.2,34.7,92.1,12.1,38.6,45,14,8,23.1,20.4,29.3,4,51.9,103.241504938,96.516969938,62,17.9,21.7,59.9,40.1,166,277,53.2,1279,75.3,7.7,382,1263,745,2409,82.1,125,698,46.8,1126,41.8,1005,29.8,40.6,41,32.4,26.5,324,60.1,41,133,29.9,97,25.6,83,3.4,11,26.9
"Bogaerts, Xander",593428,2026,33,520,606,120,88,18,1,13,109,77,18,12.7,.231,.344,.332,0.676,0.113,.266,57,216,179,1,22,116,862,466,0,339,20,153,12,0,3,4,52,20,416,48,0,77,165,36,17,0,2,0,3,0,0,2,0,5,203,1,0,0,3,0,2,0,0,68,19,3,0,919,5,1449,203,2368,,2,5,2,0,.248,.376,.306,.325,.347,.127,.311,.339,.288,.314,-0.017,-0.032,-0.019,72.3,28.6,15.8,12.3,37.4,29.2,7.3,21,9.8,-4.2,51.6,32.3,89.6,6.7,27.9,23,5.5,5.5,24.5,20.2,41.1,2.9,42.3,100.312911827,94.537029735,61.1,14.7,22.8,44.6,55.4,123,276,51.1,1210,76.3,6.6,278,1303,783,2368,85.3,104,707,48.9,1158,42.8,1014,23.1,41.5,44,37,19,416,58.5,52.2,217,23.3,97,20.4,85,4.1,17,27.1
"Robles, Victor",645302,2026,29,133,149,34,29,3,2,0,22,9,14.8,6,.256,.308,.315,0.623,0.052,.304,9,62,41,2,10,32,158,63,0,99,2,65,4,0,0,3,15,1,115,18,0,30,37,7,6,0,0,0,9,3,0,1,3,1,57,2,0,0,0,0,1,0,0,15,7,3,0,173,4,346,57,519,,1,2,1,0,.238,.321,.283,.280,.301,.083,.293,.290,.304,.285,.018,-0.013,.003,68.1,2.5,6.5,5,35.3,27.3,6.7,8,11.5,-2.6,55.4,34,83.5,12.3,32.2,2,1.7,3.5,21.7,30.4,32.2,10.4,20,94.611457222,91.363833704,76.2,11,36.1,40.6,59.4,41,101,53.9,280,97.6,7.9,59,269,185,519,89,20,182,46.1,239,39.1,203,21.6,54.5,44.3,35.7,20,115,66.4,45.2,52,27,31,22.6,26,5.2,6,28.4
"Tovar, Ezequiel",678662,2026,24,465,506,102,66,23,0,13,129,29,25.5,5.7,.219,.353,.264,0.617,0.134,.269,44,239,164,1,8,122,529,171,0,458,37,146,8,0,2,2,24,26,346,52,0,83,107,23,30,0,0,0,22,2,0,0,2,8,276,1,0,0,0,0,0,0,0,57,6,0,2,562,10,1322,276,1884,,0,4,1,0,.227,.371,.270,.281,.273,.144,.333,.348,.297,.310,-0.008,-0.018,-0.011,72.1,22.1,9.5,6.7,25.6,18.1,7.6,14,11.1,-2.2,49.5,35.3,87.3,17.8,35.5,24,7,4.9,24,32.4,24.3,7.2,33.2,98.504437798,93.327897642,81.6,19.7,43.7,44.4,55.6,198,446,54.1,1020,87.7,6.5,199,1059,609,1884,80.3,139,705,45.9,864,40.3,760,29.3,61.1,36.4,39,24.6,346,68.8,37.9,131,31.5,109,22,76,8.7,30,28.0
"Caballero, José",676609,2026,29,411,456,95,68,13,0,14,111,29,24.3,6.4,.231,.365,.290,0.655,0.134,.278,51,184,150,11,34,103,586,284,0,355,30,136,10,0,1,7,38,15,309,42,0,48,105,24,36,0,0,0,4,9,0,1,4,5,217,9,2,0,0,0,3,3,0,50,27,7,0,620,9,1227,217,1847,,6,2,1,0,.227,.333,.290,.278,.287,.106,.346,.330,.311,.309,.004,.032,.012,68.8,6.7,7.5,5.5,28,20.4,6.8,18,10.1,-0.4,52,31,83.8,13.9,31.7,13,4.2,4.9,22.7,24.6,31.1,12.3,25.6,95.732982153,91.957054306,67.5,21.3,37,38.3,61.7,140,366,53.8,990,75,6.7,187,1069,580,1847,78.7,122,574,46.2,850,42.4,781,27.9,51.1,43.4,35.6,21,309,62.5,46.3,143,20.4,63,21.7,67,11.7,36,28.0
"Harris, Dustin",687957,2026,26,133,152,39,31,4,4,0,20,11,13.2,7.2,.293,.383,.353,0.736,0.090,.336,19,60,51,1,10,45,170,93,0,90,3,45,0,0,1,3,9,3,118,27,0,20,40,9,9,0,0,0,8,1,0,1,2,3,45,1,0,0,1,0,0,0,0,24,10,0,0,180,5,352,45,532,,0,0,0,0,.278,.360,.326,.314,.343,.082,.336,.321,.336,.323,.015,.023,.012,66.8,3.1,8.7,7.1,45.1,37.1,6.6,7,13.6,-9.6,42.1,38.8,85.2,15.6,39.8,2,1.7,5.9,30.5,24.6,28,9.3,19.5,95.003306607,91.511742857,65.1,12.5,33.2,31.9,68.1,29,91,51.5,274,69.6,8.6,94,269,169,532,87.5,21,168,48.5,258,41.5,221,19.3,48.7,50,37.3,12.7,118,62.5,41.5,49,19.5,23,31.4,37,7.6,9,29.0
"Campero, Gustavo",672569,2026,28,11,12,4,3,1,0,0,4,0,33.3,0,.364,.455,.333,0.788,0.091,.500,2,4,5,0,0,4,18,3,0,11,0,4,0,0,0,0,2,1,8,1,0,2,0,0,2,0,0,0,0,0,0,0,0,1,7,0,0,0,0,0,0,0,0,0,0,0,0,18,1,32,7,50,,0,0,0,0,.197,.242,.328,.180,.184,.046,.491,.271,.500,.276,.167,.213,.148,69.4,11.5,11.8,7.7,29.4,19.2,7,1,12.1,0.2,46.2,31.8,88.2,37.3,25,0,0,12.5,25,62.5,0,0,25,97.3885675,92.69428375,90,22.2,36.7,54.5,45.5,6,11,60,30,83.3,12,14,28,8,50,77.8,4,18,40,20,28,14,34.5,58,25,50,25,8,58.3,25,2,37.5,3,12.5,1,25,2,
"Adames, Willy",642715,2026,30,465,505,107,60,25,1,21,139,37,27.5,7.3,.230,.424,.289,0.713,0.194,.281,51,202,197,2,5,111,649,336,0,350,17,121,3,0,2,2,25,39,327,43,0,70,84,25,41,0,0,0,2,0,0,0,0,1,251,2,0,0,0,0,0,0,0,62,5,0,0,691,1,1288,251,1979,,0,5,0,0,.222,.391,.311,.296,.282,.170,.396,.374,.327,.317,.008,.033,.015,72.3,25.4,12.1,9,28.8,21.2,8.2,10,15.4,-3.8,57.6,33.7,87.4,22.8,36.7,29,8.9,8.9,25.4,32.1,19.9,4.6,38.8,98.797280736,93.451144018,65.9,17.1,31.6,51.7,48.3,168,325,51.9,1028,72.4,7.7,235,1086,651,1979,82.9,107,627,48.1,951,41.8,828,28.9,48.1,49.5,29.7,20.8,327,63.4,33.3,109,33.3,109,20.8,68,12.5,41,27.8
"Tatis Jr., Fernando",665487,2026,27,626,704,181,121,32,3,25,130,64,18.5,9.1,.289,.470,.358,0.828,0.181,.327,83,168,294,13,38,110,921,392,0,358,30,159,15,0,2,7,78,26,503,77,0,80,180,38,21,0,6,1,1,0,1,2,1,6,263,10,3,0,3,0,3,2,0,96,32,4,2,976,7,1560,263,2536,,5,7,1,0,.296,.500,.358,.379,.365,.204,.407,.435,.361,.377,-0.007,-0.030,-0.021,76.3,64.6,24.6,18.9,36.3,28,7.3,28,7.1,2.7,55.6,29.3,92.9,5.3,32.2,64,12.7,7.6,22.5,16.7,36.6,4,53.9,104.706101084,97.191219378,67.6,14.2,26.4,53.3,46.7,187,351,52.4,1328,76.4,7.2,339,1425,769,2536,85.8,116,817,47.6,1208,41.1,1042,25.9,46.1,33.4,40.2,26.4,503,60.9,51.3,258,21.1,106,23.5,118,4.2,21,29.0
"Bell, Josh",605137,2026,33,568,631,145,95,28,1,21,124,52,19.7,8.2,.255,.419,.319,0.738,0.164,.289,96,233,238,0,2,152,888,323,1,502,32,154,20,0,3,4,36,36,450,72,1,84,153,31,34,0,0,0,2,0,0,129,0,6,235,0,0,0,1,0,0,0,0,78,2,0,0,967,6,1556,235,2523,,0,1,0,1,.256,.445,.323,.335,.323,.188,.366,.382,.322,.327,-0.001,-0.026,-0.012,71.9,25.7,14.7,11.7,32.3,25.8,7.9,22,9.5,-1.9,57.3,33.6,89.9,13.3,33.1,43,9.6,7.3,23.1,25.3,31.6,3.1,42,100.3685028,94.468238022,71.6,16.3,29.6,35.9,64.1,145,404,54.1,1365,83,6.5,595,1277,644,2523,83.7,135,828,45.9,1157,41.8,1055,22.8,48.9,40.7,36.7,22.7,450,59.3,42,189,26.7,120,23.3,105,8,36,26.0
"Massey, Michael",686681,2026,28,423,452,116,77,25,1,13,75,21,16.6,4.6,.274,.430,.305,0.735,0.156,.303,50,200,182,0,3,104,486,244,0,341,17,131,10,0,1,0,36,20,356,60,0,86,105,33,16,0,0,0,20,1,0,1,3,5,148,0,0,0,0,0,0,0,0,49,1,2,0,520,8,1122,148,1642,,0,1,0,0,.257,.414,.318,.307,.292,.157,.363,.349,.329,.311,.017,.016,.011,71.9,13,12.8,10.7,34.5,28.7,7.1,14,15.7,-1.1,59.4,33.7,89.3,15.6,36.5,22,6.2,9.6,23.3,27.2,29.5,4.2,39,98.938369885,93.697569454,68.9,12,38.8,32.1,67.9,105,327,51.3,842,75.4,7.9,257,960,423,1642,88,66,551,48.7,800,41.6,683,19.5,53.5,50,35.4,14.6,356,62.4,39.6,141,29.8,106,26.1,93,4.5,16,26.7
"Allen, Nick",669397,2026,27,145,162,41,31,7,0,3,32,10,19.8,6.2,.283,.393,.327,0.720,0.110,.336,14,41,57,0,2,22,196,99,0,81,9,94,3,0,0,1,22,8,119,11,0,16,37,10,14,0,0,0,7,12,0,1,3,3,54,0,0,0,3,0,0,0,0,26,2,0,0,205,6,371,54,576,,0,2,0,0,.219,.273,.316,.246,.271,.054,.367,.271,.353,.276,.064,.120,.070,68.9,1.7,11.6,8.7,36.4,27.5,6.7,4,7.1,-5.5,60.6,26.3,85.6,13.3,24.4,2,1.7,2.5,28.6,24.4,33.6,9.2,26.9,96.232175893,92.122615625,66,18.2,26.8,39.2,60.8,29,74,47.9,276,77.6,8.5,40,387,139,576,81.8,36,198,52.1,300,38.9,224,23.9,47.2,40.3,39.5,20.2,119,65.4,49.6,59,20.2,24,18.5,22,11.8,14,26.9
"Schanuel, Nolan",694384,2026,24,392,446,108,79,22,0,7,58,42,13,9.4,.276,.385,.351,0.736,0.109,.304,49,200,151,1,1,106,580,313,0,283,17,107,10,0,3,6,29,14,340,65,0,59,119,36,17,0,0,0,0,0,0,1,1,5,98,1,0,0,2,0,0,0,0,43,1,0,0,619,6,1059,98,1678,,0,2,1,0,.286,.389,.328,.334,.362,.102,.332,.340,.319,.334,-0.010,-0.004,-0.006,68.1,5.6,9.1,7.8,39.1,33.4,6.8,17,7.8,-4.2,50.1,35.4,87.4,12.2,36.5,8,2.4,5.3,33.8,22.9,32.6,2.9,32.9,97.253987337,92.679381893,62.4,9.4,27.2,31.8,68.2,74,233,51,856,65.8,6.6,285,931,462,1678,90.6,48,513,49,822,41.8,702,16.4,44.5,42.1,38.8,19.1,340,61.4,43.5,148,21.5,73,30,102,5,17,25.7
"Roden, Alan",702176,2026,26,79,94,23,17,5,0,1,12,12,12.8,12.8,.291,.392,.376,0.768,0.101,.324,14,34,31,0,0,20,121,57,0,58,0,32,1,0,0,0,8,3,70,12,0,13,26,5,3,0,0,0,6,1,0,1,1,2,22,0,0,0,0,0,0,0,0,7,0,0,0,130,3,210,22,340,,0,3,1,0,.297,.419,.343,.361,.389,.122,.340,.365,.333,.350,-0.006,-0.027,-0.018,69.7,10.6,13.2,11.4,36,31.1,6.9,5,7.5,-0.6,48.1,30.2,87.4,11.2,32.9,3,4.3,8.6,31.4,17.1,30,8.6,42.9,99.092939412,93.564461029,65.9,7.3,24.9,37.2,62.8,16,43,50.9,173,67.9,8.2,41,204,95,340,92.7,8,110,49.1,167,42.6,145,15.7,45,34.3,28.6,37.1,70,60.6,48.6,34,22.9,16,24.3,17,4.3,3,27.1
"Domínguez, Jasson",691176,2026,23,209,222,47,29,12,0,6,48,10,21.6,4.5,.225,.368,.267,0.635,0.143,.265,14,86,77,1,8,42,275,118,1,155,11,57,1,0,2,2,20,7,161,20,0,29,49,19,17,0,0,0,1,1,0,10,0,0,93,1,0,0,0,0,0,0,0,22,6,2,0,291,0,538,93,829,,0,1,0,1,.250,.364,.279,.289,.290,.115,.331,.344,.292,.324,-0.025,.004,-0.010,74.5,42,15.1,11.4,29.2,22.1,7.8,4,7.2,-6.7,52.1,29.2,88.1,15.5,30.4,9,5.6,3.1,30.4,28,26.1,6.2,39.1,100.452019875,94.3967335,70.5,15.6,34.4,40.1,59.9,63,157,55,456,72.1,7.4,203,461,165,829,84.4,41,263,45,373,42,348,24.8,50.7,47.2,32.9,19.9,161,65.8,42.9,69,22.4,36,24.2,39,10.6,17,28.8
"Peña, Jeremy",665161,2026,28,447,483,124,81,19,2,22,116,24,24,5,.277,.477,.325,0.802,0.200,.327,56,129,213,2,12,77,530,214,0,333,24,112,5,0,0,9,43,25,334,56,0,61,102,23,23,0,0,0,8,2,0,2,0,3,281,2,0,0,0,0,0,0,0,82,11,1,0,578,3,1194,281,1772,,0,5,0,0,.268,.431,.347,.326,.318,.163,.432,.402,.371,.360,.009,.046,.021,72.3,16.3,14.5,10,32.5,22.4,7.6,17,13.2,-8.5,61.3,31.2,88.6,13,35,24,7.2,7.2,26.9,23.4,32.3,3,39.2,99.832845689,93.995355988,74.5,18.5,39.3,53,47,201,379,54.5,965,75.2,6.6,262,901,608,1772,81.5,111,601,45.5,807,41.1,728,31.8,55.3,48.2,31.7,20.1,334,67.7,43.4,145,25.7,86,24,80,6.9,23,29.3
"Soto, Juan",665742,2026,27,400,482,110,70,11,2,27,65,78,13.5,16.2,.275,.515,.393,0.908,0.240,.268,68,140,206,3,9,77,751,327,1,265,16,111,7,0,0,1,28,35,337,47,0,76,104,18,29,0,15,0,3,0,0,43,0,2,141,3,0,0,1,0,3,0,0,63,8,1,0,784,2,1088,141,1872,,3,0,0,1,.295,.574,.385,.411,.391,.279,.400,.436,.326,.350,-0.020,-0.059,-0.026,72.5,29,22.7,18.6,42.5,34.8,7.1,27,12.6,0.5,67.3,28.2,92.6,16,32,47,14,5.9,22.6,27.6,26.7,2.7,48.1,102.453819701,96.079954685,62.7,14.6,20.9,37.9,62.1,78,206,52.7,987,77,6.7,287,978,605,1872,85.4,81,555,47.3,885,41.6,778,20.9,40.7,39.8,42.7,17.5,337,57.2,39.2,132,32.9,111,19.3,65,8.6,29,25.6
"Clarke, Denzel",672016,2026,26,76,87,12,11,1,0,0,29,8,33.3,9.2,.158,.171,.238,0.409,0.013,.255,6,31,13,0,4,17,133,60,0,49,2,40,1,0,0,0,9,0,50,3,0,2,29,3,4,0,0,0,9,6,0,0,3,0,47,0,0,0,0,0,0,0,0,6,3,1,0,139,3,217,47,356,,0,0,0,0,.166,.193,.198,.209,.246,.027,.235,.256,.255,.271,-0.008,-0.022,-0.011,76.8,69.7,14,9.1,25.6,16.7,7.4,4,3.1,3.1,39.6,30.6,87.2,-4.2,14,1,2,0,22,12,54,8,36,100.970240435,94.595438043,64.3,21.3,26.1,61.2,38.8,30,49,52.8,188,66.7,7.6,40,222,94,356,78.7,23,108,47.2,168,44.1,157,33.8,44.1,46,30,24,50,66.7,76,38,4,2,12,6,8,4,28.7
"Haggerty, Sam",664059,2026,32,44,47,7,6,1,0,0,16,2,34,4.3,.159,.182,.213,0.395,0.023,.250,1,23,8,0,2,10,54,23,0,31,2,35,1,0,0,1,5,0,28,2,0,6,10,1,4,0,0,0,10,5,0,1,0,0,24,0,0,0,0,0,1,0,0,3,2,0,0,56,0,111,24,167,,1,0,0,0,.156,.181,.186,.182,.209,.026,.236,.230,.250,.244,.003,.001,.004,70.2,9.3,3.8,2.7,24.5,17.3,7,3,6.5,-5.4,50,31.2,83.4,16.8,25,0,0,0,21.4,35.7,32.1,10.7,7.1,93.570359231,90.785179615,70.1,19.7,33.8,59.3,40.7,16,27,47.9,80,90,6,21,89,54,167,80.3,12,61,52.1,87,43.7,73,31.8,52.7,39.3,39.3,21.4,28,70.2,53.6,15,21.4,6,10.7,3,14.3,4,28.2
"Straw, Myles",664702,2026,31,295,330,71,48,19,1,3,44,27,13.3,8.2,.241,.342,.304,0.646,0.101,.271,26,134,101,2,7,73,448,273,0,191,7,146,4,0,0,1,23,12,258,36,0,59,82,20,23,0,0,0,24,12,0,2,4,3,50,1,1,0,0,0,0,0,0,44,6,1,0,480,7,793,50,1273,,0,3,0,0,.251,.342,.288,.292,.313,.092,.293,.298,.280,.292,-0.010,.000,-0.004,68.6,6,7,6.3,39.1,35,7,14,7.2,-2.7,51.9,33.5,86.3,16.8,34.5,7,2.7,2.7,26.4,33.3,27.5,7.4,25.6,95.694355242,91.848387984,57.9,9,23.1,22.2,77.8,32,144,49,624,68.3,7.9,138,773,355,1273,91,34,376,51,649,39.5,503,12.7,40.8,35.3,39.5,25.2,258,60.6,40.7,105,27.5,71,22.9,59,8.9,23,29.7
"Holliday, Jackson",702616,2026,22,315,354,72,52,12,1,7,84,34,23.7,9.6,.229,.340,.300,0.640,0.111,.285,30,128,107,3,8,61,473,242,0,201,20,98,6,0,1,0,28,9,236,35,0,48,76,25,15,0,2,0,8,1,0,5,1,4,129,3,0,0,0,0,0,0,0,45,6,1,1,495,5,845,129,1340,,0,0,0,0,.236,.352,.284,.293,.304,.116,.329,.342,.306,.318,-0.007,-0.012,-0.009,70.6,6.2,11.6,8.6,35.2,26.3,7,12,9.3,-0.2,53.6,32.5,87,12.5,36.4,15,6.4,5.1,25.8,25,33.1,4.7,33.1,97.252535641,92.656907564,64.3,18.2,26.8,46.5,53.5,86,185,51.5,690,79.3,6.9,217,763,359,1340,81.8,76,418,48.5,650,46,617,26.9,45,33.9,39.4,26.7,236,62.5,44.1,104,24.2,57,25.4,60,6.4,15,28.9
"Rooker, Brent",667670,2026,31,179,202,36,22,4,0,10,64,19,31.7,9.4,.201,.391,.282,0.673,0.190,.243,29,81,70,0,2,43,242,106,0,106,8,48,3,0,1,2,14,12,117,10,0,36,26,14,5,0,1,0,2,0,0,42,0,2,130,0,0,0,0,0,0,0,0,20,2,0,0,261,2,468,130,729,,0,1,1,0,.208,.438,.294,.312,.281,.230,.386,.424,.308,.324,-0.007,-0.047,-0.018,74,41.1,19.1,12.1,29.1,18.5,7.1,7,13.3,-6.5,45.7,37.7,89.9,19.7,34.2,18,15.5,9.4,15.4,31.6,23.9,3.4,41.9,101.773379828,95.03524069,71.1,25.3,31,64.5,35.5,78,121,53.5,390,78.2,7.5,100,359,270,729,74.7,61,241,46.5,339,42.2,308,38.4,49.7,39.3,35.9,24.8,117,62.7,34.2,40,41,48,20.5,24,4.3,5,27.6
"Halpin, Petey",690984,2026,24,178,195,40,31,4,1,4,35,9,17.9,4.6,.225,.326,.268,0.594,0.101,.257,14,88,58,2,10,37,197,65,0,143,9,83,1,0,0,2,9,11,149,18,2,39,43,13,14,0,0,0,10,13,0,0,5,1,82,2,0,0,0,0,1,0,0,27,10,0,0,207,6,456,82,663,,1,1,0,0,.252,.377,.264,.295,.294,.126,.295,.335,.278,.311,-0.027,-0.051,-0.031,69.8,4.5,10.5,8.1,31.1,23.9,7,4,9.2,0.2,49.9,34.3,85.5,20.8,38.3,8,5.4,5.4,23.5,33.6,20.8,11.4,25.5,96.649568841,92.330029928,81.3,19.5,38.6,35.8,64.2,48,134,52.3,347,86.9,9.2,84,390,181,663,80.5,50,257,47.7,316,39.5,262,25.1,59,36.2,40.9,22.8,149,64.1,34.9,52,33.6,50,20.8,31,10.7,16,28.6
"Durán, Rodolfo",660710,2026,28,82,91,12,5,4,0,3,24,7,26.4,7.7,.146,.305,.222,0.527,0.159,.164,8,39,25,0,0,17,117,71,0,59,2,38,3,0,0,1,3,4,59,5,0,14,24,1,8,0,0,1,8,2,0,0,1,0,39,0,0,0,0,0,0,0,0,8,0,0,0,121,1,232,39,353,,0,0,0,0,.180,.323,.236,.257,.253,.144,.270,.302,.207,.255,-0.034,-0.018,-0.021,72.6,32.1,9.7,7.1,25.2,18.6,7.2,3,13.6,-6.6,56.2,28.9,87.5,15.8,22,5,8.5,1.7,10.2,35.6,39,3.4,30.5,97.407154828,92.79148807,61.2,16.8,31.9,40,60,24,60,53.3,188,68.8,9.1,47,181,125,353,83.2,17,101,46.7,165,41.4,146,25.5,45.6,40.7,33.9,25.4,59,62.6,45.8,27,30.5,18,10.2,6,13.6,8,27.5
"Lockridge, Brandon",663604,2026,29,101,113,28,23,5,0,0,33,11,29.2,9.7,.277,.327,.348,0.675,0.050,.412,12,41,33,1,6,31,145,97,0,81,10,39,0,0,0,0,17,2,69,9,0,6,32,1,2,0,0,0,6,6,0,0,1,0,52,1,0,0,1,0,0,0,0,13,6,0,0,158,1,310,52,468,,0,1,0,0,.216,.263,.308,.258,.294,.047,.394,.312,.412,.322,.061,.064,.050,73.4,40.5,15.9,11.4,22.7,16.2,7,3,5.6,6.1,45.7,29.8,85.8,0.7,18.8,1,1.5,4.3,23.2,11.6,44.9,11.6,33.3,99.04790875,93.64841873,59,21,32.1,44,56,33,75,50,234,71.8,8.3,69,257,138,468,79,29,138,50,234,44,206,29.1,45.5,27.5,44.9,27.5,69,62.8,71,49,11.6,8,14.5,10,2.9,2,29.2
"Robert Jr., Luis",673357,2026,28,204,230,45,29,5,0,11,55,24,23.9,10.4,.221,.407,.300,0.707,0.186,.243,26,101,83,3,2,55,302,114,0,169,10,61,6,0,0,0,15,12,151,18,0,29,52,9,16,0,0,0,1,2,0,1,0,2,108,3,0,0,0,0,0,0,0,26,2,0,0,325,2,559,108,884,,0,3,1,0,.239,.418,.311,.321,.317,.179,.362,.378,.298,.323,-0.018,-0.011,-0.010,77.3,72.9,15.6,11.8,24.8,18.8,7.7,9,10.4,-5.1,54,35.2,89.8,15.1,27.2,15,9.9,6,19.2,28.5,33.1,3.3,40.4,101.990246842,95.216749073,71.6,16,32.7,50,50,79,158,54.6,483,81.1,6,118,491,267,884,84,46,287,45.4,401,41.3,365,28.1,50.3,44.4,35.8,19.9,151,65.2,44.4,67,27.2,41,17.9,27,10.6,16,28.9
"Kuroda-Grauer, Joshua",811965,2026,23,71,74,26,18,7,0,1,10,2,13.5,2.7,.366,.507,.392,0.899,0.141,.417,4,24,36,1,0,13,68,47,0,58,1,21,4,0,1,1,8,3,61,15,0,7,22,3,3,0,0,0,1,0,0,0,0,0,22,1,0,0,1,0,1,0,0,8,0,0,0,72,0,190,22,262,,1,1,0,0,.296,.385,.392,.311,.325,.089,.441,.343,.426,.345,.070,.122,.081,68.1,8.1,12.5,10.6,33.7,28.5,6.9,2,5.3,1.3,43.4,30.3,89.3,8.7,36.1,1,1.6,3.3,27.9,21.3,44.3,1.6,38.3,99.159761613,93.910571639,68.2,12.2,40.3,25,75,13,52,49.4,129,70,7.7,25,135,94,262,87.8,11,90,50.6,132,42.1,110,16.8,54.6,39.3,39.3,21.3,61,60.8,49.2,30,16.4,10,29.5,18,4.9,3,27.8
"Raleigh, Cal",663728,2026,29,451,530,82,44,15,0,23,164,72,30.9,13.6,.182,.368,.296,0.664,0.186,.220,69,223,166,1,2,113,796,279,0,492,20,126,5,0,3,3,13,35,291,34,0,91,64,16,36,0,1,0,0,0,0,23,0,4,327,1,0,0,0,0,0,0,0,49,1,1,0,853,4,1427,327,2280,,0,0,2,0,.191,.396,.297,.312,.305,.205,.362,.390,.282,.300,-0.009,-0.028,-0.015,75,51.4,11.5,8.1,23.1,16.2,7.9,26,17.5,-6.4,46,34,90.1,25.4,33.3,41,14.1,5.2,19.9,41.9,16.2,2.7,40,100.527092466,94.597682955,69.9,22.6,35.8,45,55,210,467,57.4,1304,85.5,6.1,425,1231,610,2280,77.4,153,677,42.6,968,41.2,936,31.7,50.4,51.5,28.2,20.3,291,63.3,26.5,77,43.3,126,17.5,51,12.7,37,25.9
"Gilbert, Drew",687551,2026,25,340,393,81,53,14,3,11,71,39,18.1,9.9,.238,.394,.330,0.724,0.156,.268,43,139,134,4,3,85,548,314,0,228,16,134,10,0,1,9,23,16,274,41,1,40,96,27,28,0,2,0,23,0,1,0,2,3,119,4,0,0,1,0,3,0,0,53,3,0,0,592,5,966,119,1558,,3,4,0,0,.260,.400,.320,.334,.349,.140,.339,.359,.298,.331,-0.022,-0.006,-0.014,69.7,6.3,11.9,9.6,35.6,28.7,7.5,16,5,-3.6,42.1,28.1,86.8,14.3,36.5,16,5.9,5.1,25.9,25.2,32.1,5.1,37.2,98.388191045,93.199814328,59.6,11.3,25.1,47.3,52.7,95,201,51.4,801,68.5,7.1,257,877,413,1558,88.7,51,451,48.6,757,43.4,676,22.4,41.8,43.4,29.2,27.4,274,61.6,43.4,119,20.4,56,25.5,70,10.6,29,27.5
"Walker, Jordan",691023,2026,24,609,667,164,102,33,0,29,174,50,26.1,7.5,.269,.466,.327,0.793,0.197,.329,102,300,284,5,22,176,740,337,0,407,28,158,14,0,2,4,53,35,439,76,0,72,135,31,36,0,1,0,4,0,0,7,0,4,367,3,2,0,0,0,2,0,0,97,21,1,0,810,4,1586,367,2396,,2,7,0,0,.263,.462,.344,.340,.322,.198,.437,.431,.374,.368,.006,.004,.004,79.3,85.5,21.7,15.5,27.8,19.8,8.3,28,6,-5.2,48.3,28.9,92.6,11.8,32.3,58,13.2,5.2,25.7,22.6,30.5,2.7,49.9,104.782178227,96.841838884,71.1,21.3,35.9,50.9,49.1,236,464,53.9,1292,77,6.9,271,1239,886,2396,78.7,167,785,46.1,1104,41.1,984,32.3,52.1,38.7,39.6,21.6,439,67.6,42.8,188,24.4,107,24.6,108,8.2,36,29.1
"Saggese, Thomas",695336,2026,24,162,180,38,28,5,1,4,49,13,27.2,7.2,.235,.352,.294,0.646,0.117,.304,14,67,57,2,4,32,224,107,0,144,13,57,5,0,0,2,16,6,116,16,0,27,33,14,3,0,0,0,5,5,0,2,0,3,82,1,0,1,0,0,0,0,1,25,4,0,0,241,3,471,82,712,,1,1,0,0,.238,.399,.286,.309,.302,.161,.354,.389,.328,.339,-0.003,-0.047,-0.023,72.2,22.6,14.6,10.7,32.1,23.5,7,8,7.9,4,41.3,36.4,90.7,12.6,37.1,11,9.6,9.5,20.7,24.1,30.2,5.2,43.1,100.738247931,94.993078261,68.1,21,35.4,40.5,59.5,53,131,52,370,72.7,7.7,45,464,201,712,79,49,233,48,342,40.9,291,28,51.1,29.3,37.9,32.8,116,60.6,42.2,49,28.4,33,26.7,31,2.6,3,28.2
"Hoerner, Nico",663538,2026,29,628,689,165,127,29,1,8,58,43,8.4,6.2,.263,.350,.316,0.666,0.087,.275,72,261,220,5,23,170,760,463,0,446,9,159,14,0,2,10,55,17,578,92,1,103,196,69,42,0,0,0,9,0,0,0,0,8,116,4,1,0,1,0,2,0,0,62,21,2,0,819,8,1630,116,2449,,2,9,1,0,.297,.375,.297,.322,.350,.078,.290,.319,.285,.325,-0.034,-0.025,-0.025,68.3,1.5,7.4,6.7,39.5,35.4,7.3,14,5.5,-1.4,45.4,32.7,85.9,12,36.7,8,1.4,3.6,29.9,25.4,34.3,4.7,29.1,96.122758049,92.086339791,61.7,4.9,33.7,24.5,75.5,101,413,50.1,1227,67.9,7.6,268,1426,750,2449,95.1,37,754,49.9,1222,43.6,1068,11.8,47.7,31.7,38.2,30.1,578,62.7,43.4,251,20.8,120,28.2,163,7.6,44,28.3
"Wetherholt, JJ",802139,2026,23,537,619,130,98,15,0,17,104,64,16.8,10.3,.242,.365,.339,0.704,0.123,.270,51,159,196,1,14,93,916,450,0,380,23,139,6,0,1,16,43,27,435,60,0,100,154,36,15,0,2,0,0,1,0,0,0,2,179,1,0,0,0,0,0,0,0,89,14,0,0,969,2,1479,179,2448,,0,4,1,0,.255,.435,.318,.347,.350,.180,.324,.366,.299,.317,-0.013,-0.070,-0.029,71.9,19.2,14.2,11.6,36.9,30.1,7.5,18,11.7,6.4,63.6,32.5,89.7,11.5,34.9,32,7.4,10.1,23.7,21.6,34,2.5,44.9,99.375158009,94.023919118,63,14.6,21.2,36.8,63.2,96,261,50.3,1230,75.7,7.7,323,1414,709,2448,85.4,112,766,49.7,1216,41.1,1005,20.2,42,36.3,40,23.7,435,59.4,45.3,197,29.2,127,22.1,96,3.4,15,27.6
"Anthony, Roman",701350,2026,22,212,242,52,33,11,3,5,66,29,27.3,12,.245,.396,.339,0.735,0.151,.333,15,72,84,0,2,39,344,204,0,123,12,55,2,0,1,1,13,9,146,30,0,25,58,9,2,0,1,0,0,0,0,21,0,0,94,0,0,0,0,0,0,0,0,24,2,0,0,372,0,583,94,955,,0,0,0,0,.259,.424,.326,.341,.349,.164,.399,.424,.356,.377,-0.014,-0.028,-0.015,75.6,54.6,20.9,15.2,36.5,26.6,7.5,10,12,-0.9,46.7,34.2,92,6.1,38.4,17,11.7,5.5,26,15.1,38.4,2.7,46.6,102.442735205,95.858888345,55.6,17.7,23.7,55.8,44.2,63,113,49.9,477,53.8,8.2,147,496,312,955,82.3,47,266,50.1,478,42.9,410,29,39.7,41.8,37.7,20.5,146,53.3,48.6,71,23.3,34,26.7,39,1.4,2,27.6
"Jung, Jace",690291,2026,25,9,11,2,2,0,0,0,3,2,27.3,18.2,.222,.222,.364,0.586,0.000,.333,0,6,2,0,0,2,15,5,0,10,0,6,0,0,0,0,0,0,6,2,0,1,1,2,0,0,0,0,2,0,0,3,0,0,3,0,0,0,0,0,0,0,0,2,0,0,0,17,0,26,3,43,,0,0,0,0,.301,.376,.289,.367,.428,.075,.297,.440,.333,.452,-0.079,-0.154,-0.078,72,26.3,6.7,5.3,20,15.8,7.5,1,14.1,-14.3,52.6,37,84.2,22.7,83.3,0,0,16.7,33.3,33.3,16.7,0,16.7,94.817026667,91.864998333,75,6.7,26.1,66.7,33.3,4,6,53.5,23,100,9.3,8,24,11,43,93.3,1,15,46.5,20,27.9,12,23.8,48.8,33.3,33.3,33.3,6,63.6,16.7,1,16.7,1,66.7,4,0,0,
"Doyle, Brenton",686668,2026,28,210,223,49,35,7,1,6,73,12,32.7,5.4,.233,.362,.275,0.637,0.129,.328,16,98,76,4,14,54,239,100,0,144,11,87,2,0,1,0,25,7,138,17,0,28,45,12,4,0,0,0,16,8,0,1,1,0,125,4,0,0,0,0,0,0,0,35,14,0,0,253,1,522,125,775,,0,2,0,0,.203,.307,.280,.245,.247,.104,.393,.337,.358,.313,.030,.055,.035,72.6,20.1,13.6,9.4,31,21.4,7.4,9,13.1,0.1,58.4,30.1,89.1,8.6,26.8,9,6.7,6.5,22.5,23.9,32.6,5.8,35.5,99.562287273,93.941207348,74,17.8,34.9,63.7,36.3,86,135,49.9,387,83.3,6.2,108,420,243,775,82.2,51,287,50.1,388,41.4,321,32.5,54.5,37,47.1,15.9,138,64.6,50.7,70,25.4,35,21,29,2.9,4,29.3
"Wilson, Weston",642215,2026,31,164,183,33,24,5,0,4,58,18,31.7,9.8,.201,.305,.284,0.589,0.104,.284,14,87,50,1,7,54,264,142,0,131,12,73,2,0,0,1,11,6,106,16,0,22,38,6,7,0,0,0,15,3,0,2,0,0,104,1,0,0,1,0,1,0,0,24,7,0,0,280,0,501,104,781,,1,1,0,0,.187,.273,.269,.251,.272,.086,.338,.309,.311,.291,.014,.032,.018,72.1,19.6,10,6.9,23.3,16.1,7.6,10,13.9,-4.2,47.8,34.1,84.8,12.5,34,4,3.8,5.7,24.5,29.2,27.4,8.5,32.1,96.982246792,92.551328286,67.1,22.2,25.6,60.8,39.2,62,102,51,398,61.7,7.7,136,382,260,781,77.8,57,257,49,383,41.1,321,33.1,46,47.2,33,19.8,106,66.7,46.2,49,26.4,28,20.8,22,6.6,7,27.8
"Keith, Colt",690993,2026,24,384,423,99,66,19,4,10,84,32,19.9,7.6,.258,.406,.322,0.728,0.148,.305,36,157,156,0,6,75,575,296,0,245,20,140,8,0,1,5,33,21,302,45,0,55,87,35,25,0,0,0,55,0,0,50,0,2,132,0,0,0,0,0,0,0,0,51,6,0,0,608,2,1000,132,1608,,0,0,1,0,.272,.423,.321,.333,.336,.150,.363,.381,.328,.348,-0.014,-0.017,-0.012,72,19.7,17.6,13.9,37.5,29.7,6.9,14,10.7,-2.3,48.9,32.2,88.7,13.3,38.1,23,7.6,7.6,28.5,25.2,26.5,4.3,42.1,100.101906954,94.295002159,62.8,14,24.6,43.7,56.3,86,197,49.8,801,75.2,6.3,374,858,365,1608,86,71,507,50.2,807,43.3,696,22.3,43.8,37.4,39.7,22.8,302,61,39.7,120,25.2,76,26.8,81,8.3,25,28.1
"McCutchen, Andrew",457705,2026,39,73,83,14,11,2,0,1,22,9,26.5,10.8,.192,.260,.277,0.537,0.068,.255,5,31,19,0,0,20,137,51,0,56,3,37,0,0,0,0,6,1,52,7,0,18,13,0,7,0,0,0,11,0,0,23,0,1,48,0,0,0,0,0,0,0,0,8,0,0,0,145,1,211,48,356,,0,1,0,0,.164,.265,.249,.237,.253,.101,.276,.258,.269,.231,.028,-0.005,.012,70.5,4.3,8.1,5.7,28.3,19.9,7.4,4,14.2,1.6,54.2,35.9,87.1,22.7,28.8,3,5.8,7.7,17.3,42.3,23.1,3.8,28.8,97.078163462,92.559219808,68.9,25,20.5,58.3,41.7,21,36,49.4,176,81.5,7.6,40,208,108,356,75,31,124,50.6,180,39.6,141,32.5,44.9,32.7,50,17.3,52,49.4,36.5,19,36.5,19,13.5,7,13.5,7,27.7
"Donovan, Brendan",680977,2026,29,137,159,38,27,7,1,3,23,15,14.5,9.4,.277,.409,.371,0.780,0.132,.313,15,66,56,1,1,38,206,105,0,102,7,39,5,0,0,6,13,5,115,20,0,18,42,9,8,0,0,0,0,0,0,0,0,1,37,1,0,0,0,0,1,0,0,12,0,1,0,223,1,370,37,593,,1,0,0,0,.250,.344,.349,.314,.349,.094,.353,.305,.330,.299,.027,.065,.035,68.3,0.8,8.2,6.8,33.2,27.5,6.8,2,8.5,-0.5,58.8,29.4,85.7,10.6,34.8,3,2.7,6.1,24.3,23.5,36.5,5.2,27.8,95.766860526,91.930381239,66.2,9.1,25.3,36.7,63.3,29,79,52.6,312,72.5,8.6,66,379,148,593,90.9,17,186,47.4,281,40.3,239,17.4,44.7,34.8,45.2,20,115,54.7,47.8,55,20,23,25.2,29,7,8,25.7
"Sánchez, Ali",645305,2026,29,86,92,21,18,2,0,1,25,1,27.2,1.1,.244,.302,.275,0.577,0.058,.328,8,39,26,1,0,21,93,55,0,59,1,51,2,0,0,3,7,3,63,11,0,8,20,4,10,0,0,0,13,0,0,0,1,1,32,1,0,0,1,0,0,0,0,7,0,0,0,99,2,211,32,310,,0,2,0,0,.239,.306,.258,.256,.270,.067,.332,.330,.339,.332,.005,-0.004,.002,70.2,7.4,9.9,8.1,29.7,24.3,7.2,0,11.1,2.4,60.4,32.4,83.7,17.7,36.5,2,3.2,1.6,33.3,23.8,27,11.1,28.6,95.22307129,91.77613623,65.6,15.5,34.6,34,66,18,53,49.4,153,85.2,8.7,31,213,66,310,84.5,16,103,50.6,157,40.3,125,21.8,50.3,38.1,33.3,28.6,63,65.2,42.9,27,17.5,11,23.8,15,15.9,10,25.2
"Hamilton, David",666152,2026,28,339,387,83,63,13,3,4,86,32,22.2,8.3,.245,.336,.314,0.650,0.091,.317,26,149,114,7,30,99,523,294,1,251,16,121,1,0,1,2,41,8,266,34,0,55,88,28,12,0,0,0,23,9,0,0,13,0,125,6,1,0,0,0,1,1,0,49,25,5,0,549,13,993,125,1542,,2,2,0,1,.225,.316,.293,.276,.296,.091,.338,.313,.328,.302,.020,.020,.017,69.3,4.9,8.7,7,32,25.6,7.1,24,6.1,-1.6,39.9,32.7,86.8,12.7,29.3,9,3.4,5.3,22.2,25.9,27.4,15.4,27.9,96.675573879,92.356657316,61.5,13.7,29.6,38.5,61.9,89,231,50.7,780,67.2,7.5,204,871,456,1542,86.3,64,467,49.3,759,41.3,635,21.9,45.3,34.2,32.3,33.5,266,59.7,48.5,129,23.7,63,23.3,62,4.5,12,29.5
"Freeman, Cody",683227,2026,25,85,97,21,18,1,1,1,15,8,15.5,8.2,.247,.318,.319,0.637,0.071,.290,6,30,27,1,1,13,132,90,0,69,5,36,2,0,0,1,13,1,73,7,0,14,26,5,7,0,0,0,6,0,0,0,3,0,23,1,0,0,0,0,0,0,0,8,1,0,0,137,3,262,23,399,,0,1,0,0,.185,.237,.290,.233,.264,.053,.299,.223,.300,.225,.062,.081,.057,67.2,0,3.9,3.3,35.2,30,6.7,5,10.5,-3.5,71.3,24.7,83,8.9,23.3,1,1.4,0,19.2,28.8,31.5,16.4,21.9,94.226956765,91.159948209,56.7,14,29.3,22.4,77.6,13,58,49.6,198,56.7,7.5,30,280,89,399,86,16,114,50.4,201,41.1,164,16.9,43.1,42.5,32.9,24.7,73,59.8,53.4,39,20.5,15,16.4,12,9.6,7,27.0
"Mountcastle, Ryan",663624,2026,29,14,15,4,3,1,0,0,2,1,13.3,6.7,.286,.357,.333,0.690,0.071,.333,1,7,5,0,0,2,15,4,0,19,0,8,0,0,0,0,3,0,12,1,0,2,4,2,0,0,0,0,1,0,0,2,0,0,3,0,0,0,0,0,0,0,0,0,0,0,0,16,0,38,3,54,,0,0,0,0,.279,.348,.309,.301,.327,.069,.328,.318,.333,.326,.007,.009,.008,74.4,43.8,13.3,12.5,20,18.8,7.5,0,6.9,2.6,56.3,35,90,8.8,33.3,0,0,16.7,25,16.7,41.7,0,41.7,103.053788333,95.526894167,84,0,44.8,23.1,76.9,3,13,53.7,29,100,3.7,5,29,20,54,100,0,21,46.3,25,46.3,25,8.8,63,25,41.7,33.3,12,73.3,58.3,7,16.7,2,25,3,0,0,26.2
"Pages, Andy",681624,2026,25,511,574,140,89,26,2,23,113,49,19.7,8.5,.274,.468,.343,0.811,0.194,.307,85,217,239,7,13,120,808,371,0,454,28,134,12,0,3,8,42,32,404,65,1,79,110,42,32,0,1,0,0,0,0,1,0,6,204,7,0,0,1,0,1,0,0,75,11,2,0,860,6,1472,204,2332,,1,4,0,0,.274,.442,.352,.343,.343,.168,.402,.389,.347,.348,.000,.026,.009,73,28.5,13.6,11,30.5,24.7,7.7,15,6.5,-2.6,44.7,40,88.9,15.7,37.4,32,7.9,8.2,27,27.5,26,3.5,42.3,99.860630297,94.161986015,65.9,11.1,31.6,41.1,58.9,165,401,54.5,1270,73.6,7.5,240,1454,633,2332,88.9,78,700,45.5,1062,43.2,1007,22.1,47.2,37.6,34.9,27.5,404,61.5,37.6,152,27.5,111,26.7,108,8.2,33,28.3
"Yastrzemski, Mike",573262,2026,35,361,408,81,50,18,1,12,98,41,24,10,.224,.380,.309,0.689,0.156,.273,41,149,137,0,1,84,608,345,0,299,18,139,5,0,1,4,26,21,265,34,0,58,78,29,19,0,0,0,25,0,1,4,0,2,142,0,0,0,3,0,0,0,0,51,1,0,0,651,2,1085,142,1736,,0,2,1,0,.235,.368,.306,.309,.320,.133,.352,.356,.306,.323,-0.011,.012,-0.003,71.3,8.2,12.8,10.2,34.9,27.6,7.5,18,11.4,-3.1,63.9,31.5,90.4,16.2,31.3,18,6.8,10.2,25.3,27.9,26.4,3.4,43,99.641426412,94.32237855,59.5,15.6,26.4,39.9,60.1,93,233,50.9,884,63.9,8.3,229,1045,454,1736,84.4,79,507,49.1,852,41.5,721,23.2,42.6,44.5,35.5,20,265,58.1,39.2,104,29.8,79,23.8,63,7.2,19,27.1
"Whitcomb, Shay",694376,2026,27,116,122,24,17,3,0,4,35,4,28.7,3.3,.207,.336,.233,0.569,0.129,.260,13,58,39,1,2,34,148,76,0,78,3,49,3,0,0,0,7,8,83,9,0,16,25,10,8,0,0,0,11,1,0,2,2,0,52,1,0,0,0,0,1,0,0,9,2,0,0,154,2,298,52,452,,1,2,1,0,.214,.374,.249,.265,.240,.160,.335,.358,.296,.306,-0.007,-0.038,-0.016,71.1,15.2,12.7,9.2,26.9,19.6,7.6,3,10.9,-0.1,66,28.3,86.7,17,36.1,9,10.8,2.4,20.5,28.9,26.5,10.8,33.7,99.240647805,93.721216667,65.1,10,34.6,57.3,42.7,47,82,52.4,237,72.3,10.4,52,253,146,452,90,14,140,47.6,215,38.5,174,27.5,49.1,36.1,33.7,30.1,83,68,38.6,32,28.9,24,22.9,19,9.6,8,27.3
"Rodríguez, Endy",682848,2026,26,135,159,36,23,6,0,7,41,23,25.8,14.5,.267,.467,.373,0.840,0.200,.333,20,70,63,1,6,45,218,105,1,109,9,45,4,0,0,0,7,7,94,22,0,24,24,4,6,0,0,0,0,0,0,1,0,0,57,1,0,0,1,0,1,0,0,20,5,1,0,233,0,379,57,612,,1,0,0,1,.245,.403,.370,.338,.355,.158,.451,.397,.383,.352,.022,.064,.032,72.7,26.2,14.7,11.1,35.9,27,7.3,3,10.1,-6,47.2,35.8,92.4,19.1,37.2,10,10.6,5.3,27.7,30.9,24.5,1.1,46.8,100.7717,95.060794946,64.4,14.6,26.1,52.4,47.6,43,82,51.3,314,76.5,8.3,101,340,171,612,85.4,28,192,48.7,298,38.2,234,25.9,44.8,45.7,33,21.3,94,64.2,33,31,33,31,27.7,26,6.4,6,27.0
"Caratini, Victor",605170,2026,32,327,382,72,55,10,0,7,80,34,20.9,8.9,.220,.315,.312,0.627,0.095,.262,44,161,103,0,0,95,498,309,0,217,10,106,8,0,0,13,29,11,255,31,1,45,88,31,14,0,1,0,1,0,0,2,0,8,121,0,0,0,0,0,0,0,0,28,0,0,0,539,8,921,121,1460,,0,2,1,0,.224,.356,.285,.306,.319,.132,.298,.329,.282,.297,-0.004,-0.041,-0.021,70.9,12.9,12.4,9.8,40.4,32,7,15,11.8,-1.6,53.5,34.8,89.3,12.6,36.5,16,6.3,6.7,25.9,25.1,34.1,2,38,98.339714453,93.569243294,58.7,11.7,25.9,47.2,52.8,91,193,51.1,746,60.2,6.7,263,822,371,1460,88.3,49,419,48.9,714,43.1,629,22.9,41.9,37.3,37.3,25.5,255,63.8,45.9,117,22,56,26.3,67,5.9,15,24.4
"Walls, Taylor",670764,2026,29,369,433,82,60,18,2,2,105,45,24.2,10.4,.222,.298,.309,0.607,0.076,.301,36,153,110,3,21,86,600,310,0,273,11,124,4,0,0,3,33,9,280,39,1,69,86,16,27,0,0,0,4,2,0,0,12,4,142,3,0,0,0,0,2,0,0,60,15,6,0,654,16,1043,142,1697,,2,2,0,0,.190,.261,.278,.251,.281,.071,.311,.268,.306,.262,.032,.037,.027,68.2,1.8,4.6,3.7,34.9,27.7,7.1,14,12.9,0,61.6,32.8,85.6,19.4,32.1,6,2.2,5.4,17.5,35.4,24.6,13.9,21.9,95.29496336,91.704933333,62,15.2,25.6,37.1,62.9,83,224,51.8,876,72.6,6.9,255,1024,407,1697,84.8,77,505,48.2,814,40.5,685,22,43.2,41.1,31.8,27.1,280,61.9,42.5,119,27.9,78,19.6,55,10,28,27.9
"Thomas, Lane",657041,2026,30,326,374,73,43,19,0,11,93,44,24.9,11.8,.224,.383,.318,0.701,0.159,.277,40,125,125,3,9,77,569,299,0,252,17,118,4,0,0,2,21,12,235,40,0,45,68,18,31,0,0,0,12,5,0,7,0,2,122,1,2,0,1,0,1,0,0,37,9,0,0,600,2,931,122,1531,,1,2,1,0,.238,.365,.313,.311,.331,.127,.361,.359,.311,.331,-0.014,.018,.002,72.6,25.9,13.5,10.7,31.5,24.9,6.9,20,8.4,-2.6,59.1,27.2,89.3,17.4,36.2,15,6.4,6,26,30.6,26,5.1,40.9,99.948774746,94.29288566,62.7,15.9,20.6,43.5,56.5,70,161,50.9,780,72.2,7.5,157,870,501,1531,84.1,75,471,49.1,751,40.7,623,22.9,41.3,44.7,36.2,19.1,235,60.7,37.9,89,24.3,57,24.7,58,13.2,31,29.1
"Lawlar, Jordan",691783,2026,23,124,136,32,20,5,1,6,39,5,28.7,3.7,.258,.460,.319,0.779,0.202,.329,16,54,57,1,6,30,181,91,0,88,7,44,1,0,2,6,10,11,86,11,0,19,21,11,2,0,0,0,2,1,0,0,1,0,58,1,0,0,0,0,1,0,0,18,6,0,0,198,1,336,58,534,,1,1,0,0,.249,.401,.340,.314,.311,.152,.447,.406,.376,.364,.009,.059,.026,69.5,3.8,12.7,9.5,36.3,27.1,7.2,9,15.5,-4.4,58.7,35,88.4,18.1,38.4,6,7,7,29.1,27.9,18.6,10.5,31.4,98.574308293,93.588601585,67.2,16.5,26.7,50.7,49.3,38,75,52.6,281,75,8.2,72,293,169,534,83.5,28,170,47.4,253,41,219,26.9,45.9,44.2,27.9,27.9,86,56.6,36,31,34.9,30,26.7,23,2.3,2,28.7
"Scott II, Victor",687363,2026,25,166,195,32,26,4,0,2,46,16,23.6,8.2,.193,.253,.270,0.523,0.060,.252,9,66,42,5,12,39,248,116,0,114,5,80,4,0,0,2,12,4,131,16,0,18,60,13,7,0,0,0,18,9,0,1,10,1,76,5,0,0,0,0,2,0,0,19,11,1,0,262,11,454,76,716,,2,0,0,0,.222,.296,.243,.271,.298,.075,.267,.311,.264,.307,-0.029,-0.043,-0.028,68.5,3.4,6.7,4.9,32.3,23.8,6.4,10,7.4,1,43.2,31.3,86.6,6.9,31.3,2,1.6,5.3,21.4,19.1,35.1,15.3,23.7,96.063542857,92.068093694,69.4,14.2,22.6,59.7,40.3,46,77,47.5,340,86.8,7.4,88,420,206,716,85.8,37,261,52.5,376,43.4,311,24.6,47.2,35.9,42.7,21.4,131,60,55,72,16.8,22,22.9,30,5.3,7,29.7
"Higashioka, Kyle",543309,2026,36,165,186,36,25,4,0,7,47,19,25.3,10.2,.218,.370,.306,0.676,0.152,.261,18,73,61,0,0,38,248,155,0,127,4,56,5,0,0,2,6,9,118,21,0,24,34,12,12,0,0,0,4,0,1,6,0,0,79,0,0,0,0,0,0,0,0,20,0,0,0,272,0,493,79,765,,0,2,0,0,.219,.351,.303,.295,.307,.133,.353,.341,.305,.306,-0.001,.019,.008,71,11.3,11.6,8.9,32.6,24.9,7.3,9,12.7,-9.3,48.8,33,88.2,17.3,35.6,10,8.5,6.8,21.2,30.5,26.3,6.8,38.1,99.114666552,93.791557241,58.3,13,31.1,49.6,50.4,61,123,51.8,396,69.1,7.2,79,397,288,765,87,28,215,48.2,369,41.7,319,26.3,44.2,38.1,41.5,20.3,118,65.1,33.9,40,28,33,28,33,10.2,12,24.6
"Song, Sung-Mun",823550,2026,29,131,154,25,20,4,0,1,31,19,20.1,12.3,.191,.244,.291,0.535,0.053,.240,17,58,32,4,13,33,234,118,0,98,6,78,3,0,0,0,13,3,104,9,0,24,33,8,14,0,1,0,6,9,0,1,3,1,49,2,1,1,0,0,1,0,0,22,12,1,0,242,4,387,49,629,,1,0,0,0,.183,.267,.250,.253,.280,.084,.247,.251,.248,.238,.008,-0.023,-0.003,71.9,14.5,9.7,7.7,31.4,25,7.6,4,7.8,-1.7,60.4,23.2,87.3,16.7,26,4,3.8,4.8,15.4,32.7,34.6,8.7,27.9,97.188634286,92.609704898,62.6,15.5,23.6,38.7,61.3,29,75,50.6,318,83.3,6.7,94,409,119,629,84.5,30,194,49.4,310,43.2,271,21.9,42.8,41.3,33.7,25,104,62.1,44.2,46,26,27,16.3,17,13.5,14,27.2
"Ornelas, Jonathan",680716,2026,26,21,22,4,4,0,0,0,11,1,50,4.5,.190,.190,.227,0.417,0.000,.400,1,6,4,0,0,5,21,14,0,23,2,9,1,0,0,0,2,1,10,1,0,1,3,1,1,0,0,0,2,0,0,0,0,0,17,0,0,0,0,0,0,0,0,1,0,0,0,23,0,66,17,89,,0,0,0,0,.155,.198,.194,.178,.194,.043,.356,.321,.400,.326,.035,-0.008,.016,72.4,26.1,13.3,8.7,20,13,7,1,6.5,-3.1,56.5,26.4,91.9,18.6,30,0,0,10,30,20,30,10,50,100.261684,94.924463333,71.1,25,45.5,55,45,11,20,49.4,44,80,5.6,21,44,23,89,75,8,32,50.6,45,52.8,47,36.5,58.4,80,10,10,10,72.7,50,5,20,2,20,2,10,1,
"Fermin, Freddy",666023,2026,31,232,265,47,29,14,0,4,56,21,21.1,7.9,.203,.315,.274,0.589,0.112,.246,24,110,73,1,1,61,333,136,2,193,13,96,4,0,3,3,12,8,183,27,0,42,60,18,15,0,0,0,14,0,0,1,4,3,120,1,0,0,0,0,0,0,0,22,1,0,0,353,7,662,120,1015,,0,3,0,2,.211,.315,.265,.270,.285,.103,.289,.295,.263,.276,-0.008,.000,-0.005,69.8,6.2,9,6.8,32.7,24.8,7.6,14,13.6,-4.8,53.9,34.2,87.5,15.4,35,7,3.8,7.7,23,30.6,29,6,29,96.85415191,92.569154068,71.7,14.8,34,48.9,51.1,89,182,52.7,535,80.3,6,102,581,328,1015,85.2,51,344,47.3,480,42.3,429,26.6,51.8,39.3,41.5,19.1,183,62.3,39.3,72,27.3,50,25.1,46,8.2,15,27.5
"McNeil, Jeff",643446,2026,34,478,520,126,94,23,0,9,59,31,11.3,6,.264,.368,.313,0.681,0.104,.283,59,186,176,2,8,117,549,141,1,468,22,144,13,0,0,5,42,13,424,69,2,80,135,55,28,0,1,0,15,0,0,4,1,4,136,1,1,0,2,0,1,0,0,52,6,2,0,591,5,1203,136,1794,,1,1,1,1,.271,.358,.301,.299,.317,.087,.310,.308,.298,.307,-0.007,.010,.002,68.7,3.8,6.1,5.3,34,29.5,7.3,20,6.8,-2.8,39.2,35.2,86.3,14.2,38,7,1.7,2.8,31.1,28.5,29.7,6.1,29.5,96.173945545,92.112438365,84,8.8,36.1,31.2,68.8,104,333,51.5,922,92.5,7.5,305,1051,429,1794,91.2,64,729,48.5,868,41.8,748,15.8,59.2,41.3,33.3,25.5,424,63.4,41.7,177,21.9,93,29.2,124,7.1,30,26.3
"Rodríguez, Héctor",699302,2026,22,144,152,33,21,4,2,6,39,7,25.7,4.6,.229,.410,.270,0.680,0.181,.273,17,52,59,2,0,26,161,74,0,122,3,41,0,0,1,1,16,8,105,9,0,23,39,4,6,0,0,0,1,0,0,2,0,0,71,1,0,1,0,0,0,0,0,16,0,0,0,174,0,386,71,560,,0,1,0,0,.198,.329,.295,.251,.240,.132,.374,.310,.314,.271,.031,.081,.044,75,51.8,12.5,9.4,23.6,17.6,7.9,6,11.6,-6.3,56.9,34,88.2,11.4,26.7,7,6.7,4.8,16.2,26.7,42.9,2.9,34.3,99.171249615,93.590612788,72.1,18,42.8,39.6,60.4,53,134,55.9,313,86.1,6.4,105,287,168,560,82,32,178,44.1,247,41.1,230,27.2,55.7,41,38.1,21,105,67.1,52.4,55,29.5,31,12.4,13,5.7,6,28.2
"Volpe, Anthony",683011,2026,25,220,246,54,39,12,1,2,56,25,22.8,10.2,.245,.336,.321,0.657,0.091,.319,28,88,74,4,12,51,348,167,0,167,11,70,2,0,1,0,18,8,165,28,0,30,53,15,11,0,0,1,2,2,0,0,0,1,98,4,0,0,1,0,1,0,0,24,6,6,0,363,1,616,98,979,,1,1,0,0,.232,.334,.297,.291,.311,.103,.337,.328,.327,.312,.013,.002,.006,70.9,14,12.4,9.4,32.8,24.9,7.1,8,9.8,4.7,56.5,32.5,87.9,12.6,33.3,8,4.9,4.8,27.3,26.7,31.5,4.2,37,98.213619268,93.220690982,66.5,16.8,25.7,46.5,53.5,59,127,50.6,495,76.9,9.3,100,573,300,979,83.2,54,322,49.4,484,37,362,25.2,45.9,32.7,45.5,21.8,165,64.6,43,71,23,38,27.3,45,6.7,11,28.3
"Freeland, Alex",690976,2026,24,231,269,54,41,9,0,4,74,32,27.5,11.9,.234,.325,.327,0.652,0.091,.323,21,110,75,0,4,52,410,228,0,155,10,89,8,0,0,1,17,8,162,29,0,32,59,8,8,0,0,0,21,1,0,0,3,2,108,0,0,0,0,0,0,0,0,32,4,0,0,436,5,672,108,1108,,0,0,0,0,.220,.340,.297,.297,.317,.120,.352,.353,.340,.323,.014,-0.015,.000,70.8,9,14.5,10.7,35.9,26.6,6.9,14,8.9,3.9,51.7,30,89.6,10.8,34.6,10,6.2,6.2,24.1,22.8,34,6.8,39.5,99.359352564,93.907805449,59.6,20.3,21.7,46.8,53.2,58,124,51.5,571,65.8,7.1,205,581,314,1108,79.7,65,320,48.5,537,44.2,490,27.7,40.1,34.6,37.7,27.8,162,59.1,46.9,76,24.7,40,23.5,38,4.9,8,26.9
"Rice, Ben",700250,2026,27,573,667,151,82,24,4,41,162,85,24.3,12.7,.264,.534,.363,0.897,0.270,.295,97,190,306,1,3,110,971,465,0,449,18,154,12,0,1,6,40,49,414,61,1,84,127,36,16,0,4,0,0,0,0,95,0,3,267,1,0,0,4,0,0,0,0,105,2,1,0,1055,3,1622,267,2677,,0,3,0,0,.267,.511,.384,.378,.364,.243,.468,.458,.365,.371,-0.003,.023,.006,72.6,24.3,18.1,14.1,35.4,27.5,7.7,15,13.1,-4.1,54.9,34.3,91.9,14.5,38.4,59,14.3,7,23.9,23.4,29.2,2.2,48.6,101.739325556,95.439571618,63.8,16.4,24.5,46.6,53.4,160,343,52.4,1399,80.1,6.6,446,1279,937,2677,83.6,133,812,47.6,1272,42.3,1130,25.4,43.2,44.9,34.5,20.5,414,59,40.3,167,32.1,133,23.4,97,4.1,17,26.8
"Delgado, Raynel",669384,2026,26,37,41,9,7,1,0,1,7,3,17.1,7.3,.243,.351,.300,0.651,0.108,.276,4,14,13,0,0,9,46,16,0,18,1,20,0,0,0,0,2,2,31,5,0,5,15,1,1,0,0,0,1,1,0,0,1,0,17,0,0,0,1,0,0,0,0,4,0,0,0,47,1,85,17,132,,0,0,0,0,.228,.304,.291,.265,.286,.076,.318,.284,.300,.281,.015,.047,.026,70.7,4.9,6.5,4.9,41.3,31.1,7.3,1,9.7,0.8,50,33,86.1,2.8,32.3,1,3.2,3.2,25.8,16.1,48.4,3.2,32.3,95.637686667,91.831865333,75.4,12.2,29.9,60,40,12,20,50.8,67,86.7,11.4,20,79,33,132,87.8,6,49,49.2,65,43.2,57,26.1,52.3,51.6,32.3,16.1,31,63.4,54.8,17,22.6,7,19.4,6,3.2,1,27.2
"Gonzalez, Gabriel",694224,2026,22,8,11,2,2,0,0,0,2,2,18.2,18.2,.250,.250,.455,0.705,0.000,.333,0,4,2,0,0,2,15,3,0,13,0,7,0,0,0,1,2,0,6,0,0,0,3,0,1,0,0,0,3,1,0,0,0,0,4,0,0,0,0,0,0,0,0,2,0,0,0,17,0,26,4,43,,0,1,0,0,.137,.149,.355,.285,.373,.011,.297,.168,.333,.183,.113,.101,.070,69.4,9.5,0,0,22.2,19,6.9,1,2.7,6.7,19,31.8,82.8,-1.6,0,0,0,0,16.7,16.7,66.7,0,16.7,93.6672,91.097643333,93.8,0,29.6,50,50,4,8,62.8,27,,0,6,26,5,43,100,0,15,37.2,16,37.2,16,17.4,53.5,33.3,33.3,33.3,6,63.6,83.3,5,0,0,0,0,16.7,1,26.1
"Benson, Will",666181,2026,28,96,114,18,11,3,1,3,38,16,33.3,14,.188,.333,.310,0.643,0.145,.273,6,54,32,1,1,28,180,69,1,73,10,51,0,0,1,1,6,5,58,7,0,22,12,2,4,0,1,0,14,4,0,2,0,0,61,1,0,0,0,0,0,0,0,11,1,0,0,198,0,274,61,472,,0,0,0,1,.189,.355,.290,.300,.308,.166,.368,.390,.310,.319,-0.001,-0.022,-0.010,73.5,37.6,13.4,8.8,30.3,19.9,7.7,6,14.4,-8.4,48.6,36.9,91.1,24.9,32.8,7,12.7,6.9,15.5,37.9,19,3.4,37.9,100.247945926,94.298298333,67.3,32,22.1,47.3,52.7,26,55,52.8,249,90.6,6.8,122,201,147,472,68,48,150,47.2,223,43.9,207,36.1,43.4,41.4,31,27.6,58,54.9,31,18,46.6,27,15.5,9,6.9,4,28.8
"Acuña, Luisangel",682668,2026,24,210,224,48,42,4,0,2,44,9,19.6,4,.229,.276,.261,0.537,0.047,.277,13,95,58,6,18,52,246,109,0,118,7,103,5,0,1,1,23,4,170,21,0,23,76,13,9,0,0,0,31,22,0,4,2,2,87,5,1,0,1,0,1,0,0,23,13,5,0,270,4,509,87,779,,1,2,0,0,.247,.324,.241,.269,.282,.076,.277,.313,.286,.313,-0.018,-0.048,-0.028,72.2,28.1,16,12.3,37,28.4,7.5,13,8.8,0.8,64.7,25.6,88.5,2.2,24.7,6,3.5,2.4,24.1,17.6,45.3,7.1,36.5,99.237194699,93.747815152,71.4,14.4,34.1,46.2,53.8,66,143,53.8,419,83.7,5.5,127,402,246,779,85.6,37,257,46.2,360,41.3,322,25.8,51.3,37.1,37.6,25.3,170,64.3,58.2,99,15.9,27,20.6,35,5.3,9,29.8
"Haase, Eric",606992,2026,33,74,84,12,5,3,0,4,28,6,33.3,7.1,.162,.365,.235,0.600,0.203,.190,9,42,27,0,0,23,101,56,0,46,5,29,1,0,0,1,4,4,49,4,0,6,20,5,5,0,0,0,8,1,0,0,3,0,49,0,0,0,0,0,0,0,0,8,0,0,0,107,3,211,49,318,,0,0,0,0,.184,.360,.264,.271,.255,.177,.357,.371,.261,.296,-0.022,.005,-0.007,71.6,14.1,12,7.4,27.7,17,7.2,4,12.8,-4.3,61.8,30.8,86,12,30.6,8,16.3,2,14.3,24.5,32.7,10.2,28.6,97.396006957,92.958050667,63.3,25.8,36.3,56.5,43.5,35,62,53.8,171,63.3,9.4,29,173,114,318,74.2,24,93,46.2,147,36.8,117,38.1,48.7,32.7,44.9,22.4,49,53.6,49,24,20.4,10,18.4,9,12.2,6,28.3
"Martin, Austin",668885,2026,27,302,358,69,49,17,0,3,68,45,19,12.6,.228,.315,.341,0.656,0.087,.282,24,115,95,8,12,62,548,254,0,205,9,118,6,0,3,8,30,8,237,31,0,46,83,24,14,0,0,0,16,5,0,0,0,3,95,8,0,0,0,0,4,0,0,42,12,0,0,583,3,813,95,1396,,4,3,0,0,.230,.314,.303,.303,.343,.084,.300,.301,.291,.295,-0.002,.001,.000,69.1,4.1,9.1,7.5,40.1,32.8,6.7,14,10.9,-2.7,51.6,38.6,86.8,12.3,34.2,7,3,4.6,25.7,28.3,32.1,6.3,28.3,96.379876724,92.254509397,62.5,12,18,47.2,52.8,60,127,50.5,705,78.8,7.4,165,850,376,1396,88,52,432,49.5,691,44.2,617,20,40,40.1,35.4,24.5,237,57.3,47.7,113,22.8,54,23.6,56,5.9,14,27.8
"Bandura, Scott",814154,2026,24,29,30,6,5,1,0,0,17,1,56.7,3.3,.207,.241,.233,0.474,0.034,.500,1,11,7,1,1,3,36,23,0,29,4,13,0,0,0,0,2,0,12,4,0,2,2,0,2,0,0,0,5,1,0,2,0,0,19,1,0,0,0,0,1,0,0,2,1,0,0,38,0,90,19,128,,1,0,0,0,.120,.147,.214,.136,.150,.027,.476,.282,.500,.291,.087,.094,.078,69.8,6.8,2.9,1.7,14.3,8.5,6.5,0,6.2,-1.7,50.8,33.1,81,21.7,50,0,0,0,41.7,33.3,16.7,8.3,25,90.658333333,90.59615,64.5,35,40.9,44.4,55.6,12,27,51.6,66,66.7,4.7,13,75,40,128,65,14,40,48.4,62,46.9,60,38.8,52.3,41.7,58.3,0,12,60,33.3,4,16.7,2,33.3,4,16.7,2,28.0
"Hicklen, Brewer",676551,2026,30,39,47,10,5,5,0,0,16,8,34,17,.256,.385,.383,0.768,0.129,.435,3,15,15,0,0,9,63,23,0,25,4,20,0,0,0,0,3,0,23,7,0,5,7,0,1,0,0,0,3,3,0,0,0,0,32,0,0,0,0,0,2,0,0,9,0,0,0,66,0,108,32,174,,2,1,0,0,.207,.320,.348,.306,.342,.113,.468,.382,.435,.351,.049,.065,.042,72.9,28.9,13.3,7.9,31.1,18.4,7.7,0,13.6,-7.3,62.8,28.4,89.9,10,30.4,2,8.7,8.7,21.7,21.7,39.1,0,39.1,99.804775,94.192042174,73.8,28.8,27.7,76.9,23.1,20,26,54,94,66.7,6.9,28,109,28,174,71.2,17,59,46,80,40.8,71,43.5,48.9,60.9,34.8,4.3,23,68.1,43.5,10,21.7,5,30.4,7,4.3,1,29.2
"Rafaela, Ceddanne",678882,2026,25,541,576,154,103,32,3,16,117,22,20.3,3.8,.285,.444,.321,0.765,0.159,.336,70,214,240,9,17,123,541,293,0,471,25,138,11,0,2,8,52,32,429,70,0,79,136,38,22,0,1,0,0,1,1,0,2,3,253,8,1,0,2,0,1,0,0,67,16,1,0,597,5,1505,253,2102,,1,5,0,0,.249,.362,.332,.285,.287,.113,.397,.335,.361,.318,.036,.082,.047,69.5,6.9,8.8,6.7,31.9,24.4,7.3,26,8.7,-0.4,50.7,32.4,86.3,12,34.5,23,5.4,5.4,25.6,24.5,33.6,4.7,31.9,96.938008578,92.469893389,71.6,15.1,45.3,38.4,61.6,193,502,52.8,1109,77.1,6.7,243,1186,662,2102,84.9,107,710,47.2,992,42.1,884,24.8,57.7,34.3,33.6,32.2,429,68,43.8,188,25.9,111,25.2,108,5.1,22,29.0
"Alvarez, Yordan",670541,2026,29,566,691,179,102,34,1,42,119,109,17.2,15.8,.316,.602,.433,1.035,0.286,.334,106,174,341,0,1,93,1004,427,0,465,31,158,7,0,2,11,42,56,452,81,0,114,95,40,23,0,33,0,16,0,0,134,0,5,183,0,0,0,0,0,0,1,0,105,1,0,0,1056,5,1572,183,2628,,1,3,1,0,.318,.636,.429,.442,.407,.318,.490,.508,.396,.401,-0.002,-0.034,-0.013,76.1,61.8,21.9,17.7,33.1,26.7,7.7,5,8.3,-5.1,43.5,36.7,94.4,19.1,40,72,16,12.4,24.1,27,19,1.1,53.8,104.94496,97.265576156,62.4,10.8,29,35.2,64.8,151,429,56.3,1480,68.2,6.5,454,1490,683,2628,89.2,77,716,43.7,1148,40.4,1061,19.9,43.6,41.4,33.4,25.2,452,57.5,30.3,137,37.6,170,26.8,121,5.3,24,25.4
"Barrosa, Jorge",678489,2026,25,145,174,28,13,12,1,2,46,17,26.4,9.8,.193,.331,.285,0.616,0.138,.265,12,52,48,0,3,26,269,138,0,119,8,105,1,0,0,2,7,7,109,14,0,26,41,5,9,0,0,0,6,12,0,0,9,1,71,0,0,0,0,0,1,0,0,30,3,0,0,280,10,465,71,745,,1,2,0,0,.164,.250,.277,.238,.260,.086,.324,.260,.280,.239,.029,.081,.039,69,3,4.7,3.4,31.3,22.8,7.7,3,14.4,-4.8,54.1,26.2,87.1,19.4,33,5,4.6,5.5,12.8,34.9,24.8,17.4,23.9,95.604165,91.863784615,61.1,18.7,29.3,40.7,59.3,48,118,54.1,403,61,7.9,108,465,172,745,81.3,39,209,45.9,342,40.9,305,26.6,43.9,45,34.9,20.2,109,58,44,48,30.3,33,17.4,19,8.3,9,28.4
"Ortiz, Abimelec",694673,2026,24,128,136,24,14,5,0,5,36,7,26.5,5.1,.188,.344,.228,0.572,0.156,.216,14,48,44,0,0,21,201,87,0,136,5,44,1,0,0,0,4,6,93,14,0,24,29,9,6,0,1,0,15,0,0,11,0,1,62,0,0,0,0,0,0,0,0,16,0,0,0,206,1,386,62,592,,0,0,0,0,.211,.382,.246,.271,.246,.171,.312,.348,.258,.292,-0.023,-0.038,-0.025,75.8,62.2,10.2,8.1,23.7,18.9,7.3,3,8.8,-11.3,54.6,29.5,89.7,15.1,39.8,7,7.5,9.7,18.3,32.3,28,4.3,38.7,99.94839,94.273607419,66.4,15,37.1,36.1,63.9,43,119,54.2,321,65.7,5.9,123,306,163,592,85,27,180,45.8,271,39.5,234,23.4,50.5,44.1,33.3,22.6,93,55.1,35.5,33,32.3,30,25.8,24,6.5,6,25.3
"Laureano, Ramón",657656,2026,31,182,206,37,22,6,2,7,65,20,31.6,9.7,.203,.374,.286,0.660,0.171,.268,21,61,68,2,7,37,292,111,0,176,4,53,1,0,0,2,9,12,119,16,0,25,40,10,7,0,0,0,0,0,0,1,0,2,124,2,0,0,0,0,0,0,0,23,5,2,0,308,2,539,124,847,,0,0,0,0,.222,.409,.292,.312,.303,.187,.376,.411,.311,.340,-0.019,-0.035,-0.020,72.5,26,12,8.4,26.5,18.4,7.1,10,14.8,-1.9,46.6,33.1,88,12.1,37,17,14.3,2.5,24.4,24.4,26.1,8.4,41.2,99.9726525,94.305977731,70.9,18.6,32.7,54.7,45.3,81,148,53.4,452,80,7.1,109,501,237,847,81.4,52,280,46.6,395,39.4,334,31.1,50.5,35.3,33.6,31.1,119,61.7,41.2,49,31.1,37,21.8,26,5.9,7,28.0
"Simon, Ronny",682927,2026,26,63,68,16,12,3,0,1,11,4,16.2,5.9,.254,.349,.299,0.648,0.095,.294,4,34,22,0,4,12,76,36,0,65,2,21,4,0,0,0,8,1,53,7,0,9,18,4,6,0,0,0,0,1,0,5,1,0,21,0,0,0,1,0,0,0,0,11,4,0,0,81,1,183,21,264,,0,0,0,0,.258,.369,.288,.298,.303,.111,.318,.330,.308,.313,-0.004,-0.020,-0.010,72,22.4,7.7,6.4,28.8,24,7.2,1,2.3,1.1,37,25.6,87.8,11.8,30.2,2,3.8,5.7,20.8,24.5,34,11.3,30.2,98.92741625,93.620068958,73.4,9.9,40,30.4,69.6,17,56,53,140,72.2,6.8,45,155,63,264,90.1,9,91,47,124,35.2,93,17.7,55.7,41.5,34,24.5,53,67.6,49.1,26,18.9,10,20.8,11,11.3,6,28.7
"Meidroth, Chase",805367,2026,24,566,643,156,109,31,0,16,141,61,21.9,9.5,.276,.415,.350,0.765,0.139,.339,63,224,235,2,4,123,853,617,1,446,25,154,8,0,4,6,58,24,434,74,0,70,157,30,19,0,0,1,0,0,0,0,5,4,179,1,0,1,2,0,0,0,1,90,4,0,0,919,9,1729,179,2648,,1,4,0,1,.239,.348,.339,.301,.320,.109,.394,.337,.364,.319,.037,.067,.038,66.9,1,8.1,6.6,36.4,29.4,6.7,14,12.2,2.4,60.2,30.6,87.2,8.5,34.1,20,4.6,5.1,27,19.6,36.6,6.5,34.6,97.389329665,92.822576483,55.5,13.9,28.9,30.6,69.4,119,389,50.8,1344,61.9,7.3,303,1612,720,2648,86.1,100,722,49.2,1301,44.2,1170,19.7,42,41,34.6,24.4,434,60.3,49.5,215,21.7,94,24.4,106,4.4,19,27.4
"Gray, Tristan",656484,2026,30,173,188,39,30,5,0,4,60,10,31.9,5.3,.225,.324,.267,0.591,0.099,.313,29,94,56,0,2,50,205,92,0,152,16,66,2,0,0,1,11,5,117,23,0,23,29,16,8,0,0,0,17,2,0,0,1,3,115,0,0,0,0,0,0,0,0,16,1,1,0,228,4,502,115,730,,0,1,0,0,.218,.322,.262,.263,.266,.104,.355,.358,.336,.334,.007,.002,-0.001,72.7,31.1,10,6.5,24.2,15.8,7.1,8,7,-10.9,40.4,29.3,88.5,14.3,38.5,7,6,6,28.2,29.9,23.9,5.1,37.6,99.69709193,93.943316637,74.7,22.3,39.3,54,46,81,150,52.3,382,86.4,6,152,344,233,730,77.7,58,260,47.7,348,42.3,309,33.9,56.2,40.2,38.5,21.4,117,70.2,34.2,40,23.9,28,34.2,40,7.7,9,26.2
"Cavanaugh, Drew",701852,2026,24,144,166,33,27,4,1,1,50,18,30.1,10.8,.229,.292,.315,0.607,0.063,.344,12,58,42,0,1,35,235,109,0,118,16,59,4,0,0,0,11,5,98,16,1,16,33,10,6,0,0,0,11,0,0,2,4,0,69,0,0,0,0,0,0,0,0,9,1,0,0,246,4,414,69,660,,0,0,0,0,.236,.337,.280,.298,.321,.102,.348,.381,.351,.362,-0.007,-0.045,-0.018,69.1,4.2,9.5,6.8,27.4,19.7,6.6,3,6.5,3,38.5,41.3,85.2,12.5,42.9,4,4.1,9.2,28.6,21.4,24.5,11.2,28.6,97.847087826,92.982145761,67.1,18.4,27,53.8,46.2,50,93,52.1,344,83.7,7.4,80,395,181,660,81.6,39,212,47.9,316,39.1,258,29.2,46.2,28.6,37.8,33.7,98,61.4,44.9,44,21.4,21,26.5,26,7.1,7,26.4
"Bowen, Jase",687749,2026,25,96,103,14,9,2,1,2,41,3,39.8,2.9,.146,.250,.188,0.438,0.104,.226,7,63,24,1,6,29,101,67,0,54,1,83,0,0,0,2,5,4,57,5,0,13,21,8,1,0,0,1,11,19,1,4,2,0,67,0,1,0,0,0,1,0,0,14,4,2,0,108,2,258,67,366,,1,0,0,0,.194,.321,.196,.244,.235,.127,.295,.386,.255,.342,-0.048,-0.071,-0.048,73.5,28.9,6.8,3.9,26.1,15.1,7.9,2,20.7,-4,36.1,37.5,87.7,13.2,28.1,5,8.9,10.5,15.8,17.5,29.8,15.8,33.3,99.5591316,93.8467474,62.1,24.8,43.7,51.2,48.8,44,86,53.8,197,57.7,7.1,50,214,97,366,75.2,26,105,46.2,169,41.5,152,36.6,52.2,45.6,33.3,21.1,57,68,45.6,26,29.8,17,22.8,13,1.8,1,29.6
"Canzone, Dominic",686527,2026,28,477,533,126,71,28,4,23,110,48,20.6,9,.264,.484,.336,0.820,0.220,.297,77,193,231,1,2,112,650,358,0,330,19,146,9,0,1,5,35,36,370,54,1,67,129,28,19,0,2,0,22,0,0,95,0,3,213,1,0,0,2,0,0,0,0,60,2,0,0,702,3,1311,213,2013,,0,0,0,0,.273,.491,.354,.359,.342,.219,.411,.417,.341,.352,-0.009,-0.007,-0.005,74.3,43.4,20.7,15.4,35.8,26.7,7.4,13,13.2,-1.9,54.3,32.1,91.1,10.6,35.7,45,12.2,6.2,24.6,23.5,30.8,2.7,44.9,102.30065773,95.598142703,62,16.4,34.5,42.3,57.7,156,369,53.3,1069,67.9,6.7,407,949,645,2013,83.6,95,581,46.7,937,42.1,844,26.4,47.3,38.9,41.1,20,370,62.3,44.3,164,27.8,103,22.4,83,5.4,20,26.4
"Tolbert, Tyler",686475,2026,28,130,148,37,29,5,0,3,31,12,20.9,8.1,.285,.392,.347,0.739,0.107,.351,8,69,51,4,22,36,175,79,0,66,5,78,3,0,0,1,17,5,104,15,0,17,34,8,8,0,0,1,17,24,0,2,4,1,67,3,1,0,0,0,3,1,0,32,17,5,0,183,5,337,67,520,,4,1,0,0,.240,.307,.329,.287,.312,.067,.383,.322,.370,.319,.045,.085,.042,69.2,2.9,8.4,5.7,37.8,25.8,6.7,5,6.6,-5.1,43.4,28.3,84.7,10.1,35.6,3,2.9,5.8,25,21.2,30.8,14.4,24,95.341905417,91.71171,71.9,18.7,27.3,59.2,42.3,42,71,50,260,83.7,9.4,83,291,144,520,81.3,35,187,50,260,36,187,29.8,49.6,34.6,38.5,26.9,104,64.9,49,51,21.2,22,22.1,23,7.7,8,29.3
"Rosario, Amed",642708,2026,30,227,244,54,37,6,1,10,57,14,23.4,5.7,.238,.405,.279,0.684,0.167,.270,34,83,92,1,3,52,250,122,0,184,10,87,1,0,1,0,16,13,173,24,1,31,59,17,10,0,0,0,14,0,0,7,0,3,116,1,0,0,1,0,0,0,0,28,3,0,0,271,3,609,116,880,,0,3,0,0,.250,.424,.297,.309,.289,.175,.362,.381,.312,.331,-0.012,-0.019,-0.012,74,41,16.6,12.1,30.2,22,7.4,4,6.4,-3.6,50,30.7,90.2,11.5,34.7,18,10.4,5.8,23.7,25.4,31.8,2.9,39.3,101.20099,94.834235434,72.2,17.3,40.8,40.9,59.1,79,193,53.8,473,80.3,6.9,155,456,261,880,82.7,51,294,46.3,407,43.3,381,26.7,55.3,36.4,40.5,23.1,173,63.9,43.4,75,25.4,44,24.9,43,6.4,11,28.6
"Tena, José",677588,2026,25,257,288,57,35,13,2,7,90,27,31.3,9.4,.222,.370,.302,0.672,0.148,.311,25,123,95,2,6,69,404,184,0,198,17,114,7,0,1,3,16,10,168,31,0,25,66,11,9,0,0,0,18,2,0,57,0,1,159,2,0,0,0,0,2,0,0,36,5,1,0,430,1,741,159,1171,,2,0,0,0,.221,.351,.299,.291,.302,.130,.387,.374,.339,.339,.001,.019,.008,73.9,42.1,18.2,12.3,29.9,20.1,7.1,10,7.6,-1,40.6,34.8,90.6,8.1,30.4,14,8.3,9.5,20.2,20.8,39.9,1.2,46.4,102.541901667,95.570783929,67.6,23.2,29.5,57.1,42.9,104,182,52.6,616,80.8,8.5,248,579,338,1171,76.8,87,375,47.4,555,41.3,484,34.3,47.6,32.1,41.1,26.8,168,60.1,48.8,82,20.8,35,25,42,5.4,9,27.8
"Mayer, Marcelo",691785,2026,23,220,245,46,33,10,0,3,51,18,20.8,7.3,.209,.295,.275,0.570,0.086,.254,22,108,65,0,3,59,305,133,1,148,6,76,5,0,1,3,21,7,172,18,0,36,67,9,14,0,0,0,12,2,1,2,0,3,115,0,0,0,0,0,0,0,0,19,3,0,0,333,3,576,115,909,,0,2,0,1,.196,.295,.258,.257,.267,.099,.280,.279,.267,.257,.013,.000,.001,74.6,46.2,12,8.8,27.8,20.5,8,8,9,-7.2,42.6,31,86.1,8.9,26.7,11,6.4,5.8,16.9,27.3,37.8,5.2,35.5,98.064535176,93.036398353,71.3,14.7,28.5,56.2,43.8,77,137,52.8,480,79.4,7.5,235,420,253,909,85.3,45,306,47.2,429,44.7,406,27.5,48.7,36,37.2,26.7,172,61.6,51.2,88,25,43,15.7,27,8.1,14,27.3
"Hill, Turner",806367,2026,27,105,124,23,15,7,0,1,21,13,16.9,10.5,.219,.314,.306,0.620,0.095,.253,16,53,33,1,2,33,177,104,0,82,2,34,1,0,0,2,9,5,88,9,0,20,27,12,4,0,0,0,3,0,1,2,0,4,20,1,0,0,0,0,0,0,0,13,2,0,0,191,4,302,20,493,,0,0,0,0,.248,.369,.280,.316,.336,.121,.275,.326,.261,.304,-0.029,-0.055,-0.036,65.3,0.6,8.6,7.6,43.7,38.6,6.4,3,9.5,0.6,59,35.9,87.6,14.5,33,4,4.5,5.7,33,25,29.5,2.3,30.7,96.211755,92.153071494,59.1,8.7,20.3,28.6,71.4,14,49,48.9,241,65.8,7.7,61,295,136,493,91.3,13,149,51.1,252,41.4,204,13.6,40.2,44.3,39.8,15.9,88,61.3,40.9,36,28.4,25,26.1,23,4.5,4,28.4
"Reynolds, Bryan",668804,2026,31,595,699,155,95,40,3,17,162,89,23.2,12.7,.261,.424,.365,0.789,0.163,.329,72,247,252,0,9,133,974,390,1,476,30,162,9,0,4,11,54,36,436,64,1,81,146,40,12,0,3,0,2,0,0,31,0,3,315,0,0,0,2,0,0,0,0,102,9,0,0,1062,3,1661,315,2723,,0,3,1,1,.254,.443,.349,.355,.359,.189,.401,.409,.356,.350,.007,-0.019,-0.006,72.8,29.9,17,12.9,32.6,24.7,7,53,10.9,1.6,46.6,37.5,90.8,8.3,38.5,49,11.2,6.9,24.3,20.6,33.3,3.7,47.9,101.857125046,95.370003739,70.2,16.3,24.7,60.1,39.9,209,348,51.7,1408,81.9,6.5,524,1318,876,2723,83.7,150,923,48.3,1315,40.4,1100,28.2,46.7,38.8,36,25.2,436,63.7,45.9,200,26.8,117,24.3,106,3,13,28.2
"Emerson, Colt",806068,2026,20,221,241,42,27,6,1,8,83,15,34.4,6.2,.190,.335,.246,0.581,0.145,.258,23,101,74,1,3,48,289,140,0,196,19,69,3,0,0,2,12,9,141,21,0,23,53,11,12,0,0,0,2,0,0,1,1,2,146,1,0,0,1,0,1,0,0,24,3,0,0,307,3,656,146,963,,1,0,1,0,.196,.300,.256,.248,.253,.104,.354,.340,.300,.312,-0.006,.035,.008,72.5,26.4,7.3,5,22.9,15.7,7.2,11,10.1,1.9,55.3,30.3,86.7,14,36.2,7,5,7.1,24.8,24.8,32.6,5.7,31.2,97.184861884,92.601587174,69.4,26.4,38.9,46.9,53.1,91,194,51.8,499,71.2,6.9,136,549,278,963,73.6,85,322,48.2,464,42.3,407,34.1,53.6,41.1,30.5,28.4,141,63.9,46.1,65,22.7,32,22.7,32,8.5,12,27.0
"Diaz, Yainer",673237,2026,27,344,361,98,67,16,1,14,57,12,15.8,3.3,.285,.459,.313,0.772,0.174,.305,45,139,158,2,0,83,328,139,0,228,16,98,9,0,0,3,39,16,289,42,1,34,119,20,17,0,0,0,0,1,0,9,0,2,126,2,0,0,0,0,1,0,0,38,0,0,0,355,2,804,126,1159,,1,3,0,0,.272,.416,.334,.312,.302,.144,.381,.354,.339,.325,.013,.043,.022,72.6,23.3,17,13.6,38.9,31,7.3,19,7.8,2.5,56,28.1,89.3,7.5,29.4,20,6.9,5.5,25.3,18.3,39.8,4.2,38.8,99.752823724,94.074011696,74.5,11.5,42.1,39.1,60.9,101,258,52.9,613,84.1,7.6,150,602,405,1159,88.5,47,407,47.1,546,41.2,477,22.3,57.4,37,41.5,21.5,289,64.5,54.7,158,17.3,50,21.8,63,6.2,18,26.0
"Kiner-Falefa, Isiah",643396,2026,31,161,183,39,32,5,0,2,27,19,14.8,10.4,.242,.311,.322,0.633,0.069,.280,16,85,50,2,8,49,222,111,0,120,4,66,3,0,0,0,16,6,137,17,0,16,53,15,12,0,0,0,6,5,0,1,3,0,47,1,1,0,1,0,0,0,0,23,8,0,0,235,3,428,47,663,,0,1,0,0,.256,.319,.290,.297,.335,.063,.290,.301,.291,.308,-0.014,-0.008,-0.007,68.4,3.7,8.2,7,28.9,24.5,7,7,5.2,-1.7,40.2,30.2,82.5,7.6,32.8,3,2.2,2.9,27.7,21.9,32.1,11.7,25.5,94.66774,91.634413462,66.2,8.8,31.8,33.6,66.4,38,113,53.5,355,64.7,7.7,76,398,186,663,91.2,18,204,46.5,308,42.5,282,17.7,47.8,39.4,36.5,24.1,137,66.1,50.4,69,16.1,22,23.4,32,10.2,14,27.5
"Furman, Nate",801501,2026,24,32,39,4,4,0,0,0,10,5,25.6,12.8,.125,.125,.243,0.368,0.000,.182,3,17,4,0,0,10,54,23,0,30,1,22,1,0,0,0,3,0,24,1,0,3,15,1,1,0,0,0,6,0,0,2,2,0,10,0,0,0,0,0,0,0,0,2,0,0,0,57,2,90,10,147,,0,0,0,0,.160,.191,.191,.227,.274,.030,.162,.224,.182,.233,-0.035,-0.066,-0.036,66.2,0,4.3,3.4,25.5,20.7,6.7,1,12.9,-1,44.8,40.1,80.9,7.6,16.7,0,0,0,25,20.8,33.3,20.8,16.7,92.300870909,90.399414545,61.9,2.6,33.3,42.9,57.1,12,28,57.1,84,90.9,7.5,15,86,46,147,97.4,1,39,42.9,63,44.9,66,19.4,45.6,45.8,29.2,25,24,59,75,18,12.5,3,8.3,2,4.2,1,28.9
"Harper, Bryce",547180,2026,33,577,693,155,91,32,3,29,148,107,21.4,15.4,.269,.485,.380,0.865,0.216,.309,87,239,280,6,7,120,1001,291,0,504,32,162,19,0,2,1,48,38,437,69,0,76,142,39,20,0,3,0,3,0,0,12,0,8,366,4,1,1,1,0,0,0,0,93,5,2,0,1079,8,1655,366,2734,,0,3,0,0,.271,.481,.375,.379,.383,.210,.425,.431,.355,.364,-0.002,.004,-0.004,74.1,45.4,15.8,11.2,28.7,20.3,7.3,13,12,-0.6,43.3,37.3,90,12.8,37.5,45,10.3,6.2,27.5,22.9,30.2,2.7,42.8,101.134831567,94.786960576,73.1,19.3,32.4,50,50,253,506,57.1,1560,80,6.4,445,1314,975,2734,80.7,166,858,42.9,1174,41.7,1139,30.7,49.9,39.4,37.3,23.3,437,62.1,43.5,190,26.1,114,25.9,113,4.6,20,27.2
"Stewart, Sal",701398,2026,22,623,700,164,107,25,0,32,155,63,22.1,9,.263,.457,.330,0.787,0.194,.296,112,258,285,8,15,156,904,404,0,515,43,162,16,0,3,4,57,41,478,66,0,92,158,38,21,0,5,0,0,0,0,11,0,10,317,6,2,0,0,0,3,1,0,87,11,4,0,979,10,1764,317,2743,,4,5,0,0,.256,.466,.339,.343,.324,.210,.402,.409,.343,.341,.007,-0.009,-0.004,72.1,26.6,15.6,11.7,32.5,24.3,7.6,34,11.5,6.4,54.8,33.2,90.5,12.9,35.4,57,12.2,6.9,23.2,22.6,30.8,2.3,41.6,100.796886111,94.787875589,69.1,21.2,32.1,38.2,61.8,177,463,52.7,1444,77.5,7.6,296,1422,1016,2743,78.8,190,896,47.3,1296,41.4,1133,27,49.6,32.2,39.3,28.5,478,61.6,45,215,27.8,133,22.8,109,4.4,21,26.6
"Caglianone, Jac",695506,2026,23,512,553,148,91,32,2,23,144,33,26,6,.289,.494,.340,0.834,0.205,.361,75,215,253,2,7,120,598,240,0,389,20,143,5,0,0,7,47,24,369,77,0,60,122,29,10,0,2,0,8,0,0,12,0,1,283,1,0,1,1,0,1,0,0,72,7,0,0,654,1,1313,283,1967,,1,4,0,0,.283,.500,.360,.357,.331,.217,.465,.462,.401,.393,.006,-0.006,.003,77,72.8,23.6,17.4,31.8,23.5,7.9,20,9.1,-1.4,43.8,30.6,93.3,7.7,33.9,48,13,8.1,25.2,15.7,34.7,3.3,54.7,105.528979243,97.619020786,73,17.1,39.6,47.6,52.4,205,431,55.3,1088,80,6.6,353,939,672,1967,82.9,110,642,44.7,879,37.8,743,29.4,54.6,46.1,34.7,19.2,369,65.3,45.8,169,22.8,84,28.7,106,2.7,10,27.0
"Rodríguez, Julio",677594,2026,25,596,654,147,99,26,0,22,145,47,22.2,7.2,.247,.401,.307,0.708,0.154,.289,71,253,239,3,22,126,744,354,0,470,20,150,10,0,1,7,57,27,455,63,0,89,137,47,33,0,3,0,0,0,0,7,0,4,291,2,1,0,1,0,0,0,0,69,17,5,0,808,4,1612,291,2420,,0,4,1,0,.264,.439,.310,.334,.323,.175,.365,.399,.323,.349,-0.017,-0.038,-0.024,76.6,67.2,17.7,13.2,28.3,21.1,7.8,17,8.1,-5.3,50.2,31,90.1,12.8,31.6,40,8.8,7.3,25.1,24.6,29.9,4.2,43.7,102.316356211,95.508712313,68.8,14.8,38.6,43,57,224,521,55.7,1348,65.9,5.5,301,1312,799,2420,85.2,109,737,44.3,1072,41.8,1011,26.5,52,39.1,37.1,23.7,455,64.1,42.6,194,25.5,116,24.6,112,7.3,33,28.7
"Murray Jr., BJ",681230,2026,26,11,11,1,1,0,0,0,4,0,36.4,0,.091,.091,.091,0.182,0.000,.143,0,2,1,0,0,2,14,8,0,13,2,7,0,0,0,0,1,0,7,0,0,4,1,0,1,0,0,0,0,0,0,1,0,0,2,0,0,0,0,0,0,0,0,0,0,0,0,14,0,32,2,46,,0,0,0,0,.069,.136,.081,.086,.069,.067,.127,.136,.143,.108,.022,-0.045,-0.005,71.1,13.6,0,0,22.2,18.2,6.9,0,12.4,-1.4,54.5,39.4,86.5,27.4,14.3,0,0,0,0,71.4,28.6,0,42.9,96.1207125,92.640407143,69.2,22.2,30,0,100,0,6,43.5,20,100,4.3,4,28,14,46,77.8,4,18,56.5,26,50,23,16.7,52.2,28.6,42.9,28.6,7,45.5,28.6,2,57.1,4,0,0,14.3,1,
"Workman, Gage",669398,2026,26,41,41,7,1,4,0,2,17,0,41.5,0,.171,.415,.171,0.586,0.244,.227,8,22,17,0,0,11,44,15,0,36,2,18,1,0,0,0,0,3,24,4,0,5,9,3,0,0,0,0,2,0,0,2,0,0,26,0,0,0,0,0,0,0,0,3,0,0,0,45,0,105,26,150,,0,0,0,0,.222,.489,.245,.299,.222,.267,.418,.510,.292,.380,-0.051,-0.074,-0.054,70.7,11,14.5,9.8,36.4,24.4,6.9,0,13.2,0.8,40.2,42.1,94.1,11.6,50,5,20.8,8.3,16.7,20.8,33.3,0,45.8,101.80005,95.924588333,80,19.6,42.5,55.9,44.1,19,34,53.3,80,84.6,8.7,35,71,44,150,80.4,11,56,46.7,70,32,48,33.3,60,33.3,29.2,37.5,24,63.4,37.5,9,33.3,8,29.2,7,0,0,28.5
"Kjerstad, Heston",677008,2026,27,19,19,4,3,1,0,0,9,0,47.4,0,.211,.263,.211,0.474,0.052,.400,2,8,5,0,0,6,16,11,0,11,5,11,0,0,0,0,1,0,10,3,0,2,3,1,0,0,0,0,2,0,0,0,0,0,11,0,0,0,0,0,0,0,0,1,0,0,0,17,0,48,11,65,,0,0,0,0,.217,.249,.207,.205,.217,.032,.393,.390,.400,.412,-0.006,.014,.002,70.9,6.3,5.6,3.1,22.2,12.5,7,0,14.2,-0.5,42.4,36.8,82.5,13,40,0,0,0,40,30,30,0,20,89.18833,89.615202,71.9,21.7,42.4,78.6,21.4,11,14,50.8,33,50,6.2,9,36,20,65,78.3,5,23,49.2,32,32.3,21,43.2,56.9,30,40,30,10,78.9,40,4,20,2,40,4,0,0,27.8
"Díaz, Elias",553869,2026,35,218,237,51,30,13,0,8,58,9,24.5,3.8,.234,.404,.266,0.670,0.170,.276,35,96,88,0,0,51,281,124,0,201,11,87,2,0,2,2,13,13,168,25,0,32,48,15,20,0,1,0,11,0,0,10,4,4,124,0,0,0,0,0,0,0,0,21,0,0,0,299,8,639,124,938,,0,2,0,0,.216,.357,.287,.269,.252,.141,.363,.338,.311,.296,.018,.047,.018,75.1,50.8,15,11.1,24,17.7,7,16,8.5,-5.9,55.6,29.1,88.5,15.9,32.1,16,9.6,7.7,19,29.8,25,8.3,40.5,100.965078272,94.585337346,72.9,18.9,37.8,45.1,54.9,82,182,51.3,481,76.9,8.3,83,546,306,938,81.1,63,333,48.7,457,43.8,411,28.2,54.9,38.1,31,31,168,61.4,36.3,61,26.8,45,25,42,11.9,20,24.4
"Schneider, Davis",676914,2026,27,124,156,18,7,6,0,5,51,29,32.7,18.6,.145,.315,.310,0.625,0.170,.188,16,55,39,0,1,30,278,142,0,108,12,69,1,0,1,1,4,7,75,7,0,24,21,4,8,0,0,0,22,6,0,2,1,1,70,0,0,0,0,0,0,0,0,21,1,0,0,294,2,413,70,707,,0,1,0,0,.155,.286,.290,.287,.319,.131,.325,.318,.243,.263,-0.010,.029,.003,70.8,10.9,13.5,9.1,30.8,20.9,7,5,17.6,-4.7,46.9,32.5,87.5,26.3,25.3,8,10.8,4,18.7,44,10.7,10.7,42.7,100.150108108,94.716781644,58.1,23.3,20.8,55.1,44.9,43,78,53,375,69.6,7.9,57,418,224,707,76.7,45,193,47,332,42.4,300,32.5,38.3,44,33.3,22.7,75,50.6,33.3,25,41.3,31,14.7,11,10.7,8,26.9
"Dunn, Blake",694362,2026,27,142,155,40,30,7,1,2,33,10,21.3,6.5,.282,.387,.335,0.722,0.105,.352,7,71,55,3,6,37,177,104,0,84,7,38,2,0,0,2,20,4,110,16,0,20,31,11,7,0,0,1,2,3,0,2,0,1,44,3,0,0,0,0,0,0,0,20,4,2,0,188,1,361,44,549,,0,1,2,0,.242,.319,.320,.280,.304,.077,.375,.320,.364,.319,.040,.068,.040,71.8,21.2,11.8,9.7,36,29.5,6.2,16,3.9,-0.7,38.4,33.3,89.2,14.6,34.5,3,2.9,3.6,24.5,26.4,27.3,10.9,30.3,99.240218776,93.85786433,64.2,12.8,28.7,48.1,51.9,37,77,49,268,70.2,8.6,52,316,171,549,87.2,23,179,51,279,40.8,223,23.3,46.8,24.5,49.1,26.4,110,64.5,46.4,51,21.8,24,25.5,28,6.4,7,29.6
"Cronenworth, Jake",630105,2026,32,377,425,85,64,13,1,7,97,38,22.8,8.9,.225,.321,.308,0.629,0.096,.286,41,164,121,2,9,100,604,311,0,333,18,109,3,0,0,7,38,14,283,33,0,49,99,27,23,0,0,0,5,0,0,2,3,0,141,2,0,0,0,0,0,0,0,46,9,0,0,634,3,1110,141,1744,,0,2,1,0,.213,.308,.287,.275,.297,.094,.319,.302,.304,.287,.012,.013,.012,71.4,18.4,9.6,7.7,29.7,23.6,7.2,12,8.1,-2,41.1,30.1,87.2,11.4,30.7,11,3.9,3.9,24.4,26.1,35.3,6.4,29.7,97.164133824,92.599836434,63.7,10.4,29,43.7,56.3,114,261,51.6,900,70,6.3,260,1044,440,1744,89.6,56,538,48.4,844,43.1,751,21.3,45.8,30.4,41,28.6,283,62.1,48.4,137,22.3,63,21.2,60,8.1,23,28.1
"Smith, Josh",669701,2026,28,212,243,43,31,5,1,6,56,25,23,10.3,.203,.321,.290,0.611,0.118,.243,15,85,68,1,4,40,310,178,0,188,12,80,4,0,0,2,15,10,160,18,0,41,50,16,10,0,1,0,16,4,0,2,2,2,91,1,0,0,1,0,0,0,0,23,4,0,0,337,4,638,91,975,,0,2,0,0,.204,.320,.275,.276,.291,.116,.302,.301,.272,.273,-0.001,.001,-0.001,68.7,2.7,8.1,6.4,29.7,23.3,7,12,12.7,-6.9,43.8,35,85.9,16,32.5,10,6.3,5.6,17.5,33.8,28.7,7.5,30,96.888717922,92.448959545,61.3,11.8,34.1,45.1,54.9,78,173,52,507,72.5,5.2,163,521,289,975,88.2,34,287,48,468,43.4,423,24.3,47.2,35,35,30,160,61.6,40.6,65,31.9,51,21.3,34,6.3,10,27.9
"Cabrera, Oswaldo",665828,2026,27,22,25,4,2,2,0,0,9,1,36,4,.182,.273,.217,0.490,0.091,.308,0,10,6,0,1,5,28,13,0,23,1,7,0,0,0,0,2,0,15,2,0,1,9,1,0,0,0,0,0,0,0,0,2,0,9,0,0,0,0,0,0,0,0,2,0,1,0,29,2,66,9,95,,0,0,0,0,.164,.207,.217,.183,.200,.043,.331,.270,.308,.277,.018,.066,.034,68.5,0,0,0,24.2,18.6,7.4,1,8.7,1.9,47.7,32,85.9,-2.3,20,0,0,6.7,20,6.7,46.7,20,33.3,96.55533,92.650823846,79.6,20.5,30.4,35.7,64.3,5,14,48.4,46,88.9,9.5,10,52,33,95,79.5,8,39,51.6,49,35.8,34,24.5,55.8,40,20,40,15,72,73.3,11,6.7,1,20,3,0,0,27.1
"Tellez, Rowdy",642133,2026,31,10,11,2,1,0,0,1,3,1,27.3,9.1,.200,.500,.273,0.773,0.300,.167,4,8,5,0,0,5,15,12,0,9,0,7,0,0,0,0,1,1,7,0,0,3,0,2,0,0,0,0,0,0,0,1,0,0,7,0,0,0,0,0,0,0,0,2,0,0,0,17,0,35,7,52,,0,0,0,0,.339,.828,.331,.506,.399,.489,.420,.696,.286,.484,-0.139,-0.328,-0.175,76.6,55,21.4,15,21.4,15,8.1,0,11.7,-12,65,31.4,91.8,26.9,57.1,2,28.6,0,42.9,28.6,0,0,42.9,100.8358675,95.334781429,60,20,29.6,50,50,4,8,51.9,27,66.7,5.8,8,30,14,52,80,3,15,48.1,25,53.8,28,30.4,44.2,14.3,42.9,42.9,7,54.5,14.3,1,57.1,4,28.6,2,0,0,
"Goldschmidt, Paul",502671,2026,38,345,380,87,55,13,1,18,86,29,22.6,7.6,.252,.452,.313,0.765,0.200,.283,52,124,156,0,1,71,470,274,0,270,16,105,6,0,1,3,25,25,262,36,1,52,88,17,17,0,2,0,3,0,0,14,0,3,169,0,0,0,0,0,0,0,0,44,0,1,0,499,3,997,169,1496,,0,1,0,0,.238,.414,.330,.311,.298,.176,.396,.367,.332,.314,.014,.038,.019,71.3,14.3,13,9.8,32,24,7.5,6,11.6,3.1,49.5,32.6,86.8,14.6,35.1,26,9.9,5.3,24,23.3,31.3,6.1,35.9,98.632345115,93.426887557,65.5,23,32.2,32.7,67.3,81,248,51.5,769,78.9,7.3,218,777,496,1496,77,109,474,48.5,724,44.1,658,26.4,48.3,32.4,37.8,29.8,262,66.4,43.1,113,29.4,77,20.6,54,6.9,18,25.5
"Goodman, Hunter",696100,2026,26,518,574,127,64,20,2,41,175,46,30.5,8,.245,.529,.310,0.839,0.284,.280,88,250,274,5,5,141,675,248,0,430,28,138,10,0,1,5,32,47,348,48,0,74,88,27,31,0,4,0,3,0,1,39,0,5,351,4,0,1,1,0,0,0,0,84,5,0,0,733,5,1427,351,2160,,0,4,0,0,.228,.456,.355,.321,.291,.227,.487,.432,.365,.341,.017,.073,.034,75,48.9,16,10.8,26.9,18.1,7.3,19,14,-6.4,66.6,24.4,89.8,18.6,32.2,50,14.5,5.5,21,31,22.1,5.5,44.3,102.186271792,95.364146098,73.7,22.1,40.4,50.1,49.9,251,501,57.4,1240,78.4,6.4,289,1113,753,2160,77.9,150,678,42.6,920,38.9,841,34,54.6,48,31.6,20.4,348,65,34.5,120,34.8,121,21.8,76,8.9,31,27.3
"Piper, Kenny",700652,2026,27,9,11,2,1,0,0,1,3,2,27.3,18.2,.222,.556,.364,0.920,0.334,.200,2,3,5,0,1,2,17,6,0,11,1,14,0,0,0,0,1,1,6,0,0,2,1,0,1,0,0,0,1,6,0,0,0,0,7,0,0,0,0,0,0,0,0,4,1,0,0,18,0,31,7,49,,0,0,0,0,.125,.332,.394,.282,.284,.207,.490,.285,.333,.188,.097,.224,.112,73.5,27.3,14.3,9.1,21.4,13.6,7.8,0,18.5,-4.5,63.6,34,89.8,35.9,16.7,1,16.7,0,0,50,33.3,0,33.3,99.601486667,93.922633333,78.6,27.3,14.3,66.7,33.3,2,3,42.9,21,100,6.1,7,28,14,49,72.7,6,22,57.1,28,49,24,32,51,33.3,33.3,33.3,6,63.6,33.3,2,50,3,0,0,16.7,1,26.5
"Marte, Ketel",606466,2026,32,562,624,140,84,31,3,22,86,51,13.8,8.2,.249,.432,.316,0.748,0.183,.257,76,187,243,0,4,111,763,354,0,400,18,141,6,0,3,6,44,29,481,66,1,105,155,44,34,0,5,0,4,0,0,25,0,5,186,0,0,0,0,0,0,0,0,78,3,1,0,812,5,1451,186,2263,,0,1,3,0,.280,.461,.323,.349,.340,.182,.340,.373,.291,.329,-0.031,-0.029,-0.026,74.8,46.8,18.5,15.1,33.3,27.2,7.7,12,9.1,-8.3,58.8,31.5,90.2,13.8,31.8,45,9.4,4.6,23.7,28.7,28.7,4.4,43,101.876199664,95.156620819,67.7,11,31.5,36.1,63.9,137,379,53.2,1203,86.5,6.2,594,1064,605,2263,89,79,718,46.8,1060,42.6,964,19.7,48.5,48.9,33.1,18.1,481,59.7,41.4,199,27.9,134,23.3,112,7.5,36,26.8
"Abreu, Wilyer",677800,2026,27,597,681,148,82,38,4,24,141,71,20.7,10.4,.248,.446,.327,0.773,0.198,.282,76,278,266,4,8,141,951,431,2,516,39,157,9,0,2,3,41,52,465,55,0,114,113,48,40,0,3,0,0,0,0,4,1,7,268,4,0,0,1,0,2,0,0,81,8,0,0,1011,8,1734,268,2745,,2,2,1,2,.253,.468,.335,.346,.331,.216,.381,.398,.320,.329,-0.005,-0.022,-0.011,73.8,36.3,15.4,11.9,31.5,24.3,7.2,15,8,0.8,51,33,89.8,18.9,36.2,58,12.5,6.7,21.6,32.5,22.6,3.9,43.5,100.851443463,94.713825411,67.8,17.5,29.9,38.6,61.4,170,440,53.6,1472,71.8,7.4,401,1677,662,2745,82.4,151,863,46.4,1273,41.5,1140,24.6,47.5,35.8,35.6,28.7,464,58.1,33.2,154,35.8,166,22.4,104,8.6,40,28.0
"White, Eli",642201,2026,32,191,204,47,31,9,1,6,45,11,22.1,5.4,.246,.398,.289,0.687,0.152,.291,29,89,76,1,5,50,247,114,0,161,9,96,2,0,0,1,16,9,147,21,1,27,60,8,5,0,0,0,25,8,0,5,0,1,95,1,0,0,0,0,1,0,0,27,5,0,0,268,1,534,95,802,,1,5,0,0,.229,.333,.300,.269,.274,.104,.359,.317,.320,.299,.017,.065,.031,73.1,29.5,10.5,7.9,24.2,18.2,7.3,7,9.1,-0.2,53.4,34,85.6,8.6,31.3,9,6.2,4.1,19.7,22.4,40.8,6.1,29.3,97.362570986,92.709488239,73,17.8,32.7,44.8,55.2,60,134,51.1,410,77.8,7.9,121,445,233,802,82.2,51,286,48.9,392,45.8,367,26.4,52.4,36.7,37.4,25.9,147,63.7,51.7,76,24.5,36,19.7,29,4.1,6,30.3
"Escarra, J.C.",641555,2026,31,85,92,16,10,5,1,0,18,6,19.6,6.5,.188,.271,.239,0.510,0.083,.235,7,46,23,0,0,25,120,61,0,47,2,32,1,0,0,0,7,0,68,9,0,17,26,5,4,0,0,0,4,0,0,0,0,1,42,0,0,0,1,0,0,0,0,8,0,0,0,131,1,221,42,352,,0,2,0,0,.206,.308,.228,.257,.264,.103,.247,.287,.235,.269,-0.018,-0.037,-0.029,69.6,3.6,12.4,8.6,45.4,31.4,7.4,1,10,-7.1,59.2,28.3,89.1,10.6,29.4,3,4.5,10.3,20.6,25,33.8,4.4,33.8,98.718896364,93.559476212,67.6,15.7,24.7,60,40,27,45,51.7,182,73.1,7.4,41,185,121,352,84.3,18,115,48.3,170,41.5,146,28.1,45.5,32.4,50,17.6,68,56.5,48.5,33,25,17,20.6,14,5.9,4,26.2
"Fermín, José",665877,2026,27,327,370,81,58,17,0,6,50,30,13.5,8.1,.248,.355,.309,0.664,0.107,.270,41,136,116,0,8,81,534,351,2,237,17,118,9,0,1,2,23,10,286,48,0,57,90,22,32,0,0,0,4,2,0,2,2,7,67,0,0,0,1,0,1,0,0,33,7,1,0,577,9,963,67,1540,,1,4,0,2,.248,.336,.294,.291,.313,.088,.301,.296,.285,.290,.000,.019,.003,68,2.2,8.1,7.1,39.3,34.6,7.4,9,7.5,-5.3,63.1,30.6,86.1,16.5,34.6,6,2.1,5.9,26.6,30.4,28.3,6.6,31.5,96.327228662,92.213290528,56.6,9.9,22.1,24.6,75.4,41,167,49,754,66.4,7.1,163,891,486,1540,90.1,44,445,51,786,43,662,13.9,39.7,48.3,33.2,18.5,286,61.4,39.5,113,23.4,67,25.9,74,11.2,32,27.1
"Collins, Isaac",686555,2026,28,442,519,94,61,24,3,6,120,64,23.1,12.3,.213,.321,.320,0.641,0.108,.276,40,213,142,5,8,128,775,408,0,318,21,145,8,0,2,7,28,15,328,49,2,69,107,24,32,0,0,0,0,1,0,2,3,3,148,5,0,0,0,0,1,0,0,47,8,0,0,830,6,1246,148,2076,,1,2,0,0,.220,.308,.293,.295,.328,.088,.313,.315,.289,.303,-0.007,.013,-0.002,73.5,33,14.7,11.8,30.7,24.7,6.8,30,3.6,-4.7,35,28.4,88.1,16.1,29.6,17,5.2,4.3,24.4,30.8,29.9,5.5,39.3,99.734642671,93.971010248,59,11.9,22,48.1,51.9,111,231,50.5,1048,73.1,8.4,350,1299,426,2076,88.1,72,607,49.5,1028,43.2,896,21.8,40.4,38.7,32.3,29,328,58.4,41.2,135,25.6,84,22.9,75,10.4,34,27.6
"Rengifo, Luis",650859,2026,29,312,354,75,59,12,0,4,49,34,13.8,9.6,.240,.317,.319,0.636,0.077,.272,36,167,99,4,6,103,468,201,0,263,16,95,4,0,1,3,34,5,268,35,1,42,111,28,11,0,1,0,4,1,0,8,3,2,112,4,0,0,1,0,1,0,0,38,6,0,0,497,5,869,112,1366,,1,1,0,0,.253,.345,.289,.304,.330,.091,.286,.306,.283,.300,-0.013,-0.028,-0.015,71.4,17,10.8,8.8,34.9,28.3,7.2,3,7.5,1.2,46.6,33.9,87.7,6,28.4,11,4.1,3.7,25.4,20.1,39.6,6.7,34.3,97.721405038,92.981872644,70.5,13.3,30.6,33.2,66.8,75,226,54.1,739,76.2,7.4,206,778,369,1366,86.7,59,442,45.9,627,42,574,20.1,48.9,38.8,35.1,26.1,268,59.3,54.1,145,17.5,47,23.9,64,4.5,12,27.1
"Marchán, Rafael",665561,2026,27,91,95,9,7,0,0,2,15,2,15.8,2.1,.099,.165,.137,0.302,0.066,.095,6,52,15,0,0,22,106,68,0,78,2,34,2,0,0,2,4,2,76,3,0,18,21,12,16,0,0,0,1,0,0,0,0,0,23,0,0,0,0,0,0,0,0,5,0,0,0,116,0,254,23,370,,0,2,0,0,.176,.241,.139,.202,.211,.066,.136,.215,.118,.211,-0.077,-0.076,-0.063,66.1,0,2.9,2.5,34.1,28.8,7.5,3,12.6,-5.5,51.5,34.9,82.9,25,31.6,2,2.6,2.6,18.4,46.1,22.4,7.9,18.4,92.974626842,90.646107467,66.3,8.7,33.3,31.7,68.3,19,60,48.6,180,72.4,7.8,56,215,99,370,91.3,11,126,51.4,190,43.8,162,16.1,50.3,43.4,35.5,21.1,76,61.1,32.9,25,26.3,20,19.7,15,21.1,16,26.2
"Bichette, Bo",666182,2026,28,638,696,166,121,25,2,18,127,49,18.2,7,.260,.390,.312,0.702,0.130,.296,78,245,249,2,2,133,758,405,0,596,34,160,19,0,0,2,59,26,518,81,0,97,183,57,13,0,0,0,2,0,0,6,0,7,222,2,0,0,1,0,2,0,0,76,2,0,0,815,7,1789,222,2604,,2,1,0,0,.280,.423,.309,.330,.331,.142,.346,.375,.320,.347,-0.020,-0.033,-0.021,69.8,14.5,13.6,11,32.4,26.4,7.2,10,2.6,2.7,29,38,89.5,7.8,37.3,33,6.4,5.8,29.9,20.8,32.8,4.1,41.7,100.748372471,94.697541238,67.6,10.1,40.9,32.6,67.4,188,576,54.1,1409,72.6,6.9,291,1521,785,2604,89.9,82,808,45.9,1195,41.5,1081,19.5,53.1,26.3,36.5,37.3,518,64.2,46.7,242,23.7,123,27,140,2.5,13,26.1
"Mullins, Cedric",656775,2026,31,439,502,90,62,10,3,15,97,43,19.3,8.6,.205,.344,.284,0.628,0.139,.227,48,212,151,10,21,117,682,267,3,391,22,137,3,0,0,7,36,18,354,35,1,94,80,30,58,0,0,0,10,5,1,1,6,4,181,9,1,0,1,0,2,1,1,56,20,0,1,721,10,1247,181,1968,,4,1,0,3,.192,.311,.281,.264,.274,.119,.299,.274,.260,.244,.013,.033,.017,71,9.3,10.2,8,32.1,25.2,7.4,11,11.8,-5,63.7,29.9,88.1,25.2,24.4,15,4.3,6.5,17.9,42,20.7,8.2,33.1,97.797109518,93.028805106,71.7,16.8,31.2,32.1,67.3,106,330,54.1,1059,77.7,7.1,220,1219,510,1968,83.2,108,644,45.9,898,42.2,825,22.1,49.8,45.7,31.5,22.7,352,58,33.2,117,31.8,112,18.5,65,16.8,59,27.9
"Young, Jacob",696285,2026,26,421,471,106,71,22,3,10,78,33,16.6,7,.252,.390,.318,0.708,0.138,.286,50,181,164,4,18,98,550,375,1,244,11,140,6,0,1,9,32,23,350,51,0,75,106,42,19,0,0,0,25,3,0,0,4,3,140,4,0,0,1,0,3,0,0,57,14,4,0,603,7,1138,140,1741,,3,5,0,1,.257,.383,.313,.313,.324,.126,.336,.337,.306,.315,-0.005,.007,.000,69.6,2.6,13.2,10.6,40.7,32.6,7.2,13,12.2,0.2,61.6,30.5,87.7,12.2,36.3,20,5.7,4.3,24.9,30,30.3,4.6,31.4,97.660091228,92.883830587,60.4,12.3,27.5,39.4,60.6,95,241,50.4,877,65.9,7.2,188,1018,531,1741,87.7,64,522,49.6,864,43.2,752,20.8,43.8,37.4,36.6,26,350,65.6,39.4,138,28,98,27.1,95,5.4,19,29.1
"Mitchell, Garrett",669003,2026,27,461,531,121,76,30,4,11,167,60,31.5,11.3,.262,.416,.354,0.770,0.154,.387,65,208,192,10,14,125,789,364,0,302,30,145,4,0,1,6,54,17,298,50,0,29,113,27,7,0,3,0,18,3,0,3,3,1,298,9,1,0,0,0,2,0,0,74,14,0,0,836,4,1302,298,2138,,2,1,1,0,.268,.447,.340,.353,.356,.179,.456,.478,.410,.420,-0.006,-0.031,-0.013,77.6,80.6,23.2,15.5,31.8,21.1,7.3,24,8.7,6.2,57.2,30.5,93.2,2.2,31.5,35,11.7,7,26.8,9.7,40.9,3.7,52.7,104.76725527,97.131320712,66.2,25.4,22.7,64.4,35.6,161,250,51.4,1099,76.5,7.2,353,1200,577,2138,74.6,175,688,48.6,1039,44,940,35.8,43.9,32.6,39.6,27.9,298,59.1,56,167,15.4,46,26.2,78,2.3,7,29.8
"Piñango, Yohendrick",682818,2026,24,169,180,44,31,8,0,5,44,11,24.4,6.1,.260,.396,.306,0.702,0.136,.325,20,76,67,0,0,44,217,111,0,139,13,58,6,0,0,0,15,5,125,24,0,22,38,14,7,0,0,0,15,1,0,1,0,0,73,0,0,0,1,0,1,0,0,12,0,0,0,232,0,466,73,698,,1,0,0,0,.262,.398,.309,.309,.308,.136,.383,.383,.352,.355,-0.002,-0.002,.000,75.6,57.4,17.4,13.2,27.4,20.8,7.1,5,0.9,-1.8,29.7,29.7,90.9,9.6,35.2,10,8,7.2,23.2,24.8,35.2,1.6,45.6,101.811230635,95.30729608,67.1,20,35.2,36,64,45,125,50.9,355,76.8,8,131,385,182,698,80,46,230,49.1,343,41.8,292,25.6,50.9,28.8,43.2,28,125,61.7,42.4,53,21.6,27,30.4,38,5.6,7,27.2
"Devers, Rafael",646240,2026,29,558,633,144,70,36,1,37,161,69,25.4,10.9,.258,.525,.340,0.865,0.267,.294,98,247,293,0,0,135,913,411,0,469,29,148,13,0,4,2,39,58,401,47,0,83,124,26,24,0,7,0,1,0,0,48,0,4,317,0,0,0,0,0,0,0,0,88,0,0,0,954,4,1636,317,2590,,0,1,1,0,.238,.473,.367,.342,.316,.235,.462,.422,.359,.333,.020,.052,.025,71.9,21.2,19.3,13.8,35.7,25.6,7.5,13,9.8,4.9,58.4,30.7,93,15,30.7,50,12.5,10.2,19.5,26.9,27.7,3,51.6,103.03671575,96.43028802,66.4,25.1,30,36.8,63.2,150,408,52.5,1360,68.8,7.7,320,1636,627,2590,74.9,205,817,47.5,1230,39.5,1023,29,47.3,34.2,41.6,24.2,401,58.7,40.6,163,35.2,141,18.2,73,6,24,26.1
"Wiemer, Joey",686894,2026,27,70,83,20,11,5,1,3,29,12,34.9,14.5,.286,.514,.398,0.912,0.228,.447,12,34,36,0,1,19,117,72,0,51,2,32,2,0,0,1,9,4,41,7,0,3,13,2,3,0,0,0,4,5,0,3,0,0,35,0,0,0,0,0,0,0,0,16,1,0,0,128,0,207,35,335,,0,0,0,0,.217,.349,.397,.315,.341,.131,.582,.417,.488,.375,.069,.165,.082,71.3,34.5,16.9,12.1,27.7,19.8,7.2,11,5.3,3.1,42,23.8,88.8,2.2,29.3,4,10,2.4,26.8,14.6,36.6,7.3,39,100.456284,94.588400513,57.7,18.6,26.3,55.1,44.9,27,49,55.5,186,71.4,6.3,51,178,106,335,81.4,16,86,44.5,149,40.9,137,31.9,40.3,36.6,31.7,31.7,41,60.2,53.7,22,17.1,7,22,9,7.3,3,28.9
"McAdoo, Charles",807727,2026,24,97,106,25,18,4,0,3,25,7,23.6,6.6,.258,.392,.302,0.694,0.134,.310,14,50,38,0,2,32,129,64,0,79,3,36,3,0,0,0,10,4,74,11,0,15,19,7,7,0,0,0,9,2,0,0,0,2,38,0,0,0,0,0,0,0,0,12,2,0,0,138,2,259,38,397,,0,2,0,0,.245,.367,.303,.289,.291,.123,.368,.348,.338,.322,.013,.025,.014,73.7,36.5,8.5,6.6,24.8,19.2,7.2,0,6,0.9,40.7,31.8,85.5,15,29.7,4,5.4,2.7,28.4,27,31.1,5.4,25.7,96.549836216,92.274918108,67,17.2,32.5,29.9,70.1,20,67,51.9,206,82.1,7.1,62,249,82,397,82.8,22,128,48.1,191,40.1,159,21.5,49.1,24.3,41.9,33.8,74,56.6,39.2,29,25.7,19,25.7,19,9.5,7,28.9
"Johnson, Bryce",669369,2026,30,45,49,8,6,2,0,0,18,3,36.7,6.1,.178,.222,.229,0.451,0.044,.296,2,17,10,1,5,10,56,37,0,32,2,32,1,0,0,0,3,4,28,1,0,4,12,0,4,0,0,0,4,11,0,5,1,0,26,1,0,0,0,0,0,0,0,5,5,0,0,58,1,130,26,188,,0,0,0,0,.147,.166,.207,.172,.200,.019,.291,.229,.296,.244,.031,.056,.035,67.6,2.8,0,0,16.3,11.1,7.5,2,10.8,-0.1,35.9,38.9,79.1,18.7,21.4,0,0,0,14.3,28.6,42.9,14.3,7.1,88.992205385,89.585648,59.8,23.6,39.6,44.7,55.3,17,38,51.1,96,58.3,6.4,32,104,52,188,76.4,13,55,48.9,92,46.3,87,32.3,49.5,28.6,35.7,35.7,28,75.5,53.6,15,28.6,8,3.6,1,14.3,4,28.2
"Quero, Edgar",700337,2026,23,187,217,38,34,1,0,3,43,18,19.8,8.3,.203,.257,.284,0.541,0.054,.240,19,95,48,0,1,46,291,108,0,171,15,69,5,0,1,5,18,5,151,15,0,35,60,10,6,0,0,0,3,0,0,5,2,5,70,0,0,0,0,0,0,0,0,14,1,0,0,315,7,521,70,836,,0,0,2,0,.222,.315,.251,.282,.305,.093,.253,.298,.255,.286,-0.019,-0.058,-0.031,68.9,3.9,12.7,10.2,37.1,29.8,6.9,0,4.8,5.7,50,28.7,90.7,9.8,26.5,4,2.7,6.6,27.2,23.2,36.4,2.6,39.1,99.170153425,94.034440205,75.3,15,25.7,38.4,61.6,43,112,52.2,436,81.7,8.5,135,534,162,836,85,45,301,47.8,400,40.9,342,21.3,49.4,33.1,44.4,22.5,151,54.8,51.7,78,26.5,40,17.9,27,4,6,24.3
"Acuña Jr., Ronald",660670,2026,28,408,469,104,65,18,1,20,103,53,22,11.3,.255,.451,.345,0.796,0.196,.292,55,144,184,8,21,81,696,214,0,346,29,107,7,0,1,5,32,28,308,44,0,58,95,26,24,0,2,0,2,0,0,14,0,3,227,7,1,0,1,0,4,1,0,61,15,6,0,730,3,1135,227,1865,,5,2,0,0,.261,.495,.348,.366,.349,.235,.400,.428,.338,.348,-0.006,-0.044,-0.018,75.7,58.6,16.8,12.5,27.5,20.4,7.6,32,11.1,4.3,54.5,36.9,89.6,15.7,34.7,40,13,9.1,20.8,24,28.2,4.9,43.5,102.06326039,95.280739838,75.6,22.3,28.6,43,57,128,298,55.8,1041,82.4,7,222,1160,483,1865,77.7,139,623,44.2,824,39.9,744,29,49.4,37,33.1,29.9,308,62.5,41.2,127,27.9,86,23.1,71,7.8,24,27.2
"Naylor, Josh",647304,2026,29,597,650,156,123,23,0,10,79,45,12.2,6.9,.261,.350,.317,0.667,0.089,.286,57,280,209,9,30,146,682,290,1,405,11,152,18,0,3,5,49,27,520,78,2,82,187,49,45,0,3,0,0,0,0,0,0,2,167,7,2,0,2,0,3,0,0,58,25,5,0,744,2,1407,167,2151,,3,4,2,1,.269,.381,.297,.310,.322,.112,.306,.322,.300,.310,-0.008,-0.031,-0.013,70.1,8.9,12.3,10.5,37.7,32.1,7.5,18,7.1,-6.3,44.1,29.5,87,10.8,35.4,23,4.4,5,27.5,21.9,34.8,5.8,35.6,98.36910393,93.264796654,69.4,9.7,37.8,27.6,72.4,124,450,55.3,1189,80.1,7,328,1142,677,2151,90.3,65,667,44.7,961,42,903,16.9,51.9,40.6,34.8,24.6,520,61.1,45.4,236,21,109,24.6,128,9,47,24.3
"Jiménez, Leo",677870,2026,25,166,194,33,27,4,0,2,38,18,19.6,9.3,.199,.259,.306,0.565,0.060,.244,14,78,43,0,1,34,267,151,0,118,8,66,7,0,0,8,13,4,130,16,0,22,58,15,2,0,0,0,10,1,0,9,1,1,70,0,0,0,0,0,0,0,0,18,1,0,0,295,2,480,70,775,,0,0,0,0,.242,.336,.267,.314,.346,.095,.257,.328,.256,.315,-0.043,-0.077,-0.047,71.9,16.3,14.8,11.5,36.3,28.1,7.3,8,6.4,-1,44.9,30.1,90,5.5,30.8,5,3.9,5.4,25.4,18.5,43.8,2.3,40,99.614902188,94.040225547,62.1,15.1,26.2,42.3,57.7,47,111,54.7,424,59.2,6.3,111,434,225,775,84.9,33,218,45.3,351,43.1,334,24.3,42.5,34.6,42.3,23.1,130,56.7,54.6,71,20,26,23.8,31,1.5,2,28.0
"Rave, John",670231,2026,28,142,161,33,18,8,1,6,38,17,23.6,10.6,.232,.430,.314,0.744,0.198,.276,13,66,61,1,8,34,239,125,0,93,8,52,2,0,0,0,10,10,106,12,1,17,38,8,10,0,0,0,7,2,0,1,2,0,53,1,0,0,0,0,0,0,0,26,5,3,0,245,2,393,53,638,,0,1,0,0,.237,.391,.326,.315,.319,.154,.385,.368,.317,.325,-0.005,.039,.011,73.8,36.6,17.7,13.7,31.4,24.2,7.2,2,10.3,-3.5,65.7,26.1,87.9,14.2,31.1,11,10.5,4.7,21.7,21.7,28.3,11.3,34.9,99.59267898,93.981784227,57.6,16.9,27.4,38.9,61.1,35,90,51.6,329,75,7.5,82,361,195,638,83.1,30,178,48.4,309,43.4,277,24.3,42,44.3,35.8,19.8,106,54,45.3,48,25.5,27,18.9,20,10.4,11,28.8
"Duran, Jarren",680776,2026,29,551,608,114,74,15,5,20,165,41,27.1,6.7,.207,.361,.266,0.627,0.154,.252,69,235,199,4,21,135,718,320,0,358,35,151,5,0,0,6,37,29,396,46,2,61,144,36,39,0,3,0,9,0,0,8,3,7,318,4,0,0,2,0,3,0,0,66,21,0,0,778,10,1461,318,2239,,3,3,1,0,.237,.388,.274,.301,.293,.152,.340,.383,.290,.338,-0.030,-0.027,-0.027,75,50.9,16.7,11.5,29,20,7.6,30,5.8,-2,42.9,28.1,89.6,12.5,31.6,36,9.1,5.6,21.2,25.3,33.3,4.8,39.9,101.406714352,94.830670364,69,19.4,34.4,59.3,40.7,239,403,52.3,1170,71.1,6,400,1214,623,2239,80.6,143,738,47.7,1069,41.2,923,33.5,51,38.9,38.1,23,396,60.8,45.7,181,22.7,90,21.2,84,10.4,41,29.0
"Lowe, Josh",666139,2026,28,311,343,65,42,11,0,12,105,25,30.6,7.3,.209,.360,.273,0.633,0.151,.270,29,132,112,1,10,59,460,162,0,328,22,114,0,0,0,3,18,19,210,28,0,52,55,20,17,0,1,0,25,2,0,0,2,2,229,1,0,0,0,0,0,0,0,32,8,2,0,483,4,978,229,1461,,0,1,0,0,.209,.372,.279,.284,.272,.163,.365,.373,.313,.315,.000,-0.012,-0.005,73.6,35.5,10,6.7,24.3,16.3,7.5,10,11.6,-1.8,45,37.8,88.8,18.8,32.9,19,9,6.7,23.8,30,25.7,4.8,37.1,99.069517767,93.808854293,77.7,28,36,40.6,59.8,112,276,52.4,766,83.8,7.2,251,846,364,1461,72,151,540,47.6,695,40.8,596,32.2,55.9,34.3,40.5,25.2,210,65.5,34.8,73,33.8,71,23.3,49,8.1,17,28.1
"Nuñez, Nasim",683083,2026,25,431,493,90,80,6,3,1,99,49,20.1,9.9,.209,.244,.291,0.535,0.035,.267,37,204,105,10,49,106,668,339,0,366,20,147,8,0,0,2,41,7,343,41,1,57,141,36,17,0,0,1,21,8,0,1,9,2,168,5,4,1,1,0,2,1,1,55,40,9,0,703,11,1268,168,1971,,4,6,0,0,.221,.274,.251,.268,.304,.053,.256,.281,.269,.288,-0.012,-0.030,-0.017,68.3,3.3,6.4,5.2,29.9,24,6.8,24,5.1,6.1,42.2,31.8,85.2,8.3,28.9,3,0.9,2.9,21.9,24.5,39.4,8.7,22.2,95.081777107,91.558154732,68.2,14.8,25.9,39.6,60.4,101,255,49.9,983,84.1,8,287,1231,443,1971,85.2,100,674,50.1,988,42.1,830,21.6,47.1,32.1,44.3,23.6,343,68.2,53.1,182,18.7,64,23,79,5.2,18,29.7
"Brito, Juan",682877,2026,24,106,115,26,17,6,0,3,26,7,22.6,6.1,.245,.387,.296,0.683,0.142,.295,14,45,41,0,1,24,141,74,0,95,6,33,4,0,0,1,6,7,81,12,1,10,29,5,10,0,0,0,1,1,0,0,0,1,57,0,0,0,0,0,0,0,0,13,1,0,0,154,1,317,57,471,,0,0,0,0,.237,.365,.300,.288,.289,.128,.356,.339,.321,.312,.008,.022,.012,69.7,4.6,11,8.3,28,21.1,7.5,3,13.2,-7.3,61.1,31.8,85.3,16.7,33.3,5,6.2,3.7,23.5,29.6,32.1,4.9,30.9,96.383502439,92.27398642,71.9,17.5,32.1,48.1,51.9,37,77,51,240,71.4,7.4,90,247,134,471,82.5,29,166,49,231,42.3,199,27.2,51.6,55.6,30.9,13.6,81,62.6,43.2,35,21,17,22.2,18,13.6,11,27.4
"Freeman, Tyler",671289,2026,27,255,288,63,53,6,1,3,34,11,11.8,3.8,.247,.314,.317,0.631,0.067,.275,23,117,80,4,6,66,319,149,0,213,6,79,15,0,1,15,25,5,228,33,0,41,93,20,11,0,0,0,6,1,0,10,7,0,54,4,0,0,0,0,2,0,0,29,6,0,0,357,7,667,54,1024,,2,2,0,0,.265,.353,.289,.309,.333,.088,.283,.309,.285,.306,-0.018,-0.039,-0.020,70.5,12.7,12.9,11.6,33.4,30,7,5,2.6,0.3,30.7,33.9,87.7,9.9,30.7,3,1.3,9.2,25.9,19.7,34.2,9.2,36,98.258503889,93.223297037,72,6.7,30.2,25.3,74.7,40,158,51.2,524,87,7.5,105,622,292,1024,93.3,24,360,48.8,500,40.6,416,12.4,50.6,33.8,35.5,30.7,228,62.5,51.8,118,20.2,46,23.2,53,4.8,11,27.7
"Koss, Christian",683766,2026,28,203,221,44,34,6,0,4,59,9,26.7,4.1,.217,.305,.257,0.562,0.088,.286,12,87,62,0,5,40,227,108,0,135,7,70,3,0,0,2,19,6,151,18,1,22,61,12,12,0,0,0,4,3,0,1,7,0,112,0,0,0,0,0,1,0,0,27,4,1,0,242,7,523,112,765,,1,2,0,0,.206,.278,.251,.235,.247,.073,.320,.296,.306,.291,.011,.027,.016,69.3,6.3,10,7.1,26.4,18.8,7.1,14,10.4,2.6,57.9,27,84.1,10.9,29.1,6,4,2.6,22.5,21.9,32.5,15.2,26.5,96.216977143,92.149313381,71.1,20.1,39.5,46,54,74,161,53.3,408,75.9,7.6,79,460,223,765,79.9,51,254,46.7,357,43.8,335,30.1,54.2,40.4,31.1,28.5,151,67.4,53,80,18.5,28,19.9,30,8.6,13,29.0
"Paredes, Isaac",670623,2026,27,562,659,147,94,27,1,25,88,71,13.4,10.8,.262,.447,.360,0.807,0.185,.268,94,276,251,0,0,157,1032,531,0,601,10,155,16,0,1,19,29,40,481,78,0,107,102,54,69,0,0,0,2,0,0,9,0,7,169,0,0,0,1,0,0,0,0,69,0,0,0,1127,7,1800,169,2927,,0,5,0,0,.245,.373,.355,.323,.346,.128,.355,.311,.306,.288,.017,.074,.032,67.2,6.6,7,5.9,32.3,27.6,7.8,10,14.9,-13,52.6,34.3,86,24.2,38.7,23,4.8,5.8,27,40.3,16.8,5,29.3,96.56219225,92.297062688,62,9.7,27,25,75,105,420,53.2,1558,68.8,6.9,379,1629,911,2927,90.3,82,849,46.8,1369,41.2,1207,14.7,43.4,49.3,27.2,23.5,481,54.3,27.2,131,30.6,147,27.9,134,14.3,69,25.1
"Rivas, Leo",660844,2026,28,124,148,19,15,3,1,0,42,16,28.4,10.8,.153,.194,.267,0.461,0.041,.226,11,62,24,0,2,28,241,149,0,93,4,51,3,0,0,4,6,2,86,11,0,24,28,6,9,0,0,0,7,4,0,2,2,2,48,0,0,0,0,0,1,0,0,11,2,0,0,258,4,390,48,648,,1,0,1,0,.171,.229,.225,.243,.282,.059,.223,.255,.226,.252,-0.018,-0.035,-0.018,65.6,0.5,3.1,2.5,36,28.4,7.1,8,15.9,-4.2,53.4,36,86.3,18.7,31.4,1,1.2,2.3,23.3,39.5,30.2,3.5,16.3,93.744880714,90.874897857,56.2,17.1,17.1,44.4,55.6,24,54,48.6,315,83,8.2,98,401,145,648,82.9,32,187,51.4,333,43.5,282,23.2,37.2,46.5,36,17.4,86,50.7,39.5,34,30.2,26,19.8,17,10.5,9,27.5
"Winn, Masyn",691026,2026,24,470,532,109,81,21,2,5,116,48,21.8,9,.232,.317,.308,0.625,0.085,.292,56,210,149,3,10,122,745,471,0,310,19,136,9,0,1,7,43,12,361,53,1,64,116,39,29,0,0,0,3,3,0,0,0,7,171,2,0,1,1,0,1,0,1,54,8,2,0,786,7,1352,171,2138,,2,4,1,0,.245,.329,.283,.297,.324,.084,.310,.331,.302,.327,-0.013,-0.012,-0.014,71.3,15.3,13.8,10.8,35.7,27.8,7.3,11,5.8,-0.5,42.8,28.4,88.3,11.5,33,12,3.3,5.3,29.9,26.6,31.9,2.8,34.9,98.548306592,93.333175698,58.4,15,24,44.9,55.1,115,256,50,1068,62.1,7.9,205,1268,663,2138,85,94,625,50,1070,41.3,882,23.7,41.2,29.9,40.4,29.6,361,58.6,44,159,21.1,76,26.6,96,8.3,30,28.5
"Mateo, Jorge",622761,2026,31,207,221,42,29,8,0,5,69,11,31.2,5,.203,.314,.245,0.559,0.111,.276,18,88,65,4,19,46,242,117,0,169,11,97,3,0,3,1,13,11,140,18,0,30,39,17,11,0,0,0,17,18,0,10,1,1,125,4,0,0,0,0,2,0,0,41,14,5,0,259,2,582,125,841,,2,0,1,0,.221,.358,.248,.272,.263,.137,.332,.369,.302,.330,-0.018,-0.044,-0.024,73.8,37.4,12.1,8.6,24.8,17.7,7.7,12,6.4,-7.6,45.7,28.6,87.3,14.5,40.7,11,7.9,2.9,24.3,30,27.9,7.1,35,98.713200145,93.40706562,69,19.6,44.2,47.8,52.2,98,205,55.2,464,70.9,6.5,137,443,255,841,80.4,51,260,44.8,377,41.4,348,32,55.3,35.7,42.1,22.1,140,64.7,37.1,52,29.3,41,25.7,36,7.9,11,30.2
"Vilade, Ryan",668723,2026,27,245,278,60,39,8,2,11,65,26,23.4,9.4,.245,.429,.321,0.750,0.184,.285,43,127,105,1,3,75,376,165,0,223,16,96,4,0,0,3,21,16,184,23,0,37,54,13,19,0,1,0,13,3,0,2,1,3,101,1,0,0,0,0,0,0,0,28,2,0,1,398,4,699,101,1097,,0,4,0,0,.252,.421,.327,.327,.326,.170,.385,.386,.328,.339,-0.007,.008,.000,76.5,65.5,15.4,11.8,23.5,18,7.5,5,4.3,-2.6,38.8,30.8,89.2,17,29.9,13,7.1,5.4,24.5,29.9,26.1,6,39.9,101.456915444,94.922178667,70.9,16.8,27.4,40.5,59.5,62,153,51.1,559,77.1,7.6,105,722,263,1097,83.2,64,380,48.9,536,41.6,456,23.6,48.7,35.3,42.9,21.7,184,59.6,40.8,75,28.8,53,20.1,37,10.3,19,28.5
"Jarvis, Jim",805347,2026,25,111,124,23,16,5,1,1,23,8,18.5,6.5,.207,.297,.267,0.564,0.090,.253,11,45,33,1,0,27,161,89,0,71,5,38,0,0,0,1,9,5,92,9,0,12,45,10,2,0,0,0,8,0,0,0,4,0,29,1,0,0,0,0,1,0,0,10,0,0,0,166,4,291,29,457,,1,2,0,0,.234,.304,.254,.268,.291,.070,.275,.294,.261,.295,-0.027,-0.007,-0.014,71,12.1,13.5,11,37.6,30.6,7.1,3,4.2,-1.2,45.2,28.2,89,3.4,27.2,3,3.3,0,20.7,21.7,48.9,5.4,37,98.895795,93.590665909,61.9,10.4,28,35.8,64.2,24,67,52.3,239,79.4,7.4,78,263,115,457,89.6,14,135,47.7,218,43.8,200,18.8,44.2,27.2,54.3,18.5,92,59.7,58.7,54,18.5,17,20.7,19,2.2,2,27.9
"Jackson, Alex",656577,2026,30,69,73,21,16,4,0,1,24,2,32.9,2.7,.304,.406,.342,0.748,0.102,.455,5,25,28,0,0,14,79,37,0,59,4,33,0,0,0,2,11,5,45,5,0,6,13,4,1,0,0,0,4,3,0,2,0,0,38,0,0,0,0,0,0,0,0,12,0,0,0,82,0,190,38,272,,0,0,0,0,.187,.258,.331,.222,.232,.070,.474,.296,.467,.287,.117,.148,.109,72.9,29.7,7.9,5.5,21.3,14.8,7.3,2,9,-2.2,55,29.9,86.1,8.9,24.4,1,2.2,8.9,20,17.8,35.6,15.6,33.3,98.4834205,93.24664175,72.7,18.8,41,49.1,50.9,28,57,51.3,139,68.2,8.1,29,154,82,272,81.3,18,96,48.7,132,42.8,116,30.1,56.3,44.4,40,15.6,45,75.3,53.3,24,24.4,11,20,9,2.2,1,27.7
"Bader, Harrison",664056,2026,32,106,111,18,8,5,0,5,34,4,30.6,3.6,.170,.358,.198,0.556,0.188,.191,14,57,38,0,0,27,120,63,0,79,5,30,3,0,0,0,6,4,73,8,0,12,29,8,6,0,0,0,1,0,0,0,0,1,63,0,0,0,0,0,0,0,0,10,0,0,0,133,1,288,63,421,,0,1,0,0,.215,.367,.238,.272,.248,.152,.324,.375,.247,.322,-0.045,-0.009,-0.034,72.9,37.9,12,8.4,32.4,22.7,7.2,6,12.4,-6.4,50,24.7,89.2,12.3,32.9,6,8.2,5.5,21.9,21.9,38.4,4.1,41.1,99.221853514,93.717596301,69.1,21.3,38.7,50,50,42,84,51.5,217,66.7,6.4,51,239,131,421,78.7,30,141,48.5,204,42,177,32,53.4,46.6,28.8,24.7,73,68.5,47.9,35,21.9,16,21.9,16,8.2,6,27.5
"Bliss, Ryan",669208,2026,26,8,10,1,1,0,0,0,3,1,30,10,.125,.125,.200,0.325,0.000,.167,1,1,1,0,0,1,16,5,0,8,0,3,0,0,0,0,0,0,6,1,0,2,2,0,0,0,0,0,0,0,0,1,0,1,8,0,0,0,0,0,0,0,0,0,0,0,0,16,1,29,8,45,,0,0,0,0,.203,.295,.159,.270,.291,.092,.148,.333,.167,.319,-0.078,-0.170,-0.111,69.8,5.3,7.7,5.3,30.8,21.1,6.7,0,8.6,7.3,55,29.9,92.2,16.2,50,0,0,16.7,50,16.7,16.7,0,66.7,98.87164,95.38135,73.9,23.5,31.8,71.4,28.6,5,7,48.9,22,60,11.1,2,38,5,45,76.5,4,17,51.1,23,44.4,20,37.5,53.3,16.7,66.7,16.7,6,40,33.3,2,33.3,2,33.3,2,0,0,
"McCarthy, Jake",664983,2026,28,547,596,159,101,30,13,15,95,30,15.9,5,.291,.475,.334,0.809,0.184,.326,83,173,260,6,32,123,589,207,1,397,23,147,9,0,1,8,58,31,462,69,1,66,155,53,25,0,1,1,14,5,0,9,5,5,203,5,1,0,1,0,4,0,0,80,28,4,0,627,10,1326,203,1953,,4,4,1,1,.274,.410,.349,.321,.320,.136,.392,.356,.348,.331,.017,.065,.028,71.5,15.8,11.2,8.9,30.7,24.3,7.1,10,8.5,-2.3,50.3,32.6,85.3,11.9,37.2,25,5.4,4.5,26.2,20.8,32,10.6,28.1,97.079708165,92.561288575,79.3,12.8,37.8,37.1,62.9,145,391,53,1035,89.1,6.6,258,1025,669,1953,87.2,93,728,47,918,42.7,833,21.3,57.3,38.5,38.1,23.4,462,68.6,45.9,212,21,97,27.3,126,5.8,27,30.0
"Arias, Gabriel",672356,2026,26,140,149,34,26,3,0,5,60,8,40.3,5.4,.243,.371,.282,0.653,0.128,.382,14,71,52,0,4,34,164,90,0,81,4,51,1,0,0,0,16,5,81,13,0,10,29,4,4,0,1,0,4,2,0,0,0,1,125,0,0,0,2,0,0,0,0,14,3,1,0,178,1,388,125,566,,0,0,0,0,.220,.371,.284,.272,.256,.151,.459,.439,.420,.383,.023,.000,.012,74.5,45.1,18.5,10.6,29.8,17,7.4,7,9.5,4.2,46.8,32.2,89.3,4.4,35.8,8,9.9,3.7,28.4,12.3,38.3,6.2,42,102.05587575,95.327717375,69.4,31.8,38.6,65.5,34.5,78,119,54.4,308,75.6,8,65,298,191,566,68.2,57,179,45.6,258,43.6,247,45.3,52.7,33.3,40.7,25.9,81,70.3,55.6,45,18.5,15,21,17,4.9,4,26.8
"Amaya, Miguel",665804,2026,27,215,254,51,33,12,0,6,67,23,26.4,9.1,.237,.377,.340,0.717,0.140,.315,28,104,81,0,0,58,341,154,1,191,11,83,8,0,2,11,12,17,152,22,0,33,39,10,18,0,0,0,26,0,0,10,3,1,112,0,0,0,0,0,0,0,0,36,0,0,0,386,4,631,112,1017,,0,3,0,1,.204,.335,.324,.295,.312,.131,.381,.334,.342,.296,.033,.042,.029,70.2,9.4,9.2,6.8,31.5,23.2,7.4,8,12.4,-7.1,57,34.5,87.8,22.2,37.5,12,7.9,5.9,22.4,36.8,23,3.9,34.2,97.6572044,93.021388523,66.8,17.1,32,43.2,56.8,80,185,57,579,69.3,7.4,107,540,365,1017,82.9,50,292,43,437,39.7,403,27.3,46.9,38.2,37.5,24.3,152,55.5,33.6,51,32.9,50,21.7,33,11.8,18,25.4
"Cruz, Oneil",665833,2026,27,368,419,103,68,14,1,20,139,47,33.2,11.2,.280,.486,.368,0.854,0.206,.397,67,157,179,7,30,103,622,333,0,242,16,97,5,0,0,4,36,23,229,44,0,28,80,11,7,0,3,0,1,1,0,8,0,0,230,6,1,0,1,0,0,0,0,65,27,3,0,670,0,1064,230,1734,,0,4,0,0,.251,.472,.371,.352,.338,.221,.527,.494,.450,.404,.029,.014,.019,77.7,72.7,22.3,14.4,31.6,20.3,7.5,11,7.6,-6.5,40.8,33.2,94.1,5.4,33.2,35,15.4,5.7,22.3,14,40.2,1.7,53.7,105.969307193,97.770739031,57.4,24.1,30.1,52.9,47.1,154,291,55.8,968,63.2,6.6,302,858,567,1734,75.9,106,440,44.2,766,41.6,721,35.6,42.2,40.6,39.3,20.1,229,61.1,50.7,116,22.3,51,24,55,3.1,7,28.5
"Vázquez, Christian",543877,2026,35,242,266,50,36,7,0,7,53,18,19.9,6.8,.207,.322,.261,0.583,0.115,.235,25,96,78,0,1,46,320,188,0,199,9,86,3,0,1,0,19,9,195,22,0,39,65,23,17,0,1,0,18,0,0,4,5,1,83,0,0,0,1,0,0,1,0,22,1,0,0,344,6,683,83,1027,,1,1,0,0,.195,.267,.258,.233,.248,.073,.291,.257,.263,.250,.012,.055,.025,65.6,0.5,6.9,5.6,36.7,29.7,6.7,7,9.8,1.4,59.6,27.8,85.9,15.1,31.3,4,2.1,3.6,21.5,32.8,31.8,8.2,22.6,95.312310968,91.672859355,61.4,10.8,36.5,33.7,66.3,67,199,53.1,545,64.6,7.7,74,658,295,1027,89.2,32,296,46.9,482,42.1,432,20,48.2,33.8,34.4,31.8,195,60.9,43.1,84,24.6,48,23.6,46,8.7,17,23.4
"Barger, Addison",680718,2026,26,22,28,1,0,1,0,0,7,5,25,17.9,.045,.091,.214,0.305,0.046,.063,2,17,2,0,0,7,47,17,0,24,2,9,1,0,0,0,0,1,16,0,0,6,6,3,0,0,0,0,2,0,0,0,0,1,9,0,0,0,0,0,0,0,0,2,0,0,0,50,1,69,9,119,,0,0,0,0,.131,.185,.170,.255,.294,.054,.079,.229,.063,.202,-0.086,-0.094,-0.085,74.3,50,13.5,10.9,24.3,19.6,7.2,1,5.3,0.9,53.2,27.2,89,16.7,25,0,0,18.8,6.3,37.5,31.3,6.3,50,101.06417375,94.880101875,58.1,12,35.5,33.3,66.7,9,27,63.9,76,71.4,5.9,12,79,28,119,88,3,25,36.1,43,42.9,51,23.1,43.7,31.3,50,18.8,16,39.3,37.5,6,43.8,7,18.8,3,0,0,26.1
"Brennan, Will",686823,2026,28,23,23,2,2,0,0,0,3,0,13,0,.087,.087,.087,0.174,0.000,.100,0,10,2,0,0,6,16,11,0,25,1,11,1,0,0,0,0,1,20,1,0,3,8,2,5,0,0,0,4,0,0,1,0,0,3,0,0,0,0,0,0,0,0,0,0,0,0,16,0,61,3,77,,0,0,0,0,.174,.238,.077,.178,.174,.064,.089,.206,.100,.202,-0.087,-0.151,-0.101,68.4,2.4,5.1,4.8,23.1,21.4,6.5,0,-2.3,3.8,23.3,29.5,82.9,20.2,20,0,0,10,20,35,30,0,25,94.760291,91.850796842,73.7,7.1,56.4,9.1,90.9,2,22,50.6,39,83.3,7.8,9,49,19,77,92.9,2,28,49.4,38,48.1,37,8,64.9,35,20,45,20,69.6,40,8,20,4,15,3,25,5,28.3
"Fortes, Nick",663743,2026,29,298,323,77,54,17,0,6,45,12,13.9,3.7,.258,.376,.304,0.680,0.118,.286,35,125,112,0,0,78,334,175,0,210,12,109,6,0,0,8,37,11,258,29,0,33,96,21,30,0,0,0,9,0,0,2,4,1,92,0,0,0,1,0,0,0,0,33,0,0,0,365,5,755,92,1120,,0,0,0,0,.239,.326,.301,.273,.287,.087,.322,.288,.303,.281,.019,.050,.028,72.7,25.9,15.8,13,29.4,24.3,7.5,7,3.4,-8,37.6,19.7,85.4,8.3,25.2,6,2.4,5,22.1,24.4,33.7,11.2,35.4,99.012039677,93.533077409,68.1,12,37.3,28.6,71.4,63,220,52.8,590,66.7,8.1,153,637,326,1120,88,43,359,47.2,527,41.9,468,18.3,51.8,51.2,31,17.8,258,62.5,51.6,133,17.1,44,19.4,50,12,31,26.9
"Steer, Spencer",668715,2026,28,340,384,81,51,14,0,16,86,35,22.4,9.1,.238,.421,.319,0.740,0.183,.271,40,159,143,0,3,81,522,270,1,258,22,98,10,0,0,6,27,21,256,33,0,55,83,16,21,0,0,0,2,2,1,1,0,2,148,0,0,0,1,0,0,0,0,54,3,0,0,562,2,959,148,1521,,0,1,0,1,.246,.452,.325,.342,.330,.206,.374,.402,.316,.333,-0.008,-0.031,-0.017,71.2,8.3,15.3,11.6,34.4,26.2,7.4,9,13.4,-0.4,59,28.9,89.7,16.9,35.5,30,12.4,7,20.3,23.8,28.1,3.1,39.1,99.548552583,94.118224167,65.3,15.1,26.2,49.5,50.5,101,204,51.2,778,70.1,7.7,170,889,458,1521,84.9,73,485,48.8,743,39.6,602,25.3,45.3,47.3,30.9,21.9,256,64.8,43,110,29.7,76,19.1,49,8.2,21,28.5
"Pagés, Pedro",686780,2026,27,189,211,41,31,6,0,4,56,14,26.5,6.6,.217,.312,.275,0.587,0.095,.282,12,83,59,0,2,46,272,152,0,166,9,82,5,0,0,2,15,9,139,16,1,29,47,8,13,0,0,0,21,0,0,1,4,2,101,0,0,0,0,0,0,0,0,14,1,1,0,295,6,583,101,878,,0,0,0,0,.218,.329,.264,.273,.280,.111,.321,.336,.304,.312,-0.001,-0.017,-0.009,72.8,24.5,11.3,8.2,24,17.6,7.2,9,10.9,-6.2,43.9,32.2,86.7,14.9,30.9,6,4.3,6.5,26.6,28.1,27.3,6.5,37.7,99.310410149,93.682204776,64.3,14.6,34.9,51.6,48.4,82,159,52.2,456,75,6.4,130,485,258,878,85.4,39,268,47.8,417,42.4,370,28.1,49.1,38.1,37.4,24.5,139,65.4,44.6,62,27.3,38,18,25,10.1,14,25.5
"Olson, Matt",621566,2026,32,625,698,157,82,34,0,41,171,64,24.5,9.2,.251,.502,.321,0.823,0.251,.277,93,266,314,0,4,130,1058,438,0,557,45,162,14,0,1,3,41,53,460,63,0,110,129,25,34,0,5,0,0,0,0,0,0,6,293,0,0,0,0,0,1,0,0,99,4,0,0,1109,6,1802,293,2911,,1,3,2,0,.247,.503,.351,.351,.314,.256,.435,.435,.341,.339,.004,-0.001,.000,74.8,50,19.5,15,31.4,24.1,7.6,21,9.9,-2.4,48.9,33.7,92.5,18.1,32,65,14.2,10.7,18.9,27.2,25.7,3.3,52,103.596081565,96.543594466,66.8,19.2,27.9,39.6,60.4,165,417,51.3,1493,75.8,7.2,400,1615,888,2911,80.8,182,947,48.7,1418,42.6,1240,25.4,46.9,37.8,35.9,26.3,460,58.4,37,170,35.4,163,20,92,7.6,35,25.3
"Malgeri, Ben",701162,2026,26,120,140,30,20,5,0,5,36,17,25.7,12.1,.250,.417,.350,0.767,0.167,.313,20,55,50,0,5,31,196,86,0,88,4,60,0,0,0,2,6,8,85,16,0,13,30,7,4,0,0,0,11,3,0,1,0,1,59,0,0,0,0,0,0,0,0,18,4,1,0,207,1,323,59,530,,0,0,0,0,.243,.354,.341,.317,.346,.111,.404,.366,.353,.347,.007,.063,.024,68.7,2.9,18.1,13.8,35,26.7,6.4,11,7.3,5,36.6,35.2,90.1,11.4,38.8,6,7.1,4.7,25.9,24.7,35.3,2.4,42.4,100.28507,94.413937059,66.9,17.4,23.8,52.3,47.7,34,65,51.5,273,79.1,8.1,92,293,145,530,82.6,30,172,48.5,257,36.4,193,27,44.7,35.3,35.3,29.4,85,67.9,42.4,36,24.7,21,28.2,24,4.7,4,28.9
"Hicks, Liam",689414,2026,27,479,554,136,101,16,1,18,55,56,9.9,10.1,.284,.434,.367,0.801,0.150,.286,82,188,208,0,3,123,735,396,0,315,8,142,7,0,0,11,46,24,432,66,0,82,141,29,41,0,3,0,6,0,0,43,1,7,79,0,0,0,2,0,0,1,0,66,2,1,0,791,8,1244,79,2035,,1,3,0,0,.261,.358,.352,.319,.346,.097,.345,.303,.316,.294,.023,.076,.033,68.3,4.3,10.9,9.8,37,33.2,6.9,11,7.6,-6.4,49.2,32.1,84.6,14.5,30.8,16,3.7,2.8,27.5,29.4,30.3,5.8,27.1,96.114190607,92.069028173,58.7,2.7,26.6,28.6,71.4,82,287,53.1,1080,67.3,7.7,351,1100,580,2035,97.3,15,561,46.9,955,41,834,11.4,41.7,43.1,35.2,21.8,432,56.3,43.3,187,24.5,106,22.7,98,9.5,41,25.7
"Raley, Luke",670042,2026,31,262,287,59,34,9,1,15,93,15,32.4,5.2,.225,.439,.284,0.723,0.214,.284,39,124,115,2,1,71,348,128,0,177,14,95,1,0,0,7,14,16,172,29,0,34,49,17,11,0,1,0,27,2,0,5,2,1,217,2,0,0,0,0,0,0,0,28,1,0,0,379,3,725,217,1104,,0,2,0,0,.252,.486,.313,.342,.308,.234,.435,.484,.347,.391,-0.027,-0.047,-0.029,75.3,57.2,18.4,11.3,30.5,18.7,7.3,11,14.7,-3.2,59.2,31.3,90.8,15.1,40.1,27,15.7,4.1,26.7,22.7,25,5.8,47.1,102.124981786,95.507658563,76.7,28.3,34.6,64.9,35.1,133,205,53.7,593,83.3,5.4,260,519,325,1104,71.7,111,392,46.3,511,41.3,456,40.9,54.1,45.9,30.2,23.8,172,61.5,36.6,63,29.1,50,27.9,48,6.4,11,28.6
"Lowe, Nathaniel",663993,2026,30,381,429,96,57,22,0,17,99,38,23.1,8.9,.252,.444,.317,0.761,0.192,.289,64,155,169,0,0,90,609,317,0,345,21,126,3,0,1,2,22,24,290,50,0,51,88,35,18,0,1,0,19,1,0,47,0,8,150,0,0,0,0,0,0,0,0,38,0,0,0,635,8,1131,150,1766,,0,4,2,0,.268,.437,.329,.335,.332,.169,.391,.403,.331,.358,-0.016,.007,-0.006,74.4,43.8,15.2,12.3,25.1,20.3,7.5,19,8,3.8,54.9,29.2,89.6,14.6,39.3,24,8.4,6.9,26.6,24.8,28.3,3.4,41.4,101.026614056,94.719806842,65.4,13.2,27.3,42.6,57.4,104,244,50.7,895,72.4,7,236,1127,400,1766,86.8,75,570,49.3,871,45,795,22,46.1,36.2,37.2,26.6,290,59.1,37.9,110,25.9,75,30,87,6.2,18,25.6
"Muncy, Max",691777,2026,23,256,284,59,39,9,2,9,91,21,32,7.4,.230,.387,.296,0.683,0.157,.314,30,106,99,2,3,54,359,172,0,207,13,82,6,0,0,4,25,13,168,21,0,25,44,15,24,0,0,0,7,0,0,22,0,3,163,2,0,0,1,0,1,0,0,31,3,0,0,383,3,727,163,1110,,1,1,1,0,.218,.366,.300,.288,.285,.149,.403,.381,.351,.334,.012,.021,.012,74.1,45.5,16,11.2,27,18.9,7.5,17,10.1,-4.6,53.5,31.3,89.1,15.9,33.3,18,10.7,6,23.8,26.8,26.8,6,43.5,101.562068929,95.003906131,68.8,18.9,33.2,57.4,42.6,112,195,52.9,587,79.5,7,141,597,372,1110,81.1,68,360,47.1,523,42.6,473,32.4,50,44,34.5,21.4,168,68,41.1,69,22.6,38,22,37,14.3,24,27.7
"Encarnacion, Jerar",666464,2026,28,34,35,6,5,1,0,0,8,1,22.9,2.9,.176,.206,.200,0.406,0.030,.231,0,10,7,0,0,5,42,30,0,41,1,17,1,0,0,0,3,1,26,2,0,5,10,4,1,0,0,1,3,0,0,2,0,0,15,0,0,0,0,0,0,0,0,1,0,0,0,46,0,113,15,159,,0,0,0,0,.190,.266,.183,.210,.213,.076,.220,.256,.231,.248,-0.014,-0.060,-0.027,74.7,54.7,11.5,9.3,21.3,17.3,7.6,1,4.6,5.4,52,37.8,87.5,5.4,38.5,2,7.7,3.8,19.2,26.9,34.6,7.7,34.6,99.26983,93.634915,61.8,6.4,43.4,36.1,63.9,13,36,52.2,83,37.5,5,26,81,52,159,93.6,3,47,47.8,76,43.4,69,19.3,52.2,38.5,26.9,34.6,26,68.6,50,13,23.1,6,23.1,6,3.8,1,26.7
"Mancini, Trey",641820,2026,34,13,14,4,3,0,1,0,3,0,21.4,0,.308,.462,.286,0.748,0.154,.364,4,8,6,0,0,5,10,4,0,15,0,5,1,0,0,0,3,0,11,1,0,2,4,1,0,0,0,0,2,0,0,1,0,1,6,0,0,0,0,0,0,0,0,1,0,0,0,13,1,36,6,49,,0,0,0,0,.241,.322,.305,.282,.254,.081,.388,.359,.364,.323,.067,.140,.023,74.5,37.9,16,13.8,24,20.7,7.6,0,11.7,-0.6,58.6,32.8,90.5,4.8,9.1,2,18.2,0,18.2,9.1,54.5,0,45.5,99.866335,94.472546364,85.2,17.4,40.9,22.2,77.8,2,9,44.9,22,80,10.2,3,25,21,49,82.6,4,23,55.1,27,42.9,21,18.8,65.3,36.4,36.4,27.3,11,71.4,63.6,7,18.2,2,18.2,2,0,0,26.6
"Black, Tyler",672012,2026,25,27,28,9,5,4,0,0,7,1,25,3.6,.333,.481,.357,0.838,0.148,.450,7,11,13,0,0,9,27,15,0,20,0,9,1,0,1,0,2,5,20,2,0,2,7,1,1,0,0,0,2,1,0,6,0,0,11,0,0,0,1,0,0,0,0,2,0,0,0,30,0,67,11,97,,0,0,0,0,.170,.229,.364,.191,.199,.060,.475,.233,.450,.229,.163,.252,.173,71.6,13,2.8,2.2,27.8,21.7,7.1,1,5.1,12,44.7,34.7,83.6,12.6,25,0,0,10,15,30,40,5,15,94.187515,91.1716985,76.6,16.7,32,37.5,62.5,6,16,51.5,50,80,5.2,15,56,20,97,83.3,6,36,48.5,47,48.5,47,23.1,53.6,30,45,25,20,71.4,45,9,35,7,15,3,5,1,28.0
"Meckler, Wade",685133,2026,26,300,337,90,71,15,1,3,63,32,18.7,9.5,.300,.387,.373,0.760,0.087,.372,27,117,116,0,8,59,435,214,0,178,8,98,2,0,0,3,43,9,239,37,1,36,85,25,3,0,0,0,12,2,0,2,2,0,96,0,0,0,3,0,1,0,0,43,8,0,0,465,2,748,96,1213,,1,1,1,0,.263,.359,.341,.314,.340,.097,.379,.341,.380,.333,.037,.028,.027,69,2.2,8.5,6.9,39.5,31.8,6.8,11,12,2.9,46.2,40.6,86.9,6.7,33.9,7,2.9,4.2,30.5,19.2,36.4,6.3,33.5,96.774560086,92.481747662,65.9,10.7,23.1,48.3,51.7,69,143,51.1,620,76,7.9,244,645,324,1213,89.3,42,391,48.9,593,41.8,507,20.8,44,33.5,46.9,19.7,239,57.3,53.6,128,18.8,45,25.9,62,1.7,4,28.8
"Caissie, Owen",683357,2026,23,291,330,64,36,14,0,14,123,27,37.3,8.2,.220,.412,.288,0.700,0.192,.309,58,123,120,1,5,77,468,230,0,228,14,108,3,0,0,4,22,16,176,26,0,41,43,16,10,0,0,0,37,0,1,15,0,8,194,1,0,0,0,0,0,0,0,45,5,0,0,503,8,859,194,1362,,0,3,1,0,.211,.405,.304,.302,.285,.194,.445,.442,.364,.358,.009,.007,.002,75.1,55.7,15.3,10.3,28,18.9,7.1,17,12.1,-2.9,39.7,36,91.1,16.9,42.6,25,14.2,9.7,21,27.3,23.9,4,44.9,101.808296322,95.280737126,64.6,22.4,30,60.6,39.4,132,218,53.3,726,72.5,6.7,248,676,428,1362,77.6,92,411,46.7,636,39.9,544,35.6,46.2,33.5,43.2,23.3,176,62.7,36.9,65,32.4,57,25,44,5.7,10,28.3
"Carpenter, Kerry",681481,2026,28,231,259,48,28,5,2,13,75,18,29,6.9,.208,.416,.276,0.692,0.208,.240,36,104,96,0,0,52,323,152,2,206,12,81,2,0,1,5,10,19,159,19,0,43,41,13,13,0,0,0,22,0,0,31,0,3,127,0,0,0,0,0,0,0,0,27,0,0,0,354,3,663,127,1017,,0,1,0,2,.212,.388,.301,.295,.283,.177,.384,.376,.302,.313,-0.004,.028,.006,71.8,16.5,10.9,8.1,29,21.5,7.4,8,17.8,-1.1,48.7,35.3,89.8,21.4,35.2,15,9.6,10.1,22.6,33.3,20.8,2.5,44,99.080080759,93.824390955,67,18.1,36.3,44.6,55.4,90,202,54.7,556,74.1,5.7,175,493,349,1017,81.9,56,309,45.3,461,41.8,425,28.6,50.2,43.4,31.4,25.2,159,56,32.1,51,39,62,20.8,33,8.2,13,26.9
"Pratt, Cooper",806198,2026,21,228,266,64,52,7,2,3,48,26,18,9.8,.281,.368,.350,0.718,0.087,.332,34,101,84,3,19,69,341,196,0,184,13,74,10,0,0,2,24,9,190,31,0,31,67,20,4,0,0,0,6,1,0,0,3,7,88,3,0,0,2,0,0,0,0,33,18,1,0,361,10,678,88,1039,,0,2,0,0,.266,.362,.320,.315,.342,.096,.345,.341,.342,.334,.015,.006,.005,69.9,8.5,10,7.8,33.2,26.1,7,5,6.6,0.8,39.8,36.6,87,9.1,41.1,6,3.2,4.2,28.9,21.1,36.3,4.7,27.4,96.569258681,92.330532155,63.1,13.1,29.8,40,60,62,155,50.1,521,76.3,7.7,106,602,328,1039,86.9,43,327,49.9,518,43.4,451,21.8,46.4,33.2,38.9,27.9,190,59,47.9,91,21.1,40,28.9,55,2.1,4,28.9
"Grissom, Vaughn",687093,2026,25,422,474,102,67,22,0,13,87,31,18.4,6.5,.242,.386,.307,0.693,0.144,.271,72,223,163,0,1,137,559,315,1,345,22,119,19,0,1,12,36,21,344,44,1,65,117,38,19,0,0,0,1,1,1,3,1,7,165,0,0,0,0,0,0,0,0,47,1,0,0,612,8,1200,165,1812,,0,4,0,1,.244,.380,.306,.309,.313,.136,.333,.337,.298,.307,-0.002,.006,-0.003,70.8,15.9,12.5,9.9,33.4,26.4,7.2,22,8.9,-0.9,45.5,34.8,87.5,12.7,33.5,23,6.7,5.5,23.3,26.5,32.1,5.8,35.6,98.529330819,93.416728622,66.3,12.6,31.3,42.4,57.6,120,283,49.9,904,71.3,7.1,223,1016,567,1812,87.2,76,602,50.1,908,41.2,746,22.1,48.8,39.1,38.8,22.2,343,61.4,44.9,154,25.1,86,24.5,84,5.8,20,26.9
"Slater, Austin",596103,2026,33,65,74,15,12,3,0,0,21,8,28.4,10.8,.231,.277,.311,0.588,0.046,.333,3,25,18,0,4,13,101,49,0,50,3,28,1,0,0,0,9,2,45,4,0,8,13,5,4,0,0,0,10,0,0,3,0,1,35,0,0,0,0,0,0,0,0,6,4,0,0,107,1,185,35,292,,0,1,0,0,.182,.236,.271,.235,.269,.053,.321,.263,.333,.265,.049,.041,.036,71.1,10.2,6,4.2,29.8,21.2,6.9,2,12.4,2.4,58,34.9,85,4.8,26.7,1,2.3,4.4,17.8,26.7,44.4,2.2,18.2,94.665360455,91.332680227,66.7,18.5,28.7,48.8,51.2,21,43,52.1,150,72,8.7,62,171,55,292,81.5,17,92,47.9,138,42.4,122,27.9,46.6,35.6,35.6,28.9,45,64.9,48.9,22,22.2,10,20,9,8.9,4,27.9
"Locklear, Tyler",682988,2026,25,36,42,10,6,3,0,1,9,4,21.4,9.5,.278,.444,.357,0.801,0.166,.333,6,20,16,0,1,11,53,26,0,37,4,15,3,0,1,1,2,1,28,7,0,4,13,0,1,0,0,0,2,1,0,2,0,1,15,0,0,0,0,0,0,0,0,8,1,0,0,60,1,111,15,171,,0,0,0,0,.252,.427,.350,.334,.336,.176,.399,.376,.357,.325,.026,.017,.016,72,26,11.9,9.1,23.7,18.2,6.8,1,6.3,5.7,47.4,32.6,83.8,4,28.6,4,14.3,0,21.4,14.3,39.3,10.7,32.1,97.675850714,92.84187,72.1,25.8,27.1,17.4,82.6,4,23,49.7,85,78.6,8.2,16,95,60,171,74.2,16,62,50.3,86,38.6,66,23.5,49.7,35.7,50,14.3,28,59.5,53.6,15,17.9,5,25,7,3.6,1,26.3
"Ramos, Heliot",671218,2026,26,404,442,99,62,20,4,13,121,31,27.4,7,.245,.411,.305,0.716,0.166,.316,46,169,166,1,4,88,568,264,0,334,28,112,10,0,0,5,38,19,285,41,1,49,106,25,6,0,2,0,6,0,0,1,0,2,220,1,0,0,2,0,0,0,0,48,3,1,0,598,2,1140,220,1738,,0,2,0,0,.256,.446,.312,.329,.313,.190,.398,.425,.347,.364,-0.011,-0.035,-0.017,72.8,29,18.1,13.2,32.6,23.8,6.9,17,7.8,5.1,50.8,33.3,92.2,6.8,34.4,39,13.8,6,24.2,16.8,35.1,3.2,48.4,103.254738156,96.13377,69.2,17.4,33.1,52.3,47.7,157,300,52.1,906,75.7,8.1,188,1082,465,1738,82.6,100,576,47.9,832,39.8,692,29.3,50.4,34,41.8,24.2,285,63,50.5,144,23.9,68,23.2,66,2.5,7,27.2
"Schneemann, Daniel",682177,2026,29,262,286,55,37,11,0,7,84,24,29.4,8.4,.210,.332,.276,0.608,0.122,.281,30,110,87,2,7,57,363,180,0,209,13,91,5,0,0,0,16,14,178,25,0,39,61,15,8,0,0,0,11,6,0,0,0,0,158,2,0,0,1,0,0,0,0,30,6,1,0,391,0,745,158,1136,,0,1,1,0,.225,.372,.272,.292,.290,.147,.344,.376,.309,.332,-0.015,-0.040,-0.020,71.2,11.3,13,9.1,30.7,21.7,7,12,14.4,-0.6,56.8,33.1,88,12.2,33.7,15,8.4,5.6,27.5,24.7,31.5,2.2,38.4,98.794739888,93.514708652,66.8,17,33.4,59.6,40.4,115,193,51,577,82.6,7.6,190,586,354,1136,83,63,370,49,554,44.9,508,31.5,49.7,47.2,35.4,17.4,178,67.5,43.3,77,29.8,53,22.5,40,4.5,8,27.6
"Gelof, Zack",680869,2026,26,394,435,101,61,16,2,22,107,31,24.6,7.1,.256,.475,.322,0.797,0.219,.298,55,155,187,3,16,79,578,286,0,266,17,111,8,0,1,7,31,30,290,40,0,59,95,13,20,0,0,1,2,4,0,2,3,0,208,1,1,1,0,0,1,0,0,76,13,3,0,617,3,1078,208,1695,,1,5,0,0,.236,.437,.346,.323,.304,.201,.428,.392,.352,.324,.020,.038,.023,73.8,32.1,14.8,10.7,33.2,23.9,7.3,3,14.5,1,62.4,31.8,89.7,16.2,29.3,31,10.8,6.2,20.7,26.9,29.3,5.5,42.8,100.062189716,94.348921388,67.3,24.2,25.3,42.6,57.4,89,209,48.8,826,79.8,6.7,181,990,518,1695,75.8,141,582,51.2,865,42.7,722,29.2,46.7,39.3,40,20.7,290,60.5,43.4,126,30.7,89,18.6,54,7.2,21,28.8
"Smith, Cam",701358,2026,23,510,568,107,63,17,6,21,148,44,26.1,7.7,.210,.390,.279,0.669,0.180,.248,56,229,199,2,12,112,813,341,1,444,23,157,9,0,0,7,34,22,368,50,1,74,131,30,26,0,0,1,7,4,0,0,0,6,304,2,0,0,0,0,4,0,0,67,12,0,0,876,6,1487,304,2363,,4,3,0,1,.235,.420,.293,.316,.303,.185,.354,.391,.291,.329,-0.025,-0.030,-0.023,77.9,78,16,11.5,23.5,16.8,7.7,13,9.9,-7.4,47.7,32.3,88.7,12.3,31.3,41,11.2,4.3,21.5,25.5,29.6,7.1,43.5,101.663413607,95.013701534,69.1,19.5,30,49.1,50.9,183,373,52.7,1245,78.8,7.8,292,1247,817,2363,80.5,151,773,47.3,1118,41.9,991,29.1,48.5,38.9,37.2,23.9,368,61.3,44.8,165,26.1,96,21.7,80,7.3,27,29.2
"Encarnacion-Strand, Christian",687952,2026,26,195,213,54,30,13,0,11,55,11,25.8,5.2,.277,.513,.325,0.838,0.236,.328,39,91,100,1,1,51,208,97,0,195,11,58,6,0,1,4,16,19,143,19,0,26,34,16,13,0,1,0,1,0,0,4,1,2,117,1,0,0,0,0,0,0,0,25,1,0,0,220,3,572,117,792,,0,1,0,0,.248,.483,.358,.332,.296,.235,.462,.424,.380,.341,.029,.030,.026,73.4,33.8,11.7,8.5,24.5,17.8,7.4,7,14.1,-0.2,53.7,34.1,89.5,19.1,35.7,20,14,9.1,23.1,25.2,22.4,6.3,37.8,100.754412535,94.581771761,75.9,18.8,46.4,42.4,57.6,84,198,53.9,427,80.7,7.2,94,484,214,792,81.2,52,277,46.1,365,41.5,329,28.6,60,45.5,32.2,22.4,143,65.6,35,50,31.5,45,24.5,35,9.1,13,26.8
"Joe, Connor",656582,2026,33,39,45,7,4,2,0,1,15,6,33.3,13.3,.179,.308,.289,0.597,0.129,.261,3,22,12,0,2,9,80,41,0,40,0,21,1,0,0,0,1,3,24,3,0,5,7,4,1,0,0,0,4,0,0,0,0,0,20,0,0,0,0,0,0,0,0,2,2,0,0,84,0,126,20,210,,0,1,0,0,.257,.397,.274,.337,.356,.140,.339,.457,.292,.417,-0.078,-0.089,-0.063,72.9,38.7,13.6,10.7,27.1,21.3,7.3,2,5.4,-2.1,46.1,30,92.5,15.2,41.7,2,8.3,16.7,33.3,20.8,20.8,0,45.8,101.1365025,95.201435417,57.3,18.6,24.3,38.5,61.5,10,26,51,107,81.8,5.2,31,111,68,210,81.4,11,59,49,103,44.3,93,24.7,40.5,41.7,33.3,25,24,55.6,33.3,8,33.3,8,29.2,7,4.2,1,27.0
"Ritter, Ryan",690022,2026,25,19,21,3,3,0,0,0,8,1,38.1,4.8,.158,.158,.200,0.358,0.000,.273,1,8,3,0,0,3,25,10,0,13,2,16,1,0,0,0,0,0,12,3,0,2,5,2,0,0,0,0,5,6,0,0,1,0,12,0,0,0,0,0,0,0,0,2,0,0,0,25,1,51,12,76,,0,0,0,0,.184,.241,.168,.210,.225,.057,.243,.318,.273,.318,-0.026,-0.083,-0.042,70.2,6.1,9.5,6.1,38.1,24.2,6.5,1,12.1,3.6,40,37,89.2,7.8,33.3,0,0,8.3,25,25,33.3,8.3,33.3,96.029906667,92.516725455,76.9,26.7,29.7,63.6,36.4,7,11,48.7,37,75,5.3,10,43,17,76,73.3,8,30,51.3,39,26.3,20,36.6,53.9,25,66.7,8.3,12,81,41.7,5,16.7,2,41.7,5,0,0,28.1
"Adell, Jo",666176,2026,27,603,660,145,95,26,1,23,157,34,23.8,5.2,.240,.401,.298,0.699,0.161,.285,94,266,242,0,5,155,800,326,0,533,34,159,17,0,2,18,39,32,451,73,1,88,145,30,41,0,1,0,0,0,0,19,0,5,336,0,0,0,2,0,0,0,0,70,5,0,0,878,5,1696,336,2574,,0,6,1,0,.257,.444,.307,.329,.314,.187,.368,.401,.322,.346,-0.017,-0.043,-0.022,77.4,72.4,16.4,12.3,24.3,18.2,7.7,30,9.9,-4.8,48.5,35.5,90.4,16.2,32.2,40,8.9,8.2,22.6,26.8,28.6,4,44.9,102.495962813,95.565465638,73.9,17.6,35.3,47.5,52.5,231,486,53.6,1378,81.6,6.8,315,1417,831,2574,82.4,155,882,46.4,1193,40.6,1043,28.2,53.2,41,33.9,25.1,451,61.2,40.8,184,26.6,120,23.3,105,9.3,42,28.3
"Conine, Griffin",665052,2026,28,284,323,75,48,8,0,19,95,34,29.4,10.5,.264,.493,.353,0.846,0.229,.329,43,133,140,0,4,67,426,174,0,189,15,94,3,0,0,5,24,20,189,31,0,31,55,13,15,0,0,0,12,1,0,18,0,0,207,0,0,0,0,0,0,0,0,45,4,0,0,454,0,776,207,1230,,0,1,1,0,.259,.505,.369,.369,.349,.246,.485,.483,.397,.388,.005,-0.012,.000,74.1,42.5,21.5,13.9,34.4,22.3,7.5,14,13.4,-1.2,51.6,27.5,91.1,12.6,39.7,31,16.4,4.2,23.8,22.2,29.6,3.7,49.2,103.402180421,96.406974974,68.3,24.5,33.3,58.1,41.9,132,227,55.4,681,74.1,6.6,256,585,381,1230,75.5,92,375,44.6,549,40.6,499,37.2,48.9,41.8,40.2,18,189,59.4,41.8,79,27,51,23.3,44,7.9,15,26.8
"Fernandez, Jose",699912,2026,22,204,222,52,40,9,0,3,51,11,23,5,.255,.343,.300,0.643,0.088,.327,16,78,70,2,9,44,263,183,0,139,5,73,3,0,0,2,21,5,158,26,0,13,56,14,23,0,0,1,3,4,0,22,5,0,89,2,0,0,1,0,0,0,0,26,9,0,0,288,5,581,89,869,,0,4,0,0,.245,.342,.287,.281,.290,.098,.347,.338,.340,.326,.010,.001,.006,74,42.9,15.2,11.7,29.7,22.8,7.8,4,7.9,-5.9,46.7,32.7,87.8,10.7,28.5,6,3.8,4.4,29.1,22.2,29.7,10.8,38.6,100.3141396,94.264477919,56.4,13.9,36.4,39.9,60.1,67,168,53,461,62.7,6.8,129,451,287,869,86.1,32,230,47,408,41.9,364,24.9,45.8,41.1,34.8,24.1,158,62.6,48.7,77,11.4,18,25.3,40,14.6,23,29.5
"Dean, Justin",681909,2026,29,8,10,3,2,0,1,0,4,2,40,20,.375,.625,.500,1.125,0.250,.750,3,8,5,0,1,5,13,3,0,10,0,17,0,0,0,0,1,0,4,2,0,0,1,0,0,0,0,0,2,3,0,1,0,0,6,0,0,0,0,0,0,0,0,3,1,0,0,13,0,24,6,37,,0,0,0,0,.266,.324,.477,.346,.412,.058,.844,.515,.750,.531,.109,.301,.131,66.6,0,14.3,10.5,21.4,15.8,6.5,0,17,1.2,47.4,32.1,85.7,-0.9,50,0,0,0,75,0,0,25,50,100.2925,94.5908725,81.3,30.8,38.1,37.5,62.5,3,8,56.8,21,100,13.5,0,15,10,37,69.2,4,13,43.2,16,29.7,11,33.3,56.8,75,0,25,4,60,50,2,0,0,50,2,0,0,
"Rocchio, Brayan",677587,2026,25,534,592,135,93,25,2,15,85,38,14.4,6.4,.253,.391,.313,0.704,0.138,.274,73,250,209,7,20,128,726,346,0,419,18,153,12,0,1,11,43,21,458,69,2,96,147,46,32,0,0,0,0,0,0,0,5,4,214,6,1,0,1,0,2,0,0,66,17,3,0,781,9,1474,214,2255,,2,4,4,0,.246,.350,.311,.294,.309,.104,.327,.305,.298,.292,.007,.041,.017,69.8,6.4,9,7.1,34.4,27.1,7.3,12,9.1,-5.7,50.2,28.9,87,13.8,34.9,13,2.9,5.7,25.8,28.2,31.7,5.5,30,96.81810991,92.455591951,68.9,13.3,33.2,38.2,61.8,151,395,53,1190,75.2,6.1,448,1186,613,2255,86.7,97,728,47,1057,42.4,953,22.1,50,43.2,36.5,20.3,458,55.9,41.5,190,25.5,117,25.5,117,7.4,34,27.4
"Robinson, Chuckie",642020,2026,31,23,26,2,2,0,0,0,5,0,19.2,0,.087,.087,.087,0.174,0.000,.111,1,13,2,0,0,3,24,10,0,15,0,8,0,0,0,0,1,0,21,1,0,3,10,0,5,0,0,0,0,0,0,1,3,0,15,0,0,0,0,0,0,0,0,1,0,0,0,26,3,64,15,90,,0,0,0,0,.159,.181,.077,.149,.159,.022,.099,.191,.111,.204,-0.072,-0.094,-0.072,69.7,4.9,7.7,4.9,38.5,24.4,7,0,8.6,8.4,53.7,30.4,85.8,17.8,19,0,0,0,14.3,33.3,23.8,23.8,14.3,95.37571875,91.782224375,78.9,33.3,27.3,11.1,88.9,1,9,36.7,33,88.9,10,6,60,22,90,66.7,15,45,63.3,57,41.1,37,29.6,60,28.6,42.9,28.6,21,84.6,52.4,11,14.3,3,9.5,2,23.8,5,24.6
"Ballesteros, Moisés",694208,2026,22,317,352,68,49,10,0,9,82,30,23.3,8.5,.215,.331,.281,0.612,0.116,.257,35,149,105,1,1,83,444,184,0,254,19,104,6,0,1,1,27,10,239,31,0,53,85,20,12,0,0,0,21,0,0,65,0,4,169,0,1,0,0,0,0,0,0,26,1,0,0,479,4,876,169,1355,,0,0,0,0,.224,.361,.274,.290,.291,.137,.312,.336,.285,.299,-0.009,-0.030,-0.016,72.2,29,15.7,11.5,33.7,24.7,7.1,17,7.3,1.8,50,28.8,90.1,10.7,31,20,8.4,7.5,22.2,23.4,34.3,3.8,45.2,100.76211605,94.800704599,69.4,17,37.1,44.8,55.2,128,286,56.8,770,76.4,6.6,247,696,411,1355,83,69,406,43.2,585,41.3,559,28.5,51.1,36.4,36.4,27.2,239,61.4,46.9,112,26.4,63,21.8,52,5,12,25.0
"Senger, Hayden",663584,2026,29,15,17,2,1,0,0,1,4,0,23.5,0,.133,.333,.133,0.466,0.200,.100,2,11,5,0,0,6,14,5,0,10,3,7,0,0,0,0,0,1,13,1,0,1,8,1,1,0,0,0,4,0,0,0,2,0,8,0,0,0,0,0,0,0,0,2,0,0,0,15,2,39,8,54,,0,0,0,0,.150,.281,.196,.181,.150,.132,.267,.247,.182,.204,-0.017,.052,.015,71.6,18.5,17.6,11.1,23.5,14.8,7.6,0,10.8,5.3,66.7,27.7,82.3,-3.1,15.4,0,0,23.1,7.7,0,38.5,30.8,23.1,94.701694,92.827231111,83.3,25,46.7,42.9,57.1,6,14,55.6,30,75,7.4,7,28,17,54,75,5,20,44.4,24,42.6,23,32.4,63,30.8,30.8,38.5,13,64.7,61.5,8,15.4,2,15.4,2,7.7,1,24.8
"Heineman, Tyler",623168,2026,35,177,200,31,26,3,1,1,30,5,15,2.5,.175,.220,.223,0.443,0.045,.205,10,73,39,0,1,37,183,100,0,146,4,75,8,0,0,6,7,6,159,18,0,25,78,14,11,0,0,0,17,0,0,1,12,0,67,0,0,0,0,0,0,0,0,15,1,0,0,203,12,490,67,693,,0,1,0,0,.214,.259,.204,.236,.260,.045,.208,.248,.211,.258,-0.039,-0.039,-0.032,65,0.3,2.7,2.2,33.5,26.8,7,7,6.5,-8.4,45.1,30.2,82,10,27,1,0.6,1.9,20.1,23.9,38.4,14.5,11.9,91.606485493,90.139217234,70.1,10,42.9,34.4,65.6,52,151,50.8,352,79.2,7.6,152,338,198,693,90,24,239,49.2,341,42.4,294,19.5,56.3,46.5,31.4,22,159,63,53.5,85,19.5,31,20.1,32,6.9,11,26.0
"Bregman, Alex",608324,2026,32,608,702,161,98,33,2,28,102,76,14.5,10.8,.265,.464,.355,0.819,0.199,.275,93,299,282,1,3,170,952,576,0,460,17,155,19,0,2,12,49,38,512,72,2,104,143,43,57,0,2,0,4,0,0,13,0,6,157,1,0,0,1,0,2,0,1,92,3,0,0,1044,6,1728,157,2772,,3,5,1,0,.252,.391,.357,.327,.343,.139,.370,.329,.314,.301,.013,.073,.030,69.8,3.3,11,9.5,39.3,34,7,17,14,-5.5,66.4,28.1,88.2,17.7,32.8,33,6.4,6.6,26.4,30.1,26,4.3,37.7,98.028401406,93.162387221,60.1,9.7,23.3,30.8,69.2,100,325,50.4,1397,66.5,7.9,255,1508,997,2772,90.3,80,827,49.6,1375,41.3,1145,15.6,41.6,48.4,33,18.6,512,59.1,37.5,192,27.7,142,23.2,119,11.5,59,26.2
"Culpepper, Kaelen",701785,2026,23,117,128,32,24,5,0,3,28,6,21.9,4.7,.274,.393,.328,0.721,0.119,.333,11,53,46,0,1,25,129,83,0,105,6,33,4,0,0,4,11,6,90,15,0,16,26,6,9,0,0,0,0,0,0,0,0,1,58,0,0,0,0,0,0,0,0,15,1,0,0,143,1,348,58,491,,0,0,0,0,.236,.351,.320,.287,.296,.114,.376,.330,.356,.310,.038,.042,.033,73.7,36.3,8.8,6.6,25.7,19.5,7.3,0,12.2,-6.6,58.6,31.2,87.4,15.7,35.6,3,3.4,6.7,26.7,27.8,31.1,3.3,31.1,97.557599556,92.881340112,67,13.2,42.8,44.2,55.8,50,113,53.8,264,79.5,9,92,231,162,491,86.8,20,152,46.2,227,38.3,188,26.4,54,42.2,37.8,20,90,69.5,41.1,37,24.4,22,24.4,22,10,9,27.8
"Sánchez, Jesús",660821,2026,28,284,315,72,46,18,0,8,75,18,23.8,5.7,.254,.401,.311,0.712,0.147,.311,35,116,114,2,1,58,375,155,0,239,19,105,8,0,0,8,24,17,214,31,0,41,71,15,14,0,1,0,28,1,0,19,0,5,146,2,0,0,0,0,1,0,0,24,1,0,0,398,5,785,146,1183,,1,0,0,0,.255,.419,.311,.321,.313,.164,.374,.388,.336,.343,-0.001,-0.018,-0.010,73.5,43.3,16.7,12.1,31,22.6,6.8,3,7,4.1,50.5,28.9,90.7,10.9,32.2,23,10.8,6.5,27.1,21,32.2,1.9,45.3,101.621661682,95.111932864,71.3,20.2,38,40.6,59.4,99,244,54.3,642,78.9,6,217,691,267,1183,79.8,78,386,45.7,541,42.9,508,28.1,53.3,31.8,42.1,26.2,214,64.6,44.4,95,27.1,58,22,47,6.5,14,26.4
"d'Arnaud, Travis",518595,2026,37,76,84,12,8,3,0,1,24,6,28.6,7.1,.158,.237,.238,0.475,0.079,.216,3,26,18,0,0,11,102,53,0,57,3,32,1,0,0,2,4,4,52,4,0,14,20,3,3,0,0,0,15,0,0,1,0,0,46,0,0,0,0,0,0,0,0,7,0,0,0,106,0,211,46,317,,0,1,0,0,.152,.281,.221,.234,.233,.129,.249,.269,.231,.222,.006,-0.044,-0.013,71.4,15.5,7,4.9,33,23.2,7.8,2,11.6,-0.4,60.6,31,86.7,10.4,32.7,5,9.6,3.8,15.4,30.8,36.5,3.8,30.8,96.800458077,92.454145,65.8,18.9,33.3,55.8,44.2,29,52,49.2,156,76.7,9.5,52,199,66,317,81.1,20,106,50.8,161,45.1,143,31,49.8,25,48.1,26.9,52,59.5,46.2,24,34.6,18,13.5,7,5.8,3,24.9
"Gonzales, Nick",693304,2026,27,551,608,167,133,27,1,6,99,43,16.3,7.1,.303,.388,.367,0.755,0.085,.360,61,233,214,3,7,149,726,270,0,444,29,148,15,0,3,13,74,21,453,72,0,77,160,36,13,0,0,0,1,0,0,9,0,1,224,3,0,0,0,0,0,0,0,72,7,0,0,783,1,1436,224,2219,,0,4,0,0,.282,.386,.339,.327,.348,.105,.367,.351,.369,.343,.021,.002,.012,70.8,12,10.2,8.1,31.1,24.7,7.4,15,8.8,2.3,47.5,36.6,86.4,7.8,34.4,14,3.1,5.7,30.7,19.6,34.7,5.7,34,97.617289778,92.87303882,75.7,14.6,31.2,40.9,59.1,147,359,51.9,1151,82.8,7.8,256,1315,631,2219,85.4,118,807,48.1,1066,41,909,22.7,52.5,36,36.2,27.8,453,60.4,51.7,234,21.6,98,23.8,108,2.9,13,28.8
"Rodriguez, Emmanuel",691181,2026,23,45,48,8,3,2,1,2,16,3,33.3,6.3,.178,.400,.229,0.629,0.222,.222,5,18,18,1,0,11,57,33,0,29,0,13,0,0,0,0,2,4,29,2,0,5,7,6,3,0,0,0,1,0,0,0,0,0,29,1,0,0,0,0,1,0,0,3,0,0,0,58,0,120,29,178,,1,2,0,0,.251,.534,.270,.354,.298,.283,.375,.513,.276,.390,-0.073,-0.134,-0.084,76.1,68.6,14,10,24,17.1,7,5,7.5,-1.2,53.8,30.4,90.6,13.2,44.8,6,20.7,6.9,24.1,17.2,27.6,3.4,48.3,101.789318667,95.307387931,64.8,19.3,33.3,60,40,18,30,50.6,90,72.7,6.2,43,81,54,178,80.7,11,57,49.4,88,38.2,68,33.3,48.9,44.8,37.9,17.2,29,62.5,31,9,31,9,27.6,8,10.3,3,28.0
"Prieto, César",693409,2026,27,38,39,3,2,0,1,0,5,1,12.8,2.6,.079,.132,.103,0.235,0.053,.091,0,23,5,0,1,10,34,15,0,13,0,16,2,0,0,0,1,1,33,1,0,6,19,4,1,0,0,0,3,1,0,0,0,0,11,0,0,0,0,0,0,0,0,2,1,0,0,38,0,74,11,112,,0,0,0,0,.229,.356,.104,.262,.250,.127,.102,.289,.091,.265,-0.150,-0.224,-0.158,69.4,0,17.1,13.7,53.7,43.1,7,0,9.2,0.6,61.5,30.1,88.2,3.8,27.3,1,3.1,9.1,21.2,18.2,39.4,6.1,33.3,98.298458125,93.688513871,70.6,5.6,37.7,47.8,52.2,11,23,54.5,61,81.8,9.8,20,71,21,112,94.4,2,36,45.5,51,37.5,42,22,52.7,42.4,42.4,15.2,33,56.4,60.6,20,21.2,7,15.2,5,3,1,26.6
"Judge, Aaron",592450,2026,34,237,285,57,29,10,0,18,85,43,29.8,15.1,.241,.511,.360,0.871,0.270,.289,41,85,121,3,5,42,449,206,2,201,11,66,9,0,0,2,12,21,153,24,0,29,46,11,10,0,5,0,1,0,0,7,0,1,161,3,0,0,1,0,0,0,0,45,5,0,0,484,1,733,161,1217,,0,2,1,2,.258,.569,.372,.396,.364,.311,.492,.537,.373,.399,-0.017,-0.058,-0.024,76.1,63.9,20.3,14,31.3,21.5,8.1,12,12.3,-5.4,50.6,38.5,94,15,34,32,20.9,6.5,20.3,23.5,26.8,2,57.5,105.082238571,97.706457908,64,22,26.4,54.2,45.8,96,177,55.1,670,73.8,6.9,210,610,397,1217,78,77,350,44.9,547,42.4,516,32.8,43.3,43.1,33.3,23.5,153,57.4,37.9,58,32.7,50,22.9,35,6.5,10,26.7
"Carter, Evan",694497,2026,23,391,455,76,50,14,3,9,114,47,25.1,10.3,.194,.315,.288,0.603,0.121,.248,40,198,123,3,17,105,643,375,0,241,21,141,1,0,1,5,29,13,289,34,0,73,89,24,27,0,0,1,20,0,0,0,10,2,192,3,0,0,1,0,0,0,0,52,14,3,0,694,12,1139,192,1833,,0,0,0,0,.205,.320,.274,.280,.297,.114,.306,.316,.272,.288,-0.011,-0.005,-0.006,71.6,23,12,8.5,31.1,22,7.1,18,8.3,-6.4,46.5,31.4,87.6,17.9,28.7,14,4.8,8,18.7,32.5,24.2,11.8,34.9,98.726085185,93.426463755,61.5,19.2,21.5,57.7,42.3,113,196,49.6,910,74.5,8.1,379,971,481,1833,80.8,109,568,50.4,923,42.3,776,29.1,41.7,39.8,36.3,23.9,289,64.2,40.8,118,29.8,86,20.1,58,9.3,27,28.9
"Ross, Ben",805346,2026,25,21,21,4,1,2,1,0,11,0,52.4,0,.190,.381,.190,0.571,0.191,.400,1,7,8,0,1,4,29,15,0,16,0,10,0,0,0,0,0,2,10,2,0,0,4,0,2,0,0,0,2,2,0,2,0,0,17,0,0,0,0,0,0,0,0,5,1,0,0,30,0,60,17,90,,0,0,0,0,.160,.275,.239,.186,.160,.114,.501,.390,.400,.337,.030,.106,.053,70.8,5.1,13,7.7,13,7.7,7.2,1,13.3,-4.6,45,35.6,78.9,19.3,50,2,20,10,20,0,20,30,30,93.431104,91.902485556,67.4,27.6,34,68.8,31.3,11,16,52.2,47,75,4.4,13,46,31,90,72.4,8,29,47.8,43,41.1,37,42.2,50,40,30,30,10,71.4,40,4,20,2,20,2,20,2,28.8
"Eaton, Nate",681987,2026,29,50,60,8,5,2,0,1,16,8,26.7,13.3,.160,.260,.300,0.560,0.100,.212,6,17,13,0,2,8,95,35,0,51,1,24,0,0,0,2,1,1,34,6,0,7,9,6,4,0,0,0,6,2,0,4,0,0,38,0,0,0,1,0,0,0,0,4,2,0,0,100,0,161,38,261,,0,0,0,0,.186,.299,.268,.289,.322,.113,.265,.304,.235,.274,-0.026,-0.039,-0.021,72.7,22.5,9.3,6.3,21.3,14.4,7.5,1,11.1,-13.3,50,31.4,87,19.7,38.2,2,5.9,8.8,17.6,41.2,23.5,2.9,32.4,97.907528824,92.983453235,70.8,24.7,29.1,46.3,53.7,19,41,54,141,80,7.7,34,139,88,261,75.3,21,85,46,120,39.5,103,31.7,48.3,52.9,26.5,20.6,34,60,29.4,10,23.5,8,35.3,12,11.8,4,29.6
"Baldwin, Drake",686948,2026,25,549,615,156,110,21,0,25,132,55,21.5,8.9,.284,.459,.358,0.817,0.175,.332,79,186,252,1,3,119,775,330,0,503,18,138,16,0,0,9,47,35,419,73,1,75,138,30,19,0,2,0,0,0,0,61,0,2,258,1,0,0,1,0,0,0,0,85,3,0,0,833,2,1550,258,2383,,0,1,1,0,.279,.505,.358,.370,.352,.226,.419,.437,.372,.366,.005,-0.046,-0.012,75.4,56.8,18.7,14.4,31.8,24.6,7.3,22,12.1,4.4,46.5,34.3,91.5,11,37.5,54,12.9,7.4,24.8,20.3,31.5,3.1,50.6,102.266130048,95.835253771,70.5,16.3,34.4,39,61,171,439,53.5,1275,79.3,7.1,349,1329,701,2383,83.7,127,781,46.5,1108,41.1,980,24.4,51.2,30.8,42.7,26.5,419,60.3,44.2,185,26.3,110,24.8,104,4.8,20,26.0
"Moore, Christian",695681,2026,23,134,147,25,18,4,1,2,48,11,32.7,7.5,.187,.276,.252,0.528,0.089,.271,18,75,37,3,1,41,193,92,0,118,5,38,4,0,0,1,8,6,87,11,0,16,33,7,6,0,0,0,0,0,0,4,0,1,84,2,1,0,0,0,1,0,0,5,1,0,0,203,1,395,84,598,,1,0,1,0,.194,.313,.239,.254,.259,.119,.308,.334,.287,.300,-0.007,-0.037,-0.015,72,24.4,12.5,8.5,27.8,19,7.2,5,5.7,0.6,42.2,31.9,88.4,11.2,29.9,8,9.3,4.6,18.4,26.4,37.9,2.3,39.1,99.553087209,93.829094186,70.2,18.1,31.1,62.4,37.6,58,93,50,299,70.2,7.9,57,367,174,598,81.9,38,210,50,299,43.3,259,31.7,50.7,25.3,51.7,23,87,61.9,47.1,41,25.3,22,20.7,18,6.9,6,28.2
"Guzman, Denzer",694203,2026,22,283,304,62,45,9,0,8,78,17,25.7,5.6,.219,.336,.266,0.602,0.117,.274,33,117,95,1,2,62,354,151,1,231,13,87,4,0,0,1,24,9,207,29,0,37,71,23,14,0,0,0,1,3,0,0,2,0,148,1,0,0,0,0,3,0,0,33,2,0,0,379,2,755,148,1134,,3,1,0,1,.225,.327,.267,.265,.272,.102,.331,.328,.302,.311,-0.006,.009,.002,74.4,45.6,12.5,9.4,24.3,18.2,8,1,6.1,-6.9,41.1,32.3,86.7,10.8,34.3,10,4.8,3.9,25.1,24.2,35.7,6.3,34.8,98.32811,93.190886195,73.4,20.4,33.6,40.9,59.1,79,193,50.6,574,89.3,6.6,137,633,357,1134,79.6,84,411,49.4,560,41.7,473,27,53.3,43.5,34.8,21.7,207,64.8,45.9,95,22.2,46,25.1,52,6.8,14,27.6
"Cortes, Carlos",666126,2026,29,343,381,86,58,16,2,10,63,31,16.5,8.1,.251,.397,.318,0.715,0.146,.278,43,158,136,1,2,85,523,257,0,273,11,124,14,0,0,4,27,14,283,44,1,47,101,27,21,0,0,0,33,0,0,27,0,3,139,1,0,0,1,0,0,0,0,30,2,0,0,561,3,971,139,1532,,0,0,0,0,.242,.368,.315,.301,.311,.126,.337,.318,.304,.295,.009,.029,.014,70.6,12.6,14.3,11.1,33.7,26.2,7,11,6.9,-0.8,43,26.1,88.4,11,36,17,6,5.3,25.4,25.1,33.9,3.5,35.8,98.824277305,93.581776121,66.2,15.8,27.9,36.7,63.3,80,218,51.1,782,69.7,8,289,849,392,1532,84.2,78,495,48.9,748,40.8,625,22.1,46.6,30,43.1,26.9,283,60.1,45.2,128,21.6,61,25.4,72,7.8,22,26.1
"Suzuki, Seiya",673548,2026,31,545,634,147,89,31,1,26,155,81,24.4,12.8,.270,.473,.368,0.841,0.203,.330,86,282,258,0,3,160,1027,534,0,448,25,143,13,0,1,5,33,41,393,73,0,80,108,24,32,0,4,1,2,0,1,30,0,3,219,0,0,0,1,0,0,1,0,96,3,0,0,1102,3,1633,219,2735,,1,6,1,0,.246,.427,.366,.340,.344,.181,.441,.398,.374,.342,.024,.046,.026,73.3,36.4,14.2,11.1,27.6,21.6,7.2,22,8.5,-4.5,47.9,32.5,88.6,17.5,36.9,42,10.7,4.8,25.7,30,26,2.8,38.9,100.235200558,94.190827557,59.6,13.9,22.5,46.3,53.7,149,322,52.4,1432,70.7,8.4,248,1458,1001,2735,86.1,108,775,47.6,1300,41.7,1138,23.5,40.2,41,34.9,24.2,393,58.8,35.9,141,30.8,121,24.9,98,8.4,33,28.0
"Fedko, Kyler",693459,2026,26,16,19,0,0,0,0,0,8,2,42.1,10.5,.000,.000,.105,0.105,0.000,.000,1,13,0,1,0,4,23,10,0,16,1,14,0,0,0,0,0,0,9,0,0,4,3,1,0,0,0,0,2,5,0,1,0,1,16,1,0,0,0,0,0,0,0,1,0,0,0,25,1,53,16,78,,0,0,0,0,.097,.136,.073,.166,.193,.040,.000,.195,.000,.185,-0.097,-0.136,-0.093,71.4,10.5,8.7,5.3,26.1,15.8,6.8,0,10.8,-2.6,50,31.1,87.9,13.4,22.2,0,0,11.1,11.1,44.4,33.3,0,44.4,96.86751,93.081273333,72.2,38.5,40.5,41.2,58.8,7,17,53.8,42,100,7.7,10,45,20,78,61.5,10,26,46.2,36,41,32,39.5,55.1,33.3,44.4,22.2,9,57.9,33.3,3,44.4,4,22.2,2,0,0,
"Perez, Salvador",521692,2026,36,580,627,133,87,24,1,21,119,25,19,4,.229,.383,.274,0.657,0.154,.251,78,256,222,0,1,158,676,279,2,519,19,152,20,0,1,13,31,31,468,71,0,110,149,43,29,0,3,0,4,0,0,82,0,7,288,0,0,0,0,0,0,0,0,50,1,0,0,745,7,1595,288,2340,,0,4,0,2,.250,.439,.285,.316,.292,.189,.326,.367,.284,.314,-0.021,-0.056,-0.031,71.6,18.9,14.7,11.4,31.7,24.6,7.7,22,11.4,-3.5,56.9,34.6,89.2,15.2,35.3,50,10.7,5.8,21.8,28,30.8,3,42.7,100.401931111,94.391887885,72.4,13.8,44.6,38,62,231,608,58.2,1362,77.2,5.8,249,1155,935,2340,86.2,98,708,41.8,978,38,889,25,56.2,40.2,34.8,25,468,65.2,38.5,180,30.1,141,25.2,118,6.2,29,23.7
"Alcántara, Kevin",682634,2026,23,25,28,6,5,0,0,1,11,2,39.3,7.1,.240,.360,.286,0.646,0.120,.357,6,15,9,1,0,8,38,30,0,17,1,24,1,0,0,0,1,2,15,3,0,3,3,3,0,0,0,0,13,6,0,9,0,1,16,1,0,0,0,0,0,0,0,6,0,0,0,39,1,79,16,118,,0,0,0,0,.232,.353,.282,.275,.280,.121,.433,.421,.400,.390,.008,.007,.007,76.8,72.1,13.8,9.3,27.6,18.6,8,2,10.4,-7.6,45.5,32.5,91.1,11.8,60,1,6.7,6.7,26.7,33.3,26.7,0,26.7,97.48780875,93.098293333,54.4,32.3,29.5,38.9,61.1,7,18,51.7,61,62.5,6.8,15,47,48,118,67.7,10,31,48.3,57,44.9,53,34.7,41.5,46.7,33.3,20,15,64.3,26.7,4,33.3,5,40,6,0,0,27.8
"DeLauter, Chase",800050,2026,24,495,559,142,93,30,3,16,82,60,14.7,10.7,.287,.457,.363,0.820,0.170,.315,67,222,226,2,11,122,829,355,0,354,14,133,13,0,0,1,51,24,416,67,0,57,131,45,39,0,1,0,3,0,0,60,0,3,119,1,1,0,1,0,1,0,0,62,10,1,0,883,3,1261,119,2144,,1,3,0,0,.277,.427,.359,.346,.357,.149,.380,.362,.341,.332,.010,.030,.013,71.5,18.5,18.3,16,39.9,34.9,7.2,21,4.5,0.8,44.6,29.1,91.4,11.8,35.1,26,6.3,6.3,27.6,24.8,32.5,2.2,46.3,101.342521401,95.083377367,65.4,8.8,21.1,32.6,67.4,77,236,52.2,1117,82.1,6.8,362,1149,625,2144,91.2,59,668,47.8,1022,41,877,15,42.3,37.7,35.6,26.7,416,54.4,43.8,182,19.5,81,27.4,114,9.4,39,26.7
"Wagaman, Eric",676572,2026,28,47,52,9,7,0,0,2,12,4,23.1,7.7,.191,.319,.269,0.588,0.128,.212,5,23,15,0,0,13,73,46,0,32,1,26,1,0,0,1,1,2,35,6,0,4,16,5,1,0,0,0,11,0,0,6,0,0,28,0,0,0,0,0,0,0,0,5,0,0,0,79,0,142,28,221,,0,0,0,0,.227,.362,.266,.296,.301,.136,.295,.340,.257,.304,-0.036,-0.043,-0.030,72.8,31.4,14.5,10.5,29,20.9,7.1,2,4.5,0.3,41.9,27.3,84.8,1,34.3,2,5.7,0,28.6,22.9,34.3,8.6,28.6,97.89492,93.334651714,59.3,28.1,28.3,34.4,65.6,11,32,51.1,113,61.5,5.9,42,120,59,221,71.9,18,64,48.9,108,43,95,30.2,43.4,37.1,40,22.9,35,73.1,48.6,17,17.1,6,31.4,11,2.9,1,26.6
"Rodden, Brock",801126,2026,26,61,72,12,8,3,1,0,24,10,33.3,13.9,.197,.279,.306,0.585,0.082,.316,4,31,17,2,0,14,98,45,0,39,2,30,0,0,1,0,4,2,38,6,0,16,7,1,1,0,0,0,10,3,0,1,0,1,45,2,0,0,0,0,1,0,0,8,0,0,0,108,1,178,45,286,,1,1,0,0,.135,.227,.271,.233,.259,.092,.329,.258,.316,.227,.062,.052,.038,69,1.7,9.6,6,34.2,21.4,7.2,3,16,-3.6,36.4,31.1,88,20.5,36.8,2,5.3,10.5,15.8,39.5,26.3,2.6,36.8,97.780007895,93.176905,65.1,28,31.9,58.8,41.2,30,51,55.9,160,88.2,5.9,60,160,60,286,72,23,82,44.1,126,41.3,118,39.8,46.5,52.6,26.3,21.1,38,61.1,28.9,11,47.4,18,21.1,8,2.6,1,28.6
"Mastrobuoni, Miles",670156,2026,30,26,30,5,5,0,0,0,10,2,33.3,6.7,.192,.192,.241,0.433,0.000,.294,1,5,5,0,0,2,37,26,0,16,1,13,0,0,0,0,3,0,18,2,0,5,6,2,0,0,0,0,1,0,0,0,1,1,7,0,0,0,1,0,0,0,0,3,0,0,0,38,2,69,7,107,,0,0,0,0,.145,.201,.202,.184,.202,.056,.262,.232,.294,.227,.047,-0.009,.018,68,2.6,9.7,7.9,41.9,34.2,6.3,1,6,2.6,44.7,32.6,90.1,11.1,27.8,0,0,11.1,16.7,33.3,33.3,5.6,22.2,95.03356,91.757005882,51.8,13.8,27.5,35.7,64.3,5,14,47.7,51,70,9.3,9,67,31,107,86.2,4,29,52.3,56,46.7,50,20.9,40.2,33.3,55.6,11.1,18,66.7,50,9,27.8,5,22.2,4,0,0,27.5
"Sánchez, Gary",596142,2026,33,225,275,47,24,10,1,12,59,46,21.5,16.7,.209,.422,.349,0.771,0.213,.226,38,129,95,0,0,69,429,258,0,129,7,86,8,0,0,3,13,18,167,16,0,26,60,15,18,0,1,0,9,0,0,23,0,1,104,0,0,0,0,0,0,0,0,37,0,0,0,474,1,672,104,1146,,0,0,0,0,.220,.397,.342,.336,.351,.177,.360,.354,.281,.297,-0.011,.025,.006,71.4,22.3,17.4,12.7,36.4,26.5,7.2,14,11.1,-3.7,61,30,87.9,14.3,29.3,14,8.4,5.4,19.8,29.3,32.3,4.8,35.3,99.561227857,93.850751078,51,18.4,23,48.9,51.1,68,139,53.2,605,56.8,6.5,191,567,375,1146,81.6,50,272,46.8,533,42.3,481,28.5,36.1,42.5,37.1,20.4,167,58.4,43.7,73,26.3,44,18.6,31,11.4,19,24.5
"Moniak, Mickey",666160,2026,28,404,436,96,50,17,6,23,120,22,27.5,5,.238,.480,.278,0.758,0.242,.272,65,163,194,1,1,79,421,163,0,333,22,117,4,0,1,3,27,29,291,39,1,78,72,20,25,0,0,0,18,0,0,40,0,7,234,1,0,0,0,0,1,0,1,49,1,0,0,458,7,1058,234,1516,,2,1,0,0,.212,.392,.322,.279,.255,.179,.422,.358,.330,.297,.026,.088,.043,74.3,45.4,13.7,10,28.9,21.1,7.8,14,13.8,-6.4,52,33.5,89.7,21.4,32,28,9.6,6.5,21.3,35.4,24.4,2.7,41.6,99.875625205,94.179652165,76.4,18,44,48.7,51.3,174,357,53.6,812,85.7,5.5,316,712,487,1516,82,97,538,46.4,704,40.8,618,30.3,59,48.1,34.7,17.2,291,66.5,34,99,36.8,107,20.3,59,8.9,26,28.1
"Knizner, Andrew",668800,2026,31,73,80,16,10,4,0,2,14,4,17.5,5,.219,.356,.287,0.643,0.137,.246,4,28,26,0,0,12,89,51,0,48,7,29,3,0,0,3,7,5,59,4,0,14,14,6,9,0,0,0,10,0,0,0,0,0,27,0,0,0,0,0,0,0,0,8,0,0,0,96,0,195,27,291,,0,0,0,0,.212,.330,.288,.274,.281,.118,.306,.287,.271,.262,.007,.026,.014,70.2,7.2,12.5,9.6,32.3,24.8,7.2,8,9.2,-4.9,60.8,24.4,87,22.9,23.7,3,5.1,3.4,23.7,39,23.7,5.1,32.2,98.388085333,93.282077288,61.8,19.8,39.4,33.3,66.7,21,63,55,160,80,6.9,48,161,82,291,80.2,16,81,45,131,41.9,122,25.7,49.5,33.9,47.5,18.6,59,63.7,35.6,21,32.2,19,16.9,10,15.3,9,24.7
"Betts, Mookie",605141,2026,33,478,528,123,75,25,0,23,58,47,11,8.9,.257,.454,.326,0.780,0.197,.251,69,223,217,3,2,120,703,410,0,284,7,123,14,0,2,2,27,28,421,68,0,110,111,48,28,0,3,0,2,0,0,0,0,1,86,2,1,0,0,0,0,0,0,71,2,0,0,736,1,1216,86,1952,,0,4,0,0,.278,.435,.338,.339,.341,.157,.345,.347,.292,.316,-0.021,.019,-0.001,69.7,8.9,14.2,12.9,45.8,41.5,7,26,8.2,-5.9,57.1,33.5,90.2,17.9,40.4,33,7.8,4.8,29.2,33.7,22.6,1.9,38,98.722352796,93.725941924,61.5,5.2,20.3,35.4,64.6,69,195,49.1,959,73.9,9.2,213,1145,594,1952,94.8,32,611,50.9,993,41.6,813,12.5,41.3,40.1,39.7,20.2,421,61.2,32.8,138,32.8,138,27.8,117,6.7,28,26.7
"Perkins, Blake",663368,2026,29,89,101,14,7,6,0,1,22,10,21.8,9.9,.157,.258,.250,0.508,0.101,.197,11,50,23,1,3,26,137,87,0,69,3,55,1,0,0,1,3,1,68,10,0,14,27,4,9,0,0,0,12,10,0,1,1,0,33,0,1,0,0,0,0,0,0,14,2,1,0,150,1,269,33,419,,0,3,0,0,.196,.295,.236,.264,.285,.099,.237,.279,.209,.261,-0.039,-0.037,-0.028,70.4,8.7,10.2,8,31.4,24.7,7.4,1,9.4,0.6,64.7,29.8,86.4,13.4,23.5,3,4.4,7.4,11.8,32.4,33.8,10.3,33.8,97.263370606,92.781445846,59.2,16.8,28.9,28.6,71.4,18,63,52,218,67.5,9.5,75,259,78,419,83.2,20,119,48,201,40.3,169,20.9,43.4,42.6,30.9,26.5,68,68.3,44.1,30,22.1,15,20.6,14,13.2,9,28.7
"Jenkins, Walker",805805,2026,21,84,93,19,13,2,0,4,19,7,20.4,7.5,.226,.393,.293,0.686,0.167,.246,10,33,33,1,1,19,115,51,0,56,2,26,2,0,0,1,5,4,66,10,0,14,24,5,4,0,0,0,0,1,0,1,1,0,36,1,0,0,1,0,0,0,0,14,1,0,0,126,1,214,36,340,,0,0,0,0,.242,.394,.303,.310,.308,.152,.343,.352,.292,.313,-0.016,-0.001,-0.007,72,20,10.6,8.3,32.7,25.5,7,2,11,-3.9,54.5,34.2,86.1,15.5,30.3,5,7.6,4.5,24.2,27.3,31.8,4.5,27.3,96.544744242,92.338979385,70.8,17.6,25.6,40.9,59.1,18,44,50.6,172,67.7,9.1,52,162,123,340,82.4,21,119,49.4,168,40.9,139,23.9,47.9,37.9,43.9,18.2,66,59.1,43.9,29,27.3,18,22.7,15,6.1,4,27.7
"Vientos, Mark",668901,2026,26,274,295,58,34,11,0,13,71,15,24.1,5.1,.212,.394,.258,0.652,0.182,.233,41,141,108,0,0,83,321,136,0,191,7,87,12,0,0,3,21,17,206,19,1,44,69,17,18,0,0,0,9,0,0,14,0,3,163,0,0,0,0,0,0,0,0,28,0,0,0,356,3,712,163,1068,,0,0,0,0,.231,.433,.283,.304,.276,.202,.344,.374,.282,.308,-0.019,-0.039,-0.021,73.7,34.5,18.9,13.2,33.6,23.6,7.5,15,13.1,-0.2,62,31.5,89.8,14.6,31.1,20,9.7,4.9,19.4,27.7,35.9,2.4,43.7,100.784554369,94.654892913,74.4,20.3,35.2,52,48,102,196,52.2,557,77.9,6.4,180,523,361,1068,79.7,77,380,47.8,511,42.5,454,31.1,53.9,37.4,38.8,23.8,206,61,43.7,90,29.6,61,17.5,36,9.2,19,25.8
"Lukes, Nathan",664770,2026,31,408,450,113,88,15,0,10,64,25,14.2,5.6,.277,.387,.327,0.714,0.110,.306,41,153,158,1,1,92,566,287,0,383,21,125,13,0,0,7,48,18,354,47,0,51,143,31,16,0,0,0,18,1,0,0,7,3,111,1,0,0,0,0,0,0,0,48,1,0,0,585,10,1167,111,1752,,0,3,1,0,.258,.348,.317,.293,.310,.090,.339,.309,.326,.304,.019,.039,.024,67,3.2,7.5,6.3,35.1,29.4,6.4,8,6,9.4,43.7,30.3,86.9,7.8,30.8,9,2.5,5.4,27.1,20.3,37.6,7.1,29.1,96.384292965,92.230606851,66.3,13.2,34.1,21.1,78.9,63,298,49.9,874,70.9,8.4,242,1144,363,1752,86.8,77,582,50.1,878,41.9,734,15.9,50.2,31.6,39.5,28.8,354,65.8,54,191,19.5,69,22,78,4.5,16,27.0
"Jiménez, Eloy",650391,2026,29,31,35,9,9,0,0,0,7,3,20,8.6,.290,.290,.343,0.633,0.000,.360,3,12,9,0,0,6,42,17,0,22,0,12,1,0,0,0,5,1,25,3,0,4,7,3,2,0,0,0,3,0,0,9,0,1,20,0,0,0,0,0,0,0,0,2,0,0,0,46,1,84,20,130,,0,0,0,0,.214,.289,.289,.256,.279,.076,.320,.275,.360,.270,.076,.001,.033,72.6,21.7,18.6,13.3,32.6,23.3,7.3,1,6.2,-6.6,42.6,26.7,89.2,5.6,32,1,4,8,20,24,44,0,44,98.972092308,93.9795348,70.6,13.9,39.2,48.4,51.6,15,31,60.8,79,100,5.4,8,64,58,130,86.1,5,36,39.2,51,43.8,57,29.9,51.5,52,20,28,25,65.7,48,12,20,5,24,6,8,2,26.0
"Julien, Edouard",666397,2026,27,236,276,49,36,9,1,3,71,39,25.7,14.1,.208,.292,.322,0.614,0.084,.284,20,89,69,3,5,48,451,198,0,188,8,88,6,0,1,1,19,9,165,21,0,24,64,24,4,0,0,0,18,1,0,9,0,0,97,3,0,0,0,0,1,0,0,37,5,0,0,475,0,663,97,1138,,1,2,0,0,.247,.401,.287,.338,.356,.155,.310,.396,.297,.353,-0.039,-0.109,-0.051,71.5,15.2,14.7,11.5,35.7,27.9,7,7,11.6,7.4,38.7,42.8,90.8,7.7,42.4,12,7.3,8.5,32.1,12.1,35.2,4.8,49.7,100.290529512,94.870091768,62.8,15.6,18.6,51.4,48.6,54,105,49.6,565,77.6,6.7,180,629,326,1138,84.4,56,360,50.4,573,42.8,487,23.7,40.9,37,40,23,165,57.2,50.3,83,20,33,27.3,45,2.4,4,26.7
"Abrams, CJ",682928,2026,25,579,654,151,84,30,4,33,158,57,24.2,8.7,.261,.497,.336,0.833,0.236,.299,106,236,288,6,34,148,796,365,0,486,26,152,9,0,1,12,42,42,427,67,0,80,114,29,49,0,4,0,2,0,0,11,0,6,337,5,1,0,2,0,1,0,0,93,29,4,1,865,6,1663,337,2528,,1,4,0,0,.247,.438,.358,.333,.323,.191,.437,.400,.354,.339,.014,.059,.025,73,27.5,14.3,10.3,32,22.9,7.7,30,14.3,-7,57.5,29,89.6,18,34.2,45,10.6,7,24.4,29,26.5,2.3,40.5,99.979603803,94.2347827,68.7,19,36.9,46,54,234,509,54.6,1380,70.3,6.1,355,1250,917,2528,81,150,789,45.4,1148,41.3,1045,29.6,51.3,45,32.3,22.7,427,64.4,36.5,156,28.6,122,23.2,99,11.7,50,28.4
"Okamoto, Kazuma",672960,2026,30,568,636,132,73,26,0,33,183,59,28.8,9.3,.232,.452,.310,0.762,0.220,.279,92,282,257,1,1,154,902,454,0,456,33,156,15,0,1,6,35,42,388,55,0,89,104,24,38,0,0,0,1,0,0,3,0,3,365,1,0,0,0,0,0,0,0,81,1,0,0,966,3,1710,365,2676,,0,3,0,0,.224,.446,.332,.328,.305,.222,.426,.420,.340,.332,.008,.006,.004,73.1,33.5,14.9,10.5,31.9,22.5,7.9,33,15.6,-4.1,58,31.9,90.6,19.4,35.1,51,13.1,5.9,21.9,29.9,25.8,3.4,44.1,101.291152371,94.970378557,67.7,22.1,27.3,57.9,42.1,217,375,51.4,1374,75.6,6.7,295,1438,941,2676,77.9,195,881,48.6,1301,40.9,1095,32.8,46.9,50.8,30.4,18.8,388,61,35.8,139,33.8,131,20.6,80,9.8,38,26.4
"McGonigle, Kevin",805808,2026,21,605,707,168,117,28,5,18,100,95,14.1,13.4,.278,.430,.376,0.806,0.152,.305,72,212,260,4,12,126,1087,457,0,509,25,156,5,0,2,3,49,38,509,80,1,143,123,35,39,0,1,0,6,0,0,5,0,4,168,4,0,0,3,0,0,0,0,97,12,0,0,1157,4,1672,168,2829,,0,4,2,0,.264,.445,.357,.355,.364,.182,.362,.360,.330,.314,.014,-0.015,.002,71.2,16,12.3,10.5,35,29.9,6.9,18,15.3,1.1,49.8,36.5,87.8,19.5,36.3,37,7.3,8.6,23.2,32.2,23.8,4.7,37.6,98.454122638,93.40873561,67.2,11,19.6,33.3,66.7,94,282,50.9,1441,76.6,7.8,483,1490,847,2829,89,103,933,49.1,1388,43.2,1223,16.2,42.9,37.1,36,26.9,509,55,33.8,172,35.6,181,22.8,116,7.9,40,28.2
"Pinckney, Andrew",687605,2026,25,25,29,7,5,0,1,1,10,1,34.5,3.4,.280,.480,.310,0.790,0.200,.375,3,3,12,1,1,2,39,22,0,14,1,17,0,0,0,1,2,2,17,3,0,3,5,1,0,0,0,0,4,4,0,0,0,2,12,1,0,0,0,0,0,0,0,7,1,0,0,42,2,67,12,109,,0,0,0,0,.239,.374,.328,.297,.296,.135,.476,.422,.412,.387,.041,.106,.031,76.2,70.3,24,16.2,44,29.7,7.6,1,9.7,3.9,55,31.3,94.8,15.1,41.2,2,11.8,5.9,47.1,17.6,17.6,0,58.8,104.080331111,97.343559412,63.6,25.7,18.5,50,50,5,10,49.5,54,92.3,11.9,17,52,40,109,74.3,9,35,50.5,55,41.3,45,31.1,41.3,23.5,29.4,47.1,17,51.7,41.2,7,29.4,5,29.4,5,0,0,31.0
"Fairchild, Stuart",656413,2026,30,19,27,3,3,0,0,0,14,7,51.9,25.9,.158,.158,.407,0.565,0.000,.600,1,15,3,0,2,6,47,15,0,8,1,15,0,0,0,1,3,0,5,0,0,1,0,1,0,0,0,0,5,2,0,1,0,0,26,0,0,0,0,0,0,0,0,4,2,0,0,53,0,57,26,110,,0,0,0,0,.089,.151,.307,.280,.359,.062,.534,.389,.600,.337,.069,.007,.027,71,2.8,20,5.6,30,8.3,7.6,1,19.7,-11.9,52.8,36,94.2,16.3,20,0,0,20,40,20,0,20,40,101.9605,95.2142375,61.9,57.7,23.5,87.5,12.5,14,16,61.8,68,83.3,5.5,14,57,39,110,42.3,15,26,38.2,42,40,44,69,38.2,40,60,0,5,48.1,60,3,20,1,20,1,0,0,27.5
"Veen, Zac",691728,2026,24,69,79,16,9,3,1,3,31,7,39.2,8.9,.232,.435,.312,0.747,0.203,.371,13,32,30,0,2,20,102,27,0,57,7,36,0,0,0,1,5,5,40,6,0,12,11,1,0,0,0,0,6,2,0,1,2,0,58,0,0,0,1,0,0,0,0,10,2,0,0,108,2,195,58,303,,0,1,0,0,.194,.338,.327,.275,.278,.144,.514,.410,.421,.352,.038,.097,.052,72.5,25.5,11.9,7.1,22.6,13.5,7.2,5,15.4,-2.9,42.2,32.2,87.4,18.6,37.5,3,7.5,10,20,30,20,12.5,37.5,100.314036316,94.543508649,76.5,33,41.8,49.4,50.6,38,77,60.7,184,100,2.6,45,194,63,303,67,30,91,39.3,119,44.6,135,40.5,55.4,40,37.5,22.5,40,62,40,16,42.5,17,17.5,7,0,0,28.4
"Kwan, Steven",680757,2026,28,539,637,152,125,21,3,3,62,85,9.7,13.3,.282,.349,.382,0.731,0.067,.312,32,176,188,3,10,105,997,651,1,366,16,151,10,0,2,4,50,16,485,85,1,92,153,64,23,0,1,0,3,0,0,3,5,3,51,3,0,0,0,0,0,0,0,80,9,0,1,1032,8,1586,51,2618,,0,6,0,1,.277,.343,.334,.328,.377,.066,.310,.303,.317,.312,.005,.006,.006,62.4,0.2,1.7,1.6,45.8,42.8,6.2,5,1.6,0.6,31.7,36.7,83.9,12.8,40.6,2,0.4,2.5,29.9,28.9,31.3,6.8,10.5,92.178642308,90.121380491,51.2,4.8,19.8,17.4,82.6,44,253,49,1281,62.1,7.9,266,1773,572,2618,95.2,33,681,51,1331,42.9,1120,8.2,35.7,27,39.8,33.2,485,56.9,41.9,203,22.3,108,30.9,150,4.9,24,27.5
"Hernández, Heriberto",681715,2026,26,448,505,102,58,17,2,25,134,52,26.5,10.3,.228,.442,.313,0.755,0.214,.266,67,220,198,5,13,121,729,315,0,297,18,130,6,0,1,4,30,33,315,39,0,67,96,24,24,0,1,0,3,0,0,5,0,1,268,4,1,0,0,0,4,1,0,51,13,0,0,784,1,1222,268,2006,,5,7,1,0,.242,.475,.329,.348,.326,.233,.405,.433,.324,.346,-0.014,-0.033,-0.019,74.3,46.6,19.7,13.9,35.9,25.4,7.7,27,13.5,-3.3,63.4,26.7,91.5,13.3,32.1,40,12.7,8.9,21.9,23.8,29.2,3.5,48.6,101.890099177,95.562362984,69.6,22,23.9,59.4,40.6,152,256,53.4,1071,84.8,6.2,284,1104,615,2006,78,143,651,46.6,935,42.6,855,32.5,45.2,46,39,14.9,315,60.2,40,126,31.7,100,20.6,65,7.6,24,28.3
"Groover, LuJames",694410,2026,24,48,54,8,5,2,0,1,11,5,20.4,9.3,.167,.271,.259,0.530,0.104,.194,4,29,13,0,0,17,69,47,0,36,1,15,3,0,1,1,2,1,37,5,0,7,15,2,5,0,0,0,3,0,0,5,0,0,12,0,0,0,0,0,0,0,0,4,0,0,0,74,0,134,12,208,,0,0,0,0,.215,.328,.245,.286,.304,.113,.244,.304,.216,.281,-0.048,-0.057,-0.041,71.1,10.4,15.2,13,42.4,36.4,6.9,2,8.8,-5.6,51.3,33.3,90,16.7,24.3,4,11.1,0,18.9,32.4,32.4,2.7,45.9,99.52748,94.341552778,60.7,5.9,19.8,52.6,47.4,10,19,46.2,96,77.8,8.7,20,114,74,208,94.1,4,68,53.8,112,38.5,80,16.1,41.8,40.5,32.4,27,37,68.5,45.9,17,21.6,8,18.9,7,13.5,5,26.8
"Ibáñez, Andy",628451,2026,33,23,26,2,2,0,0,0,3,1,11.5,3.8,.087,.087,.115,0.202,0.000,.091,5,10,2,0,0,5,15,10,0,20,1,14,0,0,0,0,1,0,22,1,0,11,7,2,0,0,0,0,4,0,0,1,0,2,9,0,0,0,0,0,0,0,0,1,0,0,0,17,2,62,9,79,,0,1,0,0,.152,.205,.095,.164,.174,.053,.081,.162,.091,.160,-0.065,-0.118,-0.069,70.5,6.4,5.3,4.3,36.8,29.8,7.5,0,10,-10.2,53.2,29.9,86.3,13.6,22.7,0,0,4.5,9.1,50,31.8,4.5,18.2,94.855231818,91.427615909,77.3,14.7,51.4,27.8,72.2,5,18,44.3,35,80,12.7,19,38,22,79,85.3,5,34,55.7,44,35.4,28,19.2,65.8,54.5,31.8,13.6,22,84.6,36.4,8,50,11,13.6,3,0,0,27.3
"Machado, Manny",592518,2026,33,589,677,128,76,22,0,30,144,76,21.3,11.2,.217,.407,.303,0.710,0.190,.231,91,261,240,4,5,141,942,408,0,500,29,158,22,0,0,1,26,34,456,67,1,96,153,38,36,0,3,0,1,0,2,19,1,10,290,3,1,0,1,0,0,0,0,82,4,1,0,987,11,1687,290,2674,,0,6,2,0,.243,.420,.310,.328,.326,.177,.345,.371,.281,.320,-0.026,-0.013,-0.018,74.7,45.6,15.3,11.8,28.8,22.2,7.9,31,7.3,-1.8,56.2,26.2,90.1,14.5,32.7,44,9.7,6.4,23,27.9,28.1,4.6,43.6,101.077431814,94.870082434,67.4,16.5,30.5,42.4,57.6,183,432,53,1418,82.6,6.7,309,1500,863,2674,83.5,140,847,47,1256,42.6,1140,25.3,47.8,40.1,33.6,26.3,456,62.5,39.3,179,28.5,130,24.1,110,8.1,37,25.3
"Salazar, César",663967,2026,30,18,22,1,1,0,0,0,3,3,13.6,13.6,.056,.056,.227,0.283,0.000,.067,1,6,1,0,0,2,36,16,0,21,1,9,0,0,0,1,1,0,15,0,0,3,7,4,0,0,0,0,2,0,0,0,0,0,5,0,0,0,0,0,0,0,0,0,0,0,0,37,0,58,5,95,,0,0,0,0,.237,.328,.169,.328,.375,.091,.059,.293,.067,.284,-0.181,-0.272,-0.159,66.8,0,6.3,5.4,28.1,24.3,6.9,0,14.2,-4.7,54.1,32.6,88.6,11.2,20,0,0,6.7,33.3,26.7,26.7,6.7,33.3,96.63377,92.976092857,65.9,7.4,27.8,26.7,73.3,4,15,56.8,54,75,4.2,17,47,31,95,92.6,2,27,43.2,41,42.1,40,14.3,44.2,53.3,33.3,13.3,15,68.2,53.3,8,20,3,26.7,4,0,0,
"Millas, Drew",686452,2026,28,130,152,24,18,4,0,2,37,14,24.3,9.2,.185,.262,.277,0.539,0.077,.239,11,73,34,1,0,39,191,120,2,103,4,50,1,0,0,3,5,3,96,16,0,16,38,11,6,0,0,0,6,2,0,0,2,1,52,1,0,0,0,0,0,0,0,18,0,0,0,203,3,382,52,585,,0,0,0,2,.204,.282,.251,.266,.295,.079,.268,.291,.255,.283,-0.019,-0.020,-0.015,68.1,3.6,4.8,3.6,31,23.4,7.1,1,7.9,-4.2,41.6,32.1,83.6,12.8,34.4,3,3.2,3.1,22.9,24,35.4,9.4,21.9,94.435516667,91.391984222,61.8,14.3,28.8,41.4,58.6,36,87,51.6,302,61.1,6.2,92,343,149,585,85.7,25,175,48.4,283,43.6,255,23.3,44.8,36.5,31.3,32.3,96,69.7,44.8,43,19.8,19,29.2,28,6.3,6,27.6
"Dunn, Oliver",686554,2026,28,11,12,1,1,0,0,0,3,1,25,8.3,.091,.091,.167,0.258,0.000,.125,1,2,1,0,0,2,14,8,0,6,0,9,0,0,0,0,1,0,8,0,0,0,6,0,1,0,0,0,1,5,0,2,0,0,6,0,0,0,0,0,0,0,0,4,0,0,0,14,0,28,6,42,,0,0,0,0,.174,.192,.132,.207,.243,.018,.111,.223,.125,.239,-0.083,-0.101,-0.075,74.1,37.5,10,6.3,20,12.5,7.3,0,11.8,3.1,82.4,27.2,82.6,-6.1,0,0,0,0,25,12.5,37.5,25,25,94.2383425,92.617014286,66.7,28.6,28.6,33.3,66.7,2,6,50,21,66.7,7.1,4,28,10,42,71.4,4,14,50,21,35.7,15,30,47.6,25,50,25,8,58.3,87.5,7,0,0,0,0,12.5,1,28.4
"Alexander, Blaze",677942,2026,27,261,289,79,60,13,2,4,63,19,21.8,6.6,.303,.414,.358,0.772,0.111,.385,31,92,108,3,10,61,358,106,2,257,17,93,5,0,2,4,27,10,201,42,0,33,69,16,3,0,1,0,6,2,0,0,2,1,129,3,0,0,2,0,1,0,0,35,10,0,0,379,3,727,129,1106,,1,1,0,2,.300,.452,.340,.351,.354,.152,.408,.425,.397,.396,.003,-0.038,-0.011,72.2,23.9,14.5,10.9,33.8,25.6,7.4,12,8.1,5.3,49.9,36.3,92.3,9.2,40.8,13,6.6,7,34.8,15.9,30.3,3.5,48.8,100.590883438,95.214491406,82.5,19.6,30.2,40.5,59.5,68,168,50.4,557,86.1,6.5,105,700,301,1106,80.4,89,453,49.6,549,40.4,447,25.3,56.1,33.3,37.8,28.9,201,62.2,47.8,96,21.4,43,29.4,59,1.5,3,28.4
"Fulford, Braxton",690924,2026,27,74,85,13,8,4,0,1,34,8,40,9.4,.176,.270,.259,0.529,0.094,.293,7,23,20,0,4,12,127,58,0,61,2,47,0,0,0,1,4,5,42,4,0,12,10,2,4,0,0,0,13,6,0,14,0,2,53,0,0,0,0,0,0,0,0,12,4,0,0,135,2,217,53,352,,0,2,0,0,.138,.226,.242,.209,.226,.088,.338,.273,.310,.242,.038,.044,.033,72,24.6,8,5.4,21.8,14.6,6.6,3,10.5,-5.1,52.7,30.5,87.6,23.3,23.8,3,7.1,2.4,14.3,47.6,26.2,2.4,35.7,98.356051429,93.304319024,66.7,21.6,28.6,59.6,40.4,34,57,56.5,199,77.8,7.7,38,194,106,352,78.4,22,102,43.5,153,35.8,126,35.2,45.2,28.6,33.3,38.1,42,56.5,33.3,14,40.5,17,14.3,6,11.9,5,28.6
"Morales, Yohandy",691002,2026,24,47,47,12,4,4,0,4,15,0,31.9,0,.255,.596,.255,0.851,0.341,.286,10,19,28,0,1,10,60,30,0,28,2,17,1,0,0,0,2,6,32,4,0,4,13,0,3,0,0,0,2,0,0,2,0,0,34,0,0,0,0,0,0,0,0,10,1,0,0,64,0,127,34,191,,0,0,0,0,.258,.491,.358,.317,.258,.232,.525,.465,.375,.380,-0.003,.105,.041,73.5,35.8,26.9,17.3,32.7,21,7.5,2,15.6,4.5,59.3,34.9,91.7,14.7,31.3,5,15.6,9.4,28.1,15.6,31.3,0,62.5,103.672409375,96.87047375,72.9,25.8,33,60,40,21,35,55.5,106,73.3,7.9,31,91,69,191,74.2,16,62,44.5,85,41.9,80,38.1,50.8,43.8,31.3,25,32,63.8,46.9,15,31.3,10,12.5,4,9.4,3,28.7
"Nootbaar, Lars",663457,2026,28,285,334,68,45,14,1,8,70,46,21,13.8,.239,.379,.342,0.721,0.140,.287,33,121,108,1,2,81,511,322,0,198,10,90,6,0,1,0,22,13,218,33,0,49,80,13,7,0,3,0,14,0,0,17,1,2,86,0,1,0,1,0,0,0,0,39,2,0,0,546,3,841,86,1387,,0,1,0,0,.247,.437,.320,.343,.345,.190,.349,.383,.313,.326,-0.008,-0.058,-0.023,73.3,34.6,18.6,15.4,37.8,31.2,6.8,10,8.9,0.3,52.9,29.8,92,9.2,34.9,22,10.1,7.3,22,22.9,34.4,2.8,49.5,101.741653981,95.613341163,53.7,12.7,20.7,35.9,64.1,51,142,49.4,685,59.3,7.8,238,781,368,1387,87.3,48,377,50.6,702,43,596,19.1,37.4,39.9,37.6,22.5,218,57.4,46.8,102,28.4,62,21.6,47,3.2,7,27.5
"Chourio, Jackson",694192,2026,22,522,573,152,100,27,0,25,134,47,23.4,8.2,.291,.487,.351,0.838,0.196,.348,75,211,254,5,23,132,703,398,0,392,19,127,7,0,2,2,61,34,390,57,0,86,115,20,17,0,5,0,1,0,0,1,0,2,237,3,2,0,0,0,0,0,0,96,22,1,0,746,2,1444,237,2190,,0,3,0,0,.265,.475,.361,.344,.321,.210,.447,.423,.390,.355,.026,.012,.017,74.4,46.6,18.8,14.6,34.1,26.5,7.4,20,9.4,2.9,66.4,27.8,91.6,11.8,33.3,48,12.3,6.7,24.9,23.6,30,2.3,47,102.267018667,95.707575064,63.4,14.7,33.8,42.7,57.3,167,391,52.9,1157,72.2,6.6,241,1226,713,2190,85.3,96,654,47.1,1032,41,898,25.1,47.8,30,45.6,24.4,390,66.8,45.1,176,30.8,120,19.7,77,4.4,17,28.9
"Higgins, P.J.",664731,2026,33,26,32,6,5,1,0,0,8,2,25,6.3,.231,.269,.276,0.545,0.038,.316,4,12,7,0,0,10,48,27,0,15,2,13,1,0,0,0,0,1,22,5,0,5,8,1,2,0,0,0,4,0,0,0,3,1,11,0,0,0,0,0,0,0,0,1,0,0,0,50,4,78,11,128,,0,0,0,0,.276,.326,.245,.287,.318,.051,.301,.364,.316,.380,-0.045,-0.057,-0.042,66.8,0,2.9,2.4,41.2,33.3,6.6,2,11.4,-9.1,50,30.4,83.6,24.5,45.5,0,0,4.5,36.4,31.8,13.6,13.6,13.6,92.126883,90.475419474,59.7,12.5,18,72.7,27.3,8,11,47.7,61,70,7.8,14,76,38,128,87.5,5,40,52.3,67,44.5,57,25.5,39.8,40.9,27.3,31.8,22,65.6,36.4,8,27.3,6,27.3,6,9.1,2,
"Buxton, Byron",621439,2026,32,370,408,94,50,18,1,25,100,30,24.5,7.4,.254,.511,.319,0.830,0.257,.279,46,164,189,1,7,80,474,187,0,271,17,93,4,0,0,6,32,29,272,33,0,61,59,23,34,0,2,0,6,0,0,20,0,2,225,1,0,0,0,0,0,0,0,65,6,0,1,523,2,977,225,1500,,0,2,0,0,.248,.488,.355,.343,.311,.240,.441,.424,.346,.339,.006,.023,.012,74.1,40.4,16.6,11.7,29.7,21,8,14,14.1,-8.3,57.4,34.4,90.2,20.3,32.4,43,15.9,5.9,18.4,31.6,24.3,4,46.7,101.614948971,95.255176912,74.1,16.5,34.4,58.4,41.6,163,279,54.1,811,78.9,6,261,756,482,1500,83.5,84,510,45.9,688,41.8,627,31.3,52.7,48.2,32.4,19.5,272,65,33.5,91,33.1,90,21,57,12.5,34,29.7
"Callahan, Brett",814430,2026,24,71,80,15,10,3,1,1,27,7,33.8,8.8,.211,.324,.287,0.611,0.113,.318,8,43,23,0,1,23,75,32,0,70,5,33,0,0,1,1,5,2,45,8,0,12,9,3,6,0,0,0,10,0,0,4,0,1,38,0,0,0,0,0,0,0,0,4,1,0,0,83,1,194,38,277,,0,1,0,0,.211,.375,.274,.296,.291,.164,.363,.401,.333,.340,.000,-0.051,-0.022,75,51.7,12,9.1,22.2,16.8,7,5,7.6,-3.9,29.9,36.1,89.9,18.6,28.9,5,11.1,4.4,26.7,33.3,22.2,2.2,44.4,100.59326913,94.695257778,77.8,14.3,40.1,56.1,43.9,32,57,51.3,142,100,7.6,59,155,63,277,85.7,15,105,48.7,135,38.6,107,29,58.5,35.6,40,24.4,45,72.5,31.1,14,31.1,14,24.4,11,13.3,6,28.2
"Greene, Riley",682985,2026,25,511,592,143,88,32,2,21,157,71,26.5,12,.280,.474,.370,0.844,0.194,.361,75,239,242,1,3,137,913,355,0,441,29,140,12,0,1,5,37,36,359,69,1,86,91,22,15,0,4,0,3,0,0,17,0,5,300,1,0,0,0,0,1,0,0,79,3,0,0,978,5,1496,300,2474,,1,3,0,0,.262,.497,.366,.369,.353,.235,.459,.465,.398,.377,.018,-0.023,-0.003,75.7,59,16.4,11.5,27.7,19.5,7.3,15,15.7,-0.8,42.5,44.5,89.9,17.7,39.8,53,14.8,6.7,22.8,27.9,22,5.8,46,102.260968,95.510780139,68.9,18.8,26,55.8,44.2,191,342,53.1,1314,80.3,5.9,521,1323,625,2474,81.2,150,799,46.9,1160,42.6,1055,29.9,46.1,38.7,37,24.2,359,60.8,35.7,128,34,122,25.9,93,4.5,16,26.6
"Arenado, Nolan",571448,2026,35,533,599,136,80,25,1,30,120,52,20,8.7,.255,.475,.331,0.806,0.220,.275,86,278,253,0,4,151,802,414,1,423,24,152,12,0,0,10,35,43,416,58,0,71,122,29,54,0,2,0,6,0,0,8,0,3,229,0,0,0,1,0,0,0,0,80,4,0,0,863,3,1520,229,2383,,0,3,0,1,.231,.366,.349,.300,.308,.135,.399,.328,.327,.296,.024,.109,.049,71.4,15.1,9,7,29.2,22.9,8.4,35,12.8,-12.7,59.7,32.4,85.2,18.6,33.7,29,7,4.8,24,31,29.1,4.1,31.3,96.979032548,92.490308149,63.5,16.8,31.9,36.6,63.4,150,410,54,1286,68.2,7.5,256,1267,857,2383,83.2,117,695,46,1094,40.5,963,24.1,46.4,49.8,33.9,16.3,416,59.3,37.7,157,27.4,114,21.4,89,13.5,56,25.1
"Wade Jr., LaMonte",664774,2026,32,127,146,26,16,6,0,4,36,19,24.7,13,.205,.346,.308,0.654,0.141,.253,19,39,44,0,0,27,267,131,0,107,9,56,0,0,0,0,10,6,91,10,0,21,25,12,7,0,0,0,11,0,0,1,0,0,53,0,0,0,0,0,0,0,0,18,0,0,0,276,0,393,53,669,,0,1,0,0,.188,.286,.296,.268,.294,.098,.330,.284,.286,.263,.017,.060,.028,71.4,10.3,10.7,8.2,29.9,22.8,6.9,4,9.4,-3.7,57.1,30.3,86.4,13.9,28.6,3,3.3,9.9,20.9,30.8,27.5,7.7,31.9,97.382950222,92.810518427,59.1,16.9,20.9,43.8,56.2,32,73,52.2,349,77.4,7.9,97,428,140,669,83.1,32,189,47.8,320,40.4,270,24.4,39.2,41.8,33,25.3,91,46.6,38.5,35,29.7,27,24.2,22,7.7,7,25.7
"Realmuto, J.T.",592663,2026,35,414,467,85,55,19,0,11,100,37,21.4,7.9,.205,.331,.283,0.614,0.126,.239,51,206,137,0,3,111,605,325,0,337,20,123,9,0,1,10,21,18,320,46,0,68,115,35,15,0,0,0,2,0,0,0,0,6,181,0,0,0,2,0,1,0,0,52,3,0,0,661,6,1192,181,1853,,1,1,0,0,.249,.387,.275,.317,.325,.138,.298,.359,.266,.327,-0.044,-0.056,-0.042,73.1,32.5,13.2,10.2,34.1,26.3,7.4,12,12.1,0.3,55.4,33,89.5,11.8,35.6,18,5.7,8.8,24.1,24.1,33.4,3.4,40,99.623141132,94.21920959,64.9,15.9,29.9,40.8,59.2,117,287,51.8,959,77,6.8,229,1048,576,1853,84.1,92,580,48.2,894,44,816,24.1,46.8,42.5,33.4,24.1,320,59.7,42.5,136,26.9,86,25.9,83,4.7,15,28.1
"Dingler, Dillon",693307,2026,27,551,607,134,78,27,2,27,139,34,22.9,5.6,.243,.446,.302,0.748,0.203,.274,91,265,246,0,0,154,754,396,2,459,22,145,12,0,0,15,30,42,418,61,1,79,125,39,37,0,0,0,1,0,0,29,0,5,209,0,0,0,0,0,0,0,0,72,0,0,0,818,5,1526,209,2344,,0,5,0,2,.266,.468,.325,.344,.325,.202,.389,.415,.321,.354,-0.023,-0.022,-0.019,71.9,16.7,15.4,12.2,32.5,25.7,7.6,11,13.4,-3.9,55.8,39.6,88.8,17.6,39.1,42,10.1,8.6,26.6,26.4,23.7,4.3,43.4,100.44813399,94.484766322,65,11.9,33.4,40.4,59.6,168,416,53.1,1245,74.6,7.2,305,1362,670,2344,88,85,714,46.9,1099,42.4,993,22.4,48.2,42.2,37.2,20.6,417,60.8,37.2,155,29,121,24.7,103,9.1,38,27.3
"Crawford, J.P.",641487,2026,31,412,489,91,65,12,0,14,97,64,19.8,13.1,.221,.352,.335,0.687,0.131,.253,40,143,145,3,1,75,805,432,0,330,18,116,6,0,2,8,39,18,320,34,0,54,113,33,29,0,1,0,1,0,0,1,2,3,110,2,1,0,1,0,1,0,0,54,1,0,0,847,5,1224,110,2071,,1,1,1,0,.234,.359,.312,.319,.345,.125,.320,.330,.286,.304,-0.013,-0.007,-0.007,71.3,17.8,10.7,9,34.4,28.8,7.4,5,7,-1.9,45.8,33.3,87.7,13.6,32.8,20,6.3,4.7,25.6,24.1,33.8,5,34.7,97.972608726,93.060590096,56.3,11.7,19.7,33.3,66.7,67,201,49.3,1021,72.7,7.8,220,1301,547,2071,88.3,69,591,50.7,1050,44.4,920,17.2,38.2,37.5,39.1,23.4,320,59.6,47.5,152,22.5,72,20.9,67,9.1,29,26.2
"Bellinger, Cody",641355,2026,30,496,562,131,86,25,3,17,89,59,15.8,10.5,.264,.429,.338,0.767,0.165,.287,73,180,213,6,12,103,737,341,0,376,20,132,5,0,1,0,36,30,414,65,0,95,114,37,36,0,0,0,2,0,0,1,0,7,172,6,0,0,1,0,0,0,0,73,10,2,0,769,7,1330,172,2099,,0,3,0,0,.271,.411,.336,.335,.347,.140,.357,.356,.316,.328,-0.007,.018,.001,69.9,4.1,12.9,10.6,39.3,32.3,7.9,13,13.7,-1.6,61.6,34.3,89.2,17.6,38.2,27,6.6,5.1,27.3,32.6,25.4,2.4,37.8,98.486220194,93.510838881,64.9,13.2,30.3,33.9,66.1,111,327,51.4,1079,74.8,7.2,336,1203,559,2099,86.8,87,661,48.6,1019,41.5,871,20,47.1,45.2,36.2,18.6,414,61.2,36.2,150,30.2,125,24.9,103,8.7,36,27.3
"Witt Jr., Bobby",677951,2026,26,558,632,157,105,33,1,18,109,67,17.2,10.6,.281,.441,.359,0.800,0.160,.320,54,203,246,8,45,111,781,371,0,400,29,143,9,0,1,3,56,25,453,76,0,96,107,49,39,0,12,0,2,0,0,3,0,4,238,7,0,1,0,0,3,0,1,94,39,6,0,828,4,1506,238,2334,,4,5,1,0,.302,.504,.345,.378,.368,.202,.383,.428,.347,.376,-0.021,-0.063,-0.033,73.9,41.9,20.5,15.7,35.7,27.4,7,19,5.2,-1.5,45.3,28.1,92.2,16.4,37.3,51,11.4,8.4,24.9,26.5,24.5,3.3,50.3,103.195144375,96.21586125,67.2,13.6,33.8,42.6,57.4,187,439,55.6,1298,77.8,6.6,212,1302,815,2334,86.4,95,696,44.4,1036,41.3,964,24.8,48.6,31.3,40.2,28.5,453,61.5,36,163,26.7,121,28.3,128,9.1,41,30.1
"McLain, Matt",680574,2026,26,437,496,81,47,18,1,15,139,48,28,9.7,.185,.334,.274,0.608,0.149,.232,40,189,146,4,20,91,690,388,0,327,29,134,3,0,0,6,18,24,303,38,1,83,90,22,27,0,1,0,6,3,0,0,3,2,217,4,0,0,1,0,2,0,0,59,15,5,0,732,5,1275,217,2007,,2,0,0,0,.212,.361,.272,.293,.297,.148,.323,.357,.270,.310,-0.027,-0.027,-0.021,71.5,12,12.5,9.2,31.6,23.1,6.9,26,11.4,0.2,58.8,31.3,87.8,20.7,35.3,27,9,5.9,22.8,33.7,20.5,7.3,35.6,98.618121507,93.445306873,63,18.8,26.8,49.3,50.7,138,280,52,1043,64.9,7.5,194,1169,636,2007,81.2,114,607,48,964,41,823,28.4,44.2,38,35.6,26.4,303,60,35.6,108,35.3,107,19.8,60,9.2,28,28.7
"Hill, Derek",656537,2026,30,199,216,48,31,5,1,11,69,13,31.9,6,.241,.442,.291,0.733,0.201,.311,31,103,88,4,13,54,256,119,0,148,9,117,3,0,0,1,19,14,133,15,0,24,43,13,5,0,0,0,21,15,2,2,3,0,116,4,0,0,0,0,0,0,0,30,10,3,0,281,3,550,116,831,,0,2,1,0,.225,.386,.319,.289,.276,.162,.446,.399,.369,.345,.016,.056,.030,71.5,18.6,13,8.6,30.5,20.2,7.1,7,15,5.4,48.2,37.3,88.9,14.1,36.1,14,10.6,1.5,24.1,24.1,29.3,9.8,33.8,98.863739672,93.597008182,70.8,22.4,34.6,52,48,78,150,52.2,434,78,7.1,107,473,249,831,77.6,63,281,47.8,397,40.8,339,32.7,51.9,36.8,33.1,30.1,133,67.1,46.6,62,28.6,38,21.1,28,3.8,5,29.5
"Vaughn, Andrew",683734,2026,28,288,331,88,62,18,2,6,53,35,16,10.6,.306,.444,.390,0.834,0.138,.355,43,157,128,0,0,94,487,305,0,181,10,104,9,0,2,6,35,13,237,39,1,44,72,20,13,0,1,0,9,0,0,4,0,2,85,0,0,0,1,0,0,0,0,33,0,0,0,532,2,824,85,1356,,0,2,0,0,.264,.380,.368,.329,.351,.116,.394,.342,.371,.323,.042,.064,.039,70.5,13,14.2,11.6,41.4,34,7.2,8,7.8,-2,50.8,29.3,90.1,11.3,30.4,12,5.1,5.9,30.8,24.9,30.4,3,43.5,99.521519328,94.307560675,55.4,12.3,23.5,34.5,65.5,58,168,53,716,65.1,7.9,179,716,451,1356,87.7,43,351,47,634,42.9,579,19.5,38.3,32.1,38.8,29.1,237,55.3,45.1,107,24.1,57,24.9,59,5.9,14,25.8
"Burger, Jake",669394,2026,30,556,620,127,76,23,0,28,167,56,26.9,9,.228,.421,.302,0.723,0.193,.271,90,259,234,2,4,150,756,359,0,370,17,155,8,0,2,4,44,32,393,51,0,83,127,22,32,0,0,0,3,0,1,1,0,4,366,1,1,0,0,0,0,1,0,71,4,0,0,818,4,1519,366,2337,,1,2,0,0,.227,.420,.316,.314,.301,.193,.392,.389,.323,.322,.001,.001,.002,75.7,62.2,19,12.9,30.7,20.9,7.5,35,9.4,-7.6,59.5,25.8,90.1,13.9,29.3,48,12.3,7.1,16.5,26.7,32.6,4.3,45.3,102.402481173,95.51435624,67,19.9,35.5,56.4,43.6,257,456,55,1286,71.4,6.3,292,1196,846,2337,80.1,140,704,45,1051,41.4,967,34.2,49.6,44.3,36.6,19.1,393,63.5,43.5,171,29.3,115,18.8,74,8.4,33,27.3
"Martínez, Angel",682657,2026,24,389,416,99,55,24,2,18,91,13,21.9,3.1,.254,.465,.290,0.755,0.211,.288,62,181,181,3,11,93,406,243,0,333,16,114,9,0,0,7,30,23,305,45,1,55,97,30,23,0,0,0,1,1,0,0,6,1,129,3,0,0,1,0,1,0,0,49,9,2,0,441,7,1056,129,1497,,1,1,0,0,.251,.401,.326,.299,.287,.150,.399,.363,.331,.327,.003,.064,.027,71.4,18.1,11.3,9,30.1,24.1,7.4,15,11.4,-6.7,50.4,34.4,87.5,14.8,35.1,22,7.2,5.2,23.3,27.5,30.5,6.2,35.5,98.989455168,93.585370839,66.8,11.3,42.8,33.9,66.1,113,333,52.2,778,72.7,6.6,307,792,392,1497,88.7,54,476,47.8,713,42.4,632,20.7,54.3,43.9,36.1,20,305,68,41.6,127,25.6,78,24.9,76,7.9,24,27.6
"Kim, Ha-Seong",673490,2026,30,129,147,15,13,1,1,0,38,16,25.9,10.9,.116,.140,.219,0.359,0.024,.165,9,54,18,0,2,24,213,140,0,121,6,51,1,0,0,1,5,1,92,9,0,25,32,7,13,0,0,0,10,4,0,0,1,0,45,0,0,0,0,0,1,0,0,11,2,0,0,225,1,412,45,637,,1,0,1,0,.157,.206,.180,.222,.257,.049,.159,.225,.165,.224,-0.041,-0.066,-0.042,71.8,17.5,7.5,6,22.6,17.9,7.1,2,5.1,-2.6,51.5,25.3,85.9,19.9,21.7,2,2.2,1.1,18.5,41.3,31.5,3.3,25,95.452664545,91.828525172,58,13.3,26.8,35.7,64.3,30,84,49.1,313,57.8,7.1,50,445,141,637,86.7,25,188,50.9,324,42.9,273,20.2,42.7,41.3,39.1,19.6,92,59.2,40.2,37,28.3,26,17.4,16,14.1,13,27.7
"Manzardo, Kyle",700932,2026,25,312,356,67,43,10,1,13,114,36,32,10.1,.215,.378,.306,0.684,0.163,.289,39,158,118,0,0,84,498,250,0,271,13,102,5,0,0,6,15,21,200,31,0,46,57,12,17,0,0,0,16,0,0,17,0,2,185,0,0,0,0,0,0,0,0,40,0,0,0,530,2,929,185,1459,,0,1,0,0,.220,.380,.305,.307,.311,.160,.396,.397,.335,.342,-0.005,-0.002,-0.002,69.8,6.3,11.4,8.3,32.9,23.9,7.4,12,17.9,-0.2,49.8,37.6,89.5,19.3,34.5,24,12,2.5,29,30,22,4,41,98.784676465,93.74206596,63.5,20.2,30.7,50,50,117,234,52.3,761,82.6,5.9,214,794,444,1459,79.8,89,441,47.7,694,42.8,623,30.6,46.5,43.5,41.5,15,200,57.9,36,72,33.5,67,22,44,8.5,17,25.4
"Bailey, Patrick",672275,2026,27,310,345,64,45,8,1,10,92,28,26.7,8.1,.206,.335,.272,0.607,0.129,.256,37,137,104,0,3,70,447,206,0,262,15,112,6,0,1,1,13,16,224,34,1,44,82,21,12,0,0,0,16,1,0,1,3,3,151,0,0,0,0,0,0,0,0,31,3,0,0,481,6,881,151,1362,,0,1,0,0,.240,.398,.271,.307,.303,.158,.327,.384,.290,.338,-0.034,-0.063,-0.036,72.8,30.1,13.2,9.8,31.1,23.3,7.4,14,7.9,-2.7,39.4,33.4,90.5,13.4,36.6,17,7.7,8,26.8,21.4,31.3,4,42.4,100.12206633,94.504192064,69.6,15.9,31.2,49.1,50.9,109,222,52.2,711,72.6,8.3,248,743,367,1362,84.1,72,453,47.8,651,39.9,544,26.8,49.6,36.2,39.7,24.1,224,65.5,42.4,95,26.8,60,25,56,5.8,13,25.2
"Sogard, Nick",686765,2026,28,239,277,61,41,14,1,5,56,31,20.2,11.2,.255,.385,.342,0.727,0.130,.313,19,105,92,1,1,58,413,242,0,166,7,66,3,0,2,1,15,9,189,37,0,34,59,16,19,0,0,0,2,1,0,1,5,1,82,1,0,0,1,0,0,0,0,29,1,0,0,435,6,692,82,1127,,0,2,0,0,.251,.355,.325,.311,.338,.104,.359,.338,.332,.326,.004,.030,.014,69.2,4.7,9.5,7.5,36.3,28.8,7.1,5,12.7,-3.4,50.8,33.1,86.8,16.1,38.1,9,4.8,4.2,27,28.6,27.5,7.9,28.6,96.712474831,92.356740899,56.7,12.1,24.5,38.2,61.8,55,144,52.1,587,62.1,7.7,230,592,305,1127,87.9,37,306,47.9,540,42.1,475,20.4,39.9,43.9,38.6,17.5,189,60.6,39.2,74,22.8,43,28,53,10.1,19,27.6
"Myers, Dane",667472,2026,30,292,334,75,56,11,0,8,82,37,24.6,11.1,.257,.377,.344,0.721,0.120,.328,27,117,110,0,10,66,497,261,0,253,13,117,4,0,0,3,33,11,212,31,0,41,63,18,14,0,0,0,8,3,0,5,0,2,113,0,0,0,0,0,0,0,0,39,10,0,0,525,2,858,113,1383,,0,3,1,0,.236,.356,.324,.309,.330,.119,.378,.356,.354,.331,.021,.021,.015,71.2,18.4,11.6,9.1,31.1,24.3,7.2,7,7.8,7.7,50.1,29.9,89.2,13.5,33.5,10,4.9,6.1,27.8,23.1,28.8,6.6,36.3,98.774903,93.702558844,62.5,17.5,25.2,30.9,69.1,56,181,51.8,717,65.5,8.6,161,811,408,1383,82.5,73,416,48.2,666,41.3,571,21.6,43.2,25.9,44.8,29.2,212,58.4,45.3,96,24.5,52,23.6,50,6.6,14,28.0
"Bazzana, Travis",683953,2026,23,449,517,110,70,22,3,15,107,56,20.7,10.8,.245,.408,.335,0.743,0.163,.286,57,193,183,6,19,105,725,351,0,382,17,124,4,0,0,7,35,26,347,48,1,74,106,22,34,0,1,0,7,0,0,11,0,5,187,6,0,0,1,0,1,0,0,56,13,6,0,778,5,1307,187,2085,,1,1,2,0,.224,.347,.328,.299,.317,.123,.362,.319,.317,.292,.021,.061,.029,69.7,12.2,9.8,7.7,32.1,25.3,7,27,10.5,-1.8,50.1,33.9,87.6,15.7,30,18,5.2,6.3,23.3,29.7,28.8,6.6,36.2,98.286642849,93.307251628,65.8,13.8,27.3,44.4,55.6,131,295,51.9,1080,78.4,7.1,318,1139,625,2085,86.2,91,659,48.1,1002,43.8,912,23.2,45.9,38.9,38.6,22.5,347,60.9,40.6,141,28.8,100,20.5,71,10.1,35,28.3
"Yorke, Nick",694377,2026,24,104,117,22,17,4,0,1,26,9,22.2,7.7,.212,.279,.284,0.563,0.067,.269,12,59,29,0,1,35,150,74,0,91,8,40,3,0,0,2,8,4,80,10,0,17,35,3,3,0,0,0,6,3,0,1,1,1,43,0,0,0,0,0,0,0,0,7,1,0,0,161,2,302,43,463,,0,0,1,0,.235,.335,.258,.289,.307,.100,.281,.326,.278,.311,-0.023,-0.056,-0.031,72.6,24.3,14.2,10.9,29,22.3,7.3,4,3.9,5.1,36.4,35.3,88.1,7.8,27.5,4,5,6.3,25,18.8,40,5,43.8,101.015123,94.760928354,68.8,16.7,31.8,41,59,32,78,52.9,245,77.4,6.7,78,254,131,463,83.3,25,150,47.1,218,39.5,183,25,49.2,31.3,40,28.7,80,65.8,53.8,43,26.3,21,16.3,13,3.8,3,27.7
"Frelick, Sal",686217,2026,26,339,384,78,56,18,0,4,38,31,9.9,8.1,.230,.319,.295,0.614,0.089,.246,40,171,108,3,7,99,506,301,6,251,11,111,6,0,2,2,32,15,308,31,0,50,124,27,27,0,1,0,8,5,2,2,2,4,50,3,0,0,0,0,1,0,0,36,6,1,0,532,6,925,50,1457,,1,3,0,6,.241,.324,.275,.281,.304,.082,.265,.272,.256,.269,-0.011,-0.005,-0.006,68.3,3.1,9.8,9.1,38.2,35.3,7.1,7,5.4,1,46.3,27.6,85.7,9.8,27.4,7,2.3,3.3,20.5,26.7,40.7,6.2,26.8,96.291650133,92.170939431,59.8,5.6,24.6,20.7,79.3,36,174,48.8,706,59.7,8.2,134,949,355,1457,94.1,25,443,51.2,741,43.6,631,10.1,42.8,38.8,35.5,25.7,307,56.8,50.8,156,21.2,65,19.2,59,8.8,27,28.7
"Smith, Dominic",642086,2026,31,269,300,68,52,6,1,9,48,23,16,7.7,.253,.383,.311,0.694,0.130,.272,46,114,103,0,0,68,389,176,0,212,11,108,6,0,0,2,17,14,227,37,0,52,75,17,13,0,1,0,14,0,0,75,1,5,104,0,0,0,0,0,0,0,0,40,0,0,0,423,6,735,104,1158,,0,2,1,0,.239,.378,.304,.301,.302,.138,.327,.322,.301,.291,.014,.005,.003,68.9,6.7,10.7,8.7,36.4,29.7,6.9,16,8.5,-4.5,48.5,31.1,87.8,13.3,34.4,13,5.8,6.6,25.6,26.9,30.4,4,32.6,97.752079911,92.955381652,67.3,13.2,31,37.8,62.2,71,188,52.4,607,81.4,7.4,190,634,334,1158,86.8,49,371,47.6,551,41.7,483,21.5,48.3,36.1,37.9,26,227,64.2,40.5,92,29.1,66,24.7,56,5.7,13,26.1
"Feduccia, Hunter",676439,2026,29,217,251,48,35,9,1,3,60,28,23.9,11.2,.221,.313,.312,0.625,0.092,.290,19,97,68,0,0,54,374,192,0,166,8,93,2,0,1,1,15,8,162,25,0,44,47,18,5,0,0,0,29,0,0,1,4,1,82,0,0,0,0,0,0,0,0,21,0,0,0,398,5,620,82,1018,,0,0,0,0,.237,.367,.286,.312,.327,.130,.318,.359,.304,.328,-0.016,-0.054,-0.026,71.1,13.3,11.9,9.5,36.1,28.7,7,7,11.1,-3,52.8,33.5,89.4,14.9,36.4,12,7.4,6.8,23.5,27.8,27.2,7.4,37.9,99.025957821,93.73099871,62.2,14.3,24.4,40.2,59.8,53,132,53.4,542,67.5,7.6,154,520,333,1018,85.7,42,294,46.6,473,41.7,423,22.2,42,32.1,40.7,27.2,162,56.2,38.3,62,32.1,52,26.5,43,3.1,5,26.9
"Gonzalez, Jacob",694378,2026,24,209,227,46,30,9,0,7,44,12,19.4,5.3,.220,.364,.274,0.638,0.144,.245,31,78,76,1,2,46,273,112,0,218,12,81,5,0,0,4,12,8,167,26,0,36,58,13,14,0,0,0,16,1,0,0,1,1,88,1,0,0,0,0,1,0,0,21,1,1,0,283,2,604,88,887,,1,0,1,0,.247,.396,.282,.305,.300,.149,.316,.347,.277,.312,-0.027,-0.032,-0.023,71.2,14.1,10.7,8.6,27.4,22,7.2,7,8.7,-1.2,56.3,28.8,88,16.9,33.5,8,4.8,8.4,26.3,27.5,29.3,3,37.3,98.854108554,93.490033212,73.7,17.2,37.7,29.2,70.8,49,168,50.7,446,86.4,6.7,168,491,218,887,82.8,55,320,49.3,434,41.9,369,21.1,55.5,41.9,34.1,24,167,63.4,41.9,70,26.3,44,23.4,39,8.4,14,26.5
"Genao, Angel",694197,2026,22,127,139,27,21,4,0,2,21,11,15.1,7.9,.213,.291,.281,0.572,0.078,.240,6,56,37,0,1,22,174,95,0,71,4,43,4,0,0,1,16,2,106,9,0,11,58,7,3,0,0,0,0,0,0,0,0,0,46,0,0,0,1,0,0,0,0,15,1,0,0,194,0,325,46,519,,0,1,0,0,.239,.333,.261,.286,.305,.094,.263,.296,.255,.286,-0.026,-0.042,-0.025,72.5,24.4,15.7,12.2,40.9,31.7,7.2,3,5.1,3.2,42.1,31,90.8,-2.2,19.8,5,4.7,1.9,22.6,12.3,53.8,4.7,51.9,100.531471698,94.899928491,65.8,13.6,26.7,42.1,57.9,32,76,54.9,285,73.6,10.2,91,289,139,519,86.4,21,154,45.1,234,39.5,205,23,44.3,37.7,45.3,17,106,62.6,69.8,74,12.3,13,15.1,16,2.8,3,28.3
"Schuemann, Max",680474,2026,29,72,87,14,6,6,0,2,21,12,24.1,13.8,.194,.361,.333,0.694,0.167,.245,8,28,26,2,3,18,142,55,0,58,5,42,0,0,0,3,4,3,51,7,0,16,13,4,4,0,0,0,6,10,0,1,0,0,36,2,0,0,0,0,0,0,0,17,3,0,0,151,0,207,36,358,,0,0,0,0,.203,.336,.317,.312,.340,.133,.333,.324,.275,.286,-0.009,.025,.005,70.4,7.1,11,7.9,31.9,23,7.3,2,12.4,-4.7,52.3,31.3,89.4,24.6,37.3,5,9.8,2,21.6,39.2,19.6,7.8,41.2,98.57101625,93.804290833,66.3,19.1,21.9,50,50,21,42,53.6,192,86.2,8.1,56,211,89,358,80.9,21,110,46.4,166,42.2,151,27.6,42.5,39.2,33.3,27.5,51,60.9,33.3,17,37.3,19,21.6,11,7.8,4,27.7
"Osuna, Alejandro",696030,2026,23,204,233,53,46,6,0,1,37,19,15.9,8.2,.260,.304,.349,0.653,0.044,.313,25,95,62,2,5,61,255,159,0,161,12,84,3,0,0,9,20,5,168,27,1,20,63,21,11,0,0,0,17,3,0,7,1,0,55,2,0,0,0,0,0,0,0,27,4,1,0,272,1,564,55,836,,0,1,0,0,.252,.309,.303,.301,.343,.057,.303,.299,.317,.309,.008,-0.005,.002,71.7,22.8,10.7,8.9,31.6,26.5,7,3,2,6.9,31.9,28.6,86.8,5.5,33.9,1,0.6,3,28.6,22,38.7,6,29.2,97.972907439,93.067395828,64.4,12.6,32.4,27.4,72.6,37,135,49.9,417,71.1,9.1,127,515,194,836,87.4,34,270,50.1,419,44.6,373,17.5,48.4,26.2,38.1,35.7,168,62.7,49.4,83,14.9,25,28.6,48,7.1,12,28.5
"Horwitz, Spencer",687462,2026,28,385,451,94,69,14,1,10,73,54,16.2,12,.244,.364,.344,0.708,0.120,.274,49,160,140,0,1,99,658,362,0,300,9,114,14,0,1,7,30,15,317,48,1,73,100,21,28,0,0,0,9,0,0,3,0,5,102,0,0,0,1,0,0,0,0,45,1,0,0,708,5,1100,102,1808,,0,1,0,0,.226,.345,.319,.310,.332,.119,.319,.306,.297,.279,.018,.019,.009,68.7,4.5,9.5,8.1,34.2,29.2,6.9,11,9.1,-1.5,49.4,34.6,86.8,15.9,30.3,18,5.7,4.1,24,30.6,30.9,4.7,30.3,97.056959177,92.586667152,58.5,8.9,24.5,32.9,67.1,76,231,52.1,942,66.2,7.4,243,1032,522,1808,91.1,45,507,47.9,866,41.1,743,16.4,40.8,40.4,30.9,28.7,317,54.1,41,130,27.8,88,22.1,70,9.1,29,24.7
"Smith, Will",669257,2026,31,235,276,61,42,9,0,10,45,34,16.3,12.3,.260,.426,.355,0.781,0.166,.277,34,106,100,0,0,65,435,221,0,214,11,73,5,0,0,3,15,15,194,31,0,63,38,21,10,0,0,0,2,0,0,3,0,4,70,0,0,0,4,0,0,0,0,35,0,0,0,468,4,711,70,1179,,0,0,0,0,.279,.502,.345,.389,.379,.224,.357,.419,.314,.349,-0.019,-0.076,-0.044,69.8,6.4,13.9,11.8,33.7,28.7,7.3,11,12.4,2.3,65.8,33.9,89.1,20.1,43.3,24,12.4,8.2,25.8,30.9,20.1,2.6,41.2,99.794320103,94.064249742,62.9,12.1,20.9,30.4,69.6,38,125,50.8,599,68.3,7,133,648,393,1179,87.9,44,365,49.2,580,42.1,496,16.7,41.6,29.9,42.8,27.3,194,55.1,27.3,53,40.2,78,27.3,53,5.2,10,27.1
"Jensen, Carter",695600,2026,22,527,603,126,62,35,2,27,170,65,28.2,10.8,.239,.467,.323,0.790,0.228,.294,81,183,246,1,2,114,940,389,0,416,36,149,4,0,0,4,41,38,364,46,1,103,78,25,31,0,1,0,8,1,0,42,0,7,271,1,0,0,0,0,0,0,0,80,1,1,0,984,7,1498,271,2482,,0,2,1,0,.217,.423,.341,.318,.304,.206,.434,.395,.346,.316,.022,.044,.023,73.9,37.4,15.4,11.3,31.6,23.2,7.1,45,6.7,-4.7,48.8,27,91.5,20.6,33,46,12.7,7.4,20.1,35.2,20.9,3.6,44.8,102.069247033,95.57430843,67.5,19.6,24.1,54.9,45.1,173,315,52.6,1306,75.4,7.9,360,1374,740,2482,80.4,156,794,47.4,1176,41,1017,29.7,44.7,41.8,31.3,26.9,364,55.7,32.7,119,38.7,141,19.5,71,9.1,33,27.8
"Edwards, Xavier",669364,2026,26,518,595,145,116,17,6,6,83,68,13.9,11.4,.280,.371,.360,0.731,0.091,.320,52,218,192,5,21,131,847,392,0,364,14,142,13,0,3,0,66,12,444,67,0,89,148,42,19,0,4,0,2,1,0,2,3,6,153,5,0,0,1,0,0,0,0,61,21,0,0,902,9,1399,153,2301,,0,3,0,0,.258,.356,.325,.311,.337,.098,.332,.312,.329,.304,.022,.015,.014,68.3,2.4,7.8,6.5,39.3,32.7,6.5,16,5.6,-0.6,44.7,29.7,86.8,9.4,36.3,14,3.2,4.1,26.1,24.8,35.8,5.9,28.4,96.430260463,92.25030956,65.5,10.7,24.4,34,66,101,297,52.9,1217,74.9,7.4,444,1220,636,2301,89.3,76,710,47.1,1084,42.9,986,17.6,43.8,28.6,38.5,32.9,444,57.7,48.2,214,22.7,101,24.8,110,4.3,19,28.3
"Contreras, William",661388,2026,28,566,640,153,107,27,1,18,94,61,14.7,9.5,.270,.417,.341,0.758,0.147,.292,94,264,236,2,1,163,780,362,0,372,23,147,13,0,1,4,52,27,481,74,0,96,143,45,42,0,6,0,2,0,0,20,0,9,187,2,0,0,0,0,0,0,0,82,1,0,0,841,9,1437,187,2278,,0,5,2,0,.261,.441,.330,.334,.328,.181,.349,.355,.318,.310,.009,-0.024,-0.004,73.5,37.2,19.5,15.9,38.7,31.5,7.2,18,8.6,-0.1,59.2,27.5,90.3,13.2,33.3,41,8.5,9.4,19.8,26.8,32.6,2.9,44.1,101.24009195,94.956986071,68,12.9,28.3,37.5,62.5,127,339,52.5,1196,78.4,6.7,254,1248,759,2278,87.1,95,736,47.5,1082,41.1,936,20.7,47.2,36.4,40.3,23.3,481,61.5,40.5,195,25.6,123,25.2,121,8.7,42,26.0
"Carroll, Corbin",682998,2026,25,582,671,139,67,33,17,22,151,73,22.5,10.9,.239,.467,.328,0.795,0.228,.281,78,239,272,3,21,135,959,424,0,434,31,156,8,0,0,8,46,38,439,55,0,90,132,36,40,0,4,0,7,0,0,4,0,8,275,3,0,0,3,0,2,0,0,91,16,5,0,1008,8,1624,275,2632,,2,3,2,0,.249,.446,.341,.341,.335,.196,.395,.395,.317,.333,-0.010,.021,.000,75.5,57.9,18.2,13.7,32.7,24.6,7.5,10,10.6,0.9,65.3,26.2,91.7,15.6,30.3,53,12.2,4.6,20.5,29.6,29.8,2.3,47.6,101.887905392,95.42745629,64.5,21,29.7,38.4,61.6,163,424,54.2,1427,77.1,7.3,391,1553,687,2632,79,163,776,45.8,1204,41.6,1094,27.2,45.6,42.4,34.9,22.8,439,57,40.5,178,29.2,128,21.2,93,9.1,40,29.7
"Rodriguez, Jesus",683679,2026,24,51,58,12,7,3,0,2,8,5,13.8,8.6,.235,.412,.316,0.728,0.177,.244,8,15,21,1,1,10,68,27,0,38,1,22,2,0,0,1,2,4,44,6,0,7,22,2,1,0,0,0,2,1,0,0,1,0,25,1,0,0,0,0,0,0,0,7,1,0,0,72,1,137,25,209,,0,0,1,0,.267,.355,.322,.315,.344,.088,.328,.320,.279,.317,-0.032,.057,.007,69.4,3.1,8.1,6.3,31.1,24,7.2,2,7.2,2.2,45.4,34.9,86.5,9.3,34.1,1,2.3,2.3,25,22.7,43.2,4.5,29.5,96.343527619,92.17301619,73.2,18.3,34.8,35.9,64.1,14,39,53.6,112,76.2,10,23,117,60,209,81.7,13,71,46.4,97,40.2,84,24.5,52.6,36.4,36.4,27.3,44,72.4,54.5,24,25,11,18.2,8,2.3,1,28.3
"Henderson, Gunnar",683002,2026,25,623,702,140,83,27,6,24,156,67,22.2,9.5,.225,.403,.309,0.712,0.178,.261,59,246,251,5,10,122,958,438,0,544,30,158,9,0,1,10,51,29,469,60,0,93,156,49,31,0,3,0,2,1,0,9,0,2,269,4,1,0,2,0,4,1,0,88,8,1,1,1024,2,1761,269,2785,,5,5,0,0,.246,.401,.313,.322,.326,.155,.355,.369,.299,.328,-0.021,.002,-0.009,74.1,41.6,14.6,11.5,28.7,22.6,7.3,25,9.9,-0.2,49.1,31.9,89.2,12.2,32.6,36,7.7,6.4,24.9,25.8,30.9,4.3,43.3,100.503316128,94.513387015,66.2,14.4,30.4,41,59,181,442,52.2,1455,65.7,7.4,502,1481,800,2785,85.6,127,881,47.8,1330,41.1,1144,23.3,47.5,42.6,35.4,22,469,60.8,44.1,207,26,122,23.2,109,6.6,31,28.2
"Rodríguez, Johnathan",671286,2026,26,11,15,2,1,1,0,0,6,3,40,20,.182,.273,.333,0.606,0.091,.333,2,7,3,0,0,3,28,9,0,20,0,7,1,0,0,0,1,0,6,1,0,1,1,1,0,0,0,0,4,0,0,2,0,1,9,0,0,0,0,0,0,0,0,0,0,0,0,31,1,45,9,76,,0,0,0,0,.138,.235,.283,.297,.341,.097,.359,.394,.333,.353,.044,.038,-0.014,76,63.6,12.5,9.1,12.5,9.1,8.2,1,8.6,-4.9,39.4,30.4,90.6,14,66.7,0,0,33.3,50,0,16.7,0,50,100.21742,94.217588333,75.8,16,25.6,54.5,45.5,6,11,56.6,43,100,9.2,24,39,13,76,84,4,25,43.4,33,35.5,27,27.8,47.4,33.3,33.3,33.3,6,53.3,33.3,2,16.7,1,50,3,0,0,
"Benintendi, Andrew",643217,2026,31,421,468,101,60,24,2,15,112,39,23.9,8.3,.240,.413,.302,0.715,0.173,.287,78,188,174,0,1,115,602,225,0,341,18,141,6,0,0,1,24,22,316,55,0,80,90,23,21,0,1,0,39,0,0,121,1,6,224,0,0,0,1,0,0,0,0,58,1,0,0,628,7,1141,224,1769,,0,4,0,0,.240,.398,.311,.307,.302,.158,.373,.368,.321,.323,.000,.015,.004,70,5,13.6,9.9,36.4,26.4,7.2,16,16.6,-6.9,53.2,30.9,89.3,17.3,36.4,27,8.6,7.9,25.3,28.2,26.3,2.8,45.1,99.117923462,93.899353666,73.1,21.7,33.8,40.6,59.4,131,323,54.2,957,81.4,6.7,367,894,499,1769,78.3,128,591,45.8,808,40.2,710,28.3,51.8,50.6,34.5,14.9,316,58.5,36.1,114,32.3,102,25,79,6.6,21,26.6
"Shaw, Matt",807713,2026,24,173,202,41,24,9,3,5,35,21,17.3,10.4,.237,.410,.327,0.737,0.173,.267,24,93,71,2,4,48,259,150,0,143,7,77,2,0,0,3,15,11,143,15,0,30,42,16,14,0,0,0,17,5,0,16,3,2,60,2,0,0,0,0,1,0,0,25,4,0,0,283,5,514,60,797,,1,1,1,0,.231,.353,.325,.303,.322,.121,.341,.310,.293,.287,.006,.057,.022,69.7,7.4,10.2,8.3,32.9,26.9,7.1,4,10.5,1.1,61.8,28.3,86.8,16.7,30.8,6,4.2,7.7,18.9,33.6,29.4,6.3,34.3,97.547695362,92.811021022,60.8,12.8,32.5,31.9,68.1,44,138,53.3,425,68.5,6.8,92,418,282,797,87.2,29,226,46.7,372,44.2,352,20.1,45.7,31.5,41.3,27.3,143,55.9,39.9,57,28.7,41,21.7,31,9.8,14,29.0
"Moncada, Yoán",660162,2026,31,111,130,21,16,1,1,3,45,17,34.6,13.1,.189,.297,.308,0.605,0.108,.286,10,54,33,0,1,30,200,121,0,87,4,41,2,0,0,2,4,6,66,11,0,18,19,6,2,0,0,0,4,0,0,3,0,0,56,0,0,0,0,0,0,0,0,9,1,0,0,216,0,336,56,552,,0,0,0,0,.169,.286,.281,.269,.293,.117,.352,.330,.318,.288,.020,.011,.012,72.3,30.4,13.7,9.9,29.5,21.5,7.4,4,11.4,-3.4,36.4,38.1,90.3,15.8,33.3,5,7.7,7.6,15.2,33.3,31.8,1.5,40.9,100.980665625,94.815858438,56.7,17.8,21.1,58.6,41.4,34,58,49.8,275,50,6.5,96,284,172,552,82.2,28,157,50.2,277,42.2,233,28.8,38.9,39.4,40.9,19.7,66,58.5,34.8,23,36.4,24,25.8,17,3,2,26.4
"Thomas, Colby",687515,2026,25,114,121,23,16,3,0,4,37,4,30.6,3.3,.202,.333,.235,0.568,0.131,.260,11,55,38,1,1,29,131,36,0,97,8,55,3,0,0,1,7,5,79,10,1,22,19,6,9,0,0,0,24,2,0,2,2,0,80,1,0,0,0,0,0,0,0,11,1,0,0,138,2,304,80,442,,0,1,0,0,.182,.357,.250,.248,.217,.174,.341,.338,.299,.270,.020,-0.024,.002,75.5,57.3,15.2,10,27.5,18,7.6,2,9.5,-2.1,44.6,29.8,89.1,20.9,30.4,7,8.9,8.9,16.5,36.7,24.1,5.1,34.2,99.091770769,93.666947013,80.4,17.9,42.9,62,38,62,100,52.7,233,89.7,6.6,94,225,123,442,82.1,30,168,47.3,209,43.4,192,34.3,60.6,35.4,43,21.5,79,66.1,32.9,26,34.2,27,20.3,16,12.7,10,28.2
"O'Neill, Tyler",641933,2026,31,231,260,49,31,8,0,10,72,27,27.7,10.4,.212,.377,.300,0.677,0.165,.262,23,100,87,0,1,52,376,163,0,179,19,85,5,0,2,2,9,18,159,22,0,47,39,11,13,0,0,0,15,0,0,11,0,0,134,0,0,0,0,0,0,0,0,31,1,0,0,391,0,658,134,1049,,0,1,0,0,.214,.394,.302,.307,.301,.180,.366,.374,.308,.311,-0.002,-0.017,-0.005,72.3,18.9,12.9,9.1,31.4,22.1,7.4,7,15.2,-7.3,53.6,35.2,89.4,22.5,34,14,8.8,6.3,20.8,39.6,22,2.5,42.8,100.1054135,94.28693195,69.5,20.7,27.9,55.4,44.6,87,157,53.7,563,70,6.7,149,581,319,1049,79.3,70,338,46.3,486,41.5,435,31.7,47.2,44,34.6,21.4,159,61.9,30.2,48,40.9,65,20.8,33,8.2,13,28.0
"Young, Cole",702284,2026,22,577,638,142,102,19,4,17,109,44,17.1,6.9,.246,.381,.312,0.693,0.135,.275,66,228,220,5,4,121,786,407,0,462,29,160,9,0,0,13,52,22,472,68,0,102,150,36,41,0,0,0,1,0,0,0,1,3,191,5,0,0,1,0,1,0,0,76,4,0,0,850,4,1574,191,2424,,1,2,1,0,.259,.390,.308,.316,.325,.131,.331,.343,.301,.318,-0.013,-0.009,-0.008,71.5,21.6,12.4,10.1,33.5,27.3,6.9,16,5.9,-1.6,48,28.3,88.3,13.6,33.1,24,5.1,6.8,26.5,27.5,30.7,3.4,37.5,99.048189106,93.636134222,66.7,14.3,30.6,30.6,69.4,117,382,51.4,1247,66,6.6,353,1416,647,2424,85.7,112,785,48.6,1177,42.7,1036,19.6,48.1,41.7,35.6,22.7,472,61.9,42.8,202,26.3,124,22,104,8.9,42,27.8
"De La Cruz, Elly",682829,2026,24,559,636,158,93,30,5,30,175,72,27.5,11.3,.283,.515,.365,0.880,0.232,.359,79,195,288,8,30,108,992,532,0,374,18,143,8,0,1,2,57,36,387,65,0,66,126,29,8,0,1,0,0,0,0,12,0,3,265,8,0,0,1,0,3,0,0,99,27,3,0,1044,3,1591,265,2635,,3,4,1,0,.281,.506,.380,.376,.364,.224,.491,.489,.408,.411,.002,.009,.004,76.2,61.1,23,16.9,34.2,25.1,7.2,24,8.3,1.2,50.8,34,94.7,9.9,36.2,62,16.3,7.5,26.1,17.3,28.9,2.1,53.7,105.414008947,97.793114908,57.6,20.3,25.1,43.8,56.2,155,354,53.5,1410,64.8,7.4,533,1272,827,2635,79.7,143,705,46.5,1225,40.9,1078,28.1,40.2,34.6,42.1,23.3,387,57.4,47.3,183,26.4,102,24.3,94,2.1,8,28.4
"Dubón, Mauricio",643289,2026,31,572,619,158,115,28,3,12,73,35,11.8,5.7,.276,.399,.321,0.720,0.123,.298,73,214,228,3,10,134,688,311,3,522,18,153,11,0,3,4,54,26,505,77,1,104,149,52,40,0,0,0,1,0,0,1,2,3,158,3,0,0,1,0,0,0,0,66,9,0,1,738,5,1526,158,2264,,0,4,1,3,.268,.375,.317,.304,.314,.108,.333,.317,.315,.306,.008,.024,.013,69.1,4.7,8,6.9,32.3,28,7.6,15,3.8,1,38.6,30.5,86.5,16.1,36.5,20,4,4.8,25.8,30.4,30.8,3.8,29.4,96.554878032,92.283650542,72.5,9.9,37.6,24.1,75.9,111,460,54,1222,84.7,7.2,259,1339,661,2264,89.9,75,755,46,1042,39.8,902,15.3,53.7,31.2,38.9,30,504,61.4,40.3,203,25.8,130,25.8,130,8.1,41,26.8
"Hernández, Enrique",571771,2026,34,90,96,20,12,4,0,4,28,6,29.2,6.3,.222,.400,.271,0.671,0.178,.276,12,47,36,0,0,26,105,49,0,73,2,41,1,0,0,0,5,4,62,11,0,10,22,5,5,0,0,0,7,0,0,0,0,0,40,0,0,0,0,0,1,0,0,12,0,0,0,113,0,229,40,342,,1,0,0,0,.220,.367,.293,.279,.269,.147,.386,.364,.323,.319,.002,.033,.014,70.7,15.1,13.1,10.1,35.2,27,7.5,6,9.1,0.3,52.2,29.6,89,10.9,27.4,5,8.1,6.5,24.2,24.2,35.5,1.6,40.3,99.942196452,94.153412419,73.1,12.3,33.1,51.7,48.3,30,58,51.2,175,72.7,6.4,57,163,122,342,87.7,15,122,48.8,167,39.5,135,25,52.6,27.4,45.2,27.4,62,64.6,43.5,27,22.6,14,25.8,16,8.1,5,26.6
"Clement, Ernie",676391,2026,30,590,621,153,110,33,1,9,58,22,9.3,3.5,.259,.364,.285,0.649,0.105,.272,48,253,215,1,7,126,511,261,0,394,14,158,15,0,2,2,56,28,539,69,0,124,150,55,56,0,0,0,0,0,0,0,0,7,144,1,0,0,2,0,1,0,0,60,7,0,0,555,7,1360,144,1915,,1,6,1,0,.240,.319,.284,.258,.268,.078,.296,.266,.284,.264,.019,.045,.026,67.3,2.8,5.3,4.6,39.3,34.3,7.1,31,11.6,-4.8,61.6,30.2,84.2,17.4,31.5,11,2,4.8,22.8,35.4,30.1,4.6,20.8,93.995982322,91.030114794,72,9.4,44.4,23.2,76.8,105,452,53.1,1017,83.2,6.5,256,1056,599,1915,90.6,61,647,46.9,898,41.4,793,15.1,57.4,40.3,39.5,20.2,539,66.5,38.2,206,28.2,152,23.2,125,10.4,56,28.1
"Norby, Connor",681393,2026,26,329,383,80,50,23,0,7,108,40,28.2,10.4,.243,.377,.342,0.719,0.134,.336,34,132,124,3,10,72,507,178,0,305,17,105,6,0,2,11,24,26,224,30,0,57,58,15,13,0,0,0,7,0,0,14,0,3,193,3,0,0,1,0,0,0,0,36,8,2,0,549,3,923,193,1472,,0,4,0,0,.220,.367,.323,.310,.323,.147,.392,.369,.357,.325,.023,.010,.013,70.7,9.7,9.7,7.3,27.6,20.8,7,26,16.5,3.8,42.1,39,87.4,18.8,35.3,17,7.6,7.6,22.8,29.5,26.8,5.4,36.2,97.877602857,93.052188969,75.4,19.1,28.1,53.2,46.8,115,216,52.3,770,85.7,7.1,211,791,466,1472,80.9,101,529,47.7,702,39.1,575,29,50.6,41.1,37.1,21.9,224,64.5,36.6,82,37.1,83,20.5,46,5.8,13,28.0
"Hinds, Rece",677956,2026,25,63,71,9,4,5,0,0,32,5,45.1,7,.143,.222,.211,0.433,0.079,.273,6,35,14,0,0,17,97,32,0,51,2,25,1,0,0,1,3,1,33,5,0,7,10,4,3,0,0,0,9,0,0,1,0,2,68,0,0,0,0,0,0,1,0,2,0,0,0,100,2,187,68,287,,1,0,0,0,.134,.174,.198,.184,.208,.040,.299,.274,.273,.270,.009,.048,.014,73.4,36.6,12.2,6.7,23,12.7,7.7,4,10.2,-9.9,35.3,39,88.2,19.8,27.3,0,0,12.1,18.2,30.3,27.3,6.1,36.4,100.54652625,94.586568065,74.2,34.8,39.5,59.1,40.9,39,66,58.2,167,83.3,4.2,60,120,107,287,65.2,31,89,41.8,120,37.3,107,45.2,54,27.3,36.4,36.4,33,62,39.4,13,24.2,8,27.3,9,9.1,3,28.8
"Stephenson, Tyler",663886,2026,29,411,468,99,62,22,0,15,128,49,27.4,10.5,.241,.404,.323,0.727,0.163,.308,54,182,166,1,0,94,688,321,0,340,17,130,8,0,3,3,24,22,288,53,0,72,73,27,14,0,1,0,4,0,0,11,0,5,205,1,0,0,1,0,0,0,0,41,0,0,0,724,5,1176,205,1900,,0,2,0,0,.235,.426,.320,.326,.318,.192,.395,.405,.344,.340,.006,-0.022,-0.006,70.6,7.8,14,10.6,33.3,25.4,7.4,27,12.6,0,54.3,37.6,90.8,18,39.9,35,12.4,7.6,25.3,28.1,23.6,1.4,44.1,100.162882887,94.627044841,67.2,14.7,22.3,63.2,36.8,132,209,49.4,938,86,8.3,245,1019,636,1900,85.3,95,646,50.6,962,42.9,815,26.5,45,36.1,36.1,27.8,288,61,33.7,97,32.6,94,28.5,82,5.2,15,27.0
"Keys, Sean",815873,2026,23,61,67,12,8,2,0,2,23,3,34.3,4.5,.197,.328,.242,0.570,0.131,.263,9,12,20,0,0,6,89,42,0,66,6,25,0,0,0,1,4,2,40,6,0,6,11,5,5,0,0,0,6,2,0,9,0,1,37,0,0,0,0,0,0,0,0,9,0,0,0,98,1,192,37,290,,0,2,0,0,.212,.350,.247,.262,.258,.138,.344,.368,.300,.326,-0.015,-0.022,-0.015,74.8,51.5,12.4,8.8,23.7,16.9,7.4,1,15.1,-10.7,50,30.2,88.6,17,40,4,10,12.5,20,25,27.5,5,52.5,100.8986555,94.88494075,68.1,16,36.8,51.8,48.2,29,56,52.4,152,78.3,7.9,53,128,106,290,84,15,94,47.6,138,44.5,129,29.3,51.7,42.5,37.5,20,40,64.2,37.5,15,20,8,30,12,12.5,5,27.0
"Davidson, Bo",815589,2026,23,20,22,7,7,0,0,0,7,1,31.8,4.5,.350,.350,.364,0.714,0.000,.500,1,3,7,0,1,3,19,16,0,15,2,6,0,0,0,0,4,1,14,2,0,2,4,1,0,0,0,0,0,0,0,1,0,1,11,0,0,0,0,0,0,0,0,2,1,0,0,20,1,58,11,78,,0,0,0,0,.266,.324,.315,.266,.288,.057,.445,.368,.500,.381,.084,.026,.049,71.5,21.1,15.4,10.5,34.6,23.7,7.4,0,14.1,3.3,50,32.2,85.2,6.4,28.6,0,0,7.1,21.4,14.3,50,7.1,42.9,99.722735714,93.861367857,64.3,22.2,41.7,46.7,53.3,7,15,46.2,36,88.9,11.5,9,43,26,78,77.8,6,27,53.8,42,41,32,31,53.8,14.3,64.3,21.4,14,86.4,57.1,8,21.4,3,21.4,3,0,0,28.3
"Gonzalez, Romy",663853,2026,29,65,73,12,7,3,1,1,21,5,28.8,6.8,.185,.308,.264,0.572,0.123,.256,7,41,20,1,1,18,98,33,0,55,7,19,3,0,0,2,3,2,45,7,0,7,22,1,3,0,0,0,0,0,0,8,1,0,40,0,1,0,0,0,0,0,0,7,1,0,0,104,1,184,40,288,,0,0,0,0,.231,.335,.258,.289,.306,.103,.310,.360,.273,.342,-0.046,-0.027,-0.031,71.8,18.5,15.9,10.4,29.5,19.3,6.8,2,7,2.4,42.6,28.7,87.6,3.9,31.1,2,4.4,8.9,22.2,17.8,42.2,4.4,37.8,100.275229545,94.17205,75.2,24,32.9,52.9,47.1,27,51,53.8,155,79.3,10.1,46,161,81,288,76,24,100,46.2,133,34,98,33.8,52.4,20,46.7,33.3,45,63,55.6,25,20,9,17.8,8,6.7,3,26.9
"Urías, Luis",649966,2026,29,52,59,13,7,3,0,3,10,6,16.9,10.2,.250,.481,.322,0.803,0.231,.250,8,18,25,0,0,9,72,37,0,57,1,26,2,0,0,0,3,4,43,6,0,8,13,4,5,0,0,0,3,0,0,0,0,1,14,0,0,0,1,0,0,0,0,5,0,0,0,78,1,152,14,230,,0,0,0,0,.237,.351,.345,.299,.314,.114,.376,.313,.302,.291,.013,.130,.046,71.4,24,9.8,8.7,27.2,24,7.7,2,9.4,-9,63.5,24.4,86.2,17.6,41.9,3,7,11.6,14,30.2,34.9,2.3,30.2,97.293847273,92.754991628,70.6,7.8,31.4,23.7,76.3,9,38,52.6,121,93.3,6.5,32,110,88,230,92.2,6,77,47.4,109,44.8,103,13,50,60.5,25.6,14,43,64.4,37.2,16,27.9,12,23.3,10,11.6,5,25.9
"Bericoto, Victor",682674,2026,24,112,116,27,17,5,0,5,32,4,27.6,3.4,.241,.420,.267,0.687,0.179,.293,15,44,47,2,1,22,120,63,0,92,6,41,3,0,1,0,12,7,80,8,0,13,27,10,3,0,0,1,8,1,0,6,0,0,66,2,0,0,0,0,1,0,0,9,0,0,1,135,0,314,66,449,,1,0,1,0,.230,.446,.297,.299,.256,.217,.396,.399,.338,.321,.011,-0.026,-0.002,74.5,48.2,14.3,10.3,32.3,23.2,7.6,6,13.2,1.2,49.1,34.4,91.1,10,31.3,11,13.8,3.8,21.3,20,37.5,3.8,51.2,101.1710595,95.338224,73.1,13.6,41.9,55.8,44.2,58,104,55.2,248,82.4,7.6,71,215,162,449,86.4,20,147,44.8,201,41.2,185,31.1,55.9,32.5,35,32.5,80,66.4,48.8,39,25,20,22.5,18,3.8,3,27.1
"DeLuca, Jonny",676356,2026,27,350,370,93,58,24,0,11,78,17,21.1,4.6,.266,.429,.300,0.729,0.163,.314,50,176,150,6,17,100,407,201,0,259,19,112,11,0,0,0,38,14,275,37,4,45,81,21,34,0,0,0,7,9,0,2,3,0,145,6,0,0,2,0,1,0,0,44,14,3,0,433,3,913,145,1346,,1,4,0,0,.232,.325,.317,.261,.267,.093,.384,.309,.342,.298,.034,.104,.056,73.4,33.9,12.9,10,25.6,19.8,7.8,10,7.3,-5.3,59.4,23.8,85.8,13.9,28.7,10,3.6,5.1,20.4,29.5,33.5,8,30.2,97.922432463,92.971243172,71.1,14.5,35.9,44,56,110,250,51.7,696,73.6,6.5,180,769,394,1346,85.5,67,462,48.3,650,42.7,575,24.9,52.9,44.7,30.5,24.7,275,63.2,43.3,119,21.5,59,21.1,58,14.2,39,29.3
"Taylor, Samad",669392,2026,27,152,175,48,40,4,2,2,45,18,25.7,10.3,.316,.408,.390,0.798,0.092,.434,18,57,62,3,13,33,230,138,0,94,10,47,2,0,0,1,19,6,111,23,0,14,38,6,4,0,0,0,2,1,0,2,3,1,62,3,0,0,2,0,3,0,0,26,12,1,0,244,4,439,62,683,,3,0,0,0,.256,.328,.356,.309,.341,.072,.444,.370,.444,.367,.060,.080,.047,69.2,5.7,5.4,3.9,31.9,23.1,7,3,14.8,-0.1,53.6,36.3,85.9,9,33.3,4,3.6,2.7,34.2,16.2,25.2,18,25.2,95.369150208,91.733521263,59,14.9,30.2,43.9,56.1,47,107,51.8,354,54,7.3,81,407,193,683,85.1,29,194,48.2,329,43.5,297,25.2,44.1,33.3,44.1,22.5,111,60,51.4,57,18,20,27,30,3.6,4,29.2
"Misner, Kameron",670224,2026,28,41,44,9,8,1,0,0,17,2,38.6,4.5,.220,.244,.256,0.500,0.024,.375,4,18,10,1,3,11,61,20,0,34,2,18,0,0,0,0,2,2,25,5,0,8,5,0,3,0,0,0,1,2,0,1,1,0,33,1,0,0,0,0,0,0,0,2,3,0,0,66,1,118,33,184,,0,0,0,0,.185,.242,.227,.209,.223,.056,.349,.317,.375,.317,.035,.002,.018,74.3,41.2,3.9,2.4,19.6,11.8,7.7,0,14.4,-10.6,47.1,37.1,81.8,23,28,0,0,4,24,44,16,12,20,94.464596667,91.348702917,76.9,28.6,30.1,57.1,42.9,16,28,50.5,93,70,5.4,31,97,51,184,71.4,20,70,49.5,91,40.2,74,36.7,53.3,40,40,20,25,52.3,28,7,40,10,20,5,12,3,29.3
"Valdez, Esmerlyn",699013,2026,22,241,287,56,24,14,1,17,108,42,37.6,14.6,.232,.510,.345,0.855,0.278,.328,47,119,123,1,0,59,494,215,0,177,21,72,6,0,2,1,14,25,136,17,0,29,33,10,8,0,0,0,3,0,0,0,0,3,181,1,0,0,0,0,0,0,0,40,0,0,0,529,3,738,181,1267,,0,2,0,0,.200,.440,.368,.332,.319,.241,.555,.480,.412,.356,.032,.070,.036,74.8,50.9,18.5,11.3,30.6,18.7,8,5,15.7,1.7,51.8,34.5,91.9,18,34.6,27,19.9,11,15.4,25,25.7,2.9,49.3,102.626347206,95.946204412,64.8,32.6,21,60.1,39.9,86,143,53.7,681,76.5,6.4,184,712,360,1267,67.4,124,380,46.3,586,43.3,549,40.2,41.3,37.5,40.4,22.1,136,56.4,34.6,47,39.7,54,19.9,27,5.9,8,28.1
"Williamson, Ben",810938,2026,25,261,286,62,48,10,1,3,54,22,18.9,7.7,.238,.318,.302,0.620,0.080,.289,26,104,83,1,8,69,361,254,0,183,8,88,6,0,0,2,27,3,208,32,0,24,90,23,9,0,0,0,3,2,0,1,1,0,75,1,0,0,0,0,0,0,0,32,8,0,0,379,1,730,75,1109,,0,0,0,0,.246,.325,.280,.286,.310,.078,.305,.311,.300,.310,-0.008,-0.007,-0.006,69.4,11.7,12.9,10.7,35.6,29.6,6.9,9,2.7,4.7,34.8,28.9,87.3,2.6,30.8,4,1.9,5.3,26.9,18.3,41.3,5.3,33.2,97.971571667,93.035610542,55.2,9.9,31.8,30.1,69.9,55,183,52.1,576,56,6.8,122,654,327,1109,90.1,29,292,47.9,529,43.7,483,17.6,42.9,27.4,38.9,33.7,208,61.2,56.3,117,13,27,26.4,55,4.3,9,28.1
"Pauley, Graham",688363,2026,25,142,154,30,16,9,1,4,37,8,24,5.2,.211,.373,.257,0.630,0.162,.255,25,66,53,1,1,40,211,108,0,124,5,62,4,0,2,1,9,9,108,12,0,22,35,8,13,0,0,0,19,1,0,0,2,1,58,1,0,0,1,0,2,0,0,15,0,1,0,221,3,408,58,629,,2,1,0,0,.194,.311,.274,.243,.240,.118,.334,.290,.283,.260,.017,.062,.031,71.9,19.6,9.5,7.5,25.6,20.4,7.4,8,14.9,-8.2,54.3,30.3,84.4,18.3,34.3,7,6.5,2.8,19.4,32.4,31.5,7.4,25.9,96.051487358,92.035940755,66.8,13.7,30.8,38.8,61.2,40,103,53.1,334,83.6,8.7,134,344,151,629,86.3,27,197,46.9,295,42.9,270,22.3,47.7,54.6,27.8,17.6,108,61.7,40.7,44,28.7,31,18.5,20,12,13,26.4
"Fry, David",681807,2026,30,184,214,37,23,6,0,8,59,28,27.6,13.1,.201,.364,.313,0.677,0.163,.248,20,86,67,0,0,40,326,157,0,157,8,91,4,0,0,2,8,12,125,16,1,25,38,5,20,0,1,0,28,2,0,12,0,0,99,0,0,0,0,0,0,0,0,23,0,0,0,353,0,555,99,908,,0,0,0,0,.181,.294,.304,.271,.293,.113,.355,.299,.296,.267,.020,.070,.033,71.3,14.2,8.9,6.6,25.2,18.8,8.2,17,15.7,-6.2,60.7,31.3,86.3,19.2,25.6,8,6.5,2.4,21.6,34.4,27.2,7.2,34.4,97.873392459,92.951842459,63.1,22.1,27.5,42.2,57.8,57,135,54.1,491,68.6,7.7,131,492,281,908,77.9,58,263,45.9,417,43.7,397,28.9,43.8,53.6,29.6,16.8,125,57.7,36.8,46,29.6,37,16.8,21,16.8,21,26.4
"Castellanos, Nick",592206,2026,34,115,122,22,13,5,0,4,34,5,27.9,4.1,.191,.339,.221,0.560,0.148,.228,20,54,39,0,2,32,138,49,0,98,4,39,1,0,0,0,1,6,83,15,0,25,26,8,1,0,1,0,1,0,1,7,0,2,86,0,0,0,1,0,0,0,0,9,2,0,0,156,2,321,86,477,,0,2,0,0,.244,.400,.239,.285,.265,.156,.314,.382,.265,.338,-0.053,-0.061,-0.046,69.7,10.1,12.4,8.4,32.9,22.3,7.7,3,15.5,-7.4,45.7,40.8,87.7,13,42.2,7,8.4,8.4,25.3,27.7,22.9,7.2,37.3,98.254014286,93.44007,77.9,23.5,40.2,49.1,50.9,52,106,55.3,264,78.1,6.7,74,228,174,477,76.5,39,166,44.7,213,39.4,188,33.5,57,55.4,27.7,16.9,83,62.8,32.5,27,37.3,31,28.9,24,1.2,1,27.2
"Kennedy, Buddy",671083,2026,27,43,49,5,4,1,0,0,15,5,30.6,10.2,.116,.140,.224,0.364,0.024,.179,1,18,6,0,0,4,73,38,0,45,2,25,0,0,0,1,2,0,28,3,0,8,5,2,8,0,0,0,4,1,0,2,0,0,24,0,0,0,0,0,0,0,0,4,0,0,0,79,0,138,24,217,,0,1,0,0,.167,.264,.185,.249,.269,.097,.172,.284,.179,.257,-0.051,-0.124,-0.064,72.4,21.3,6,4.5,20.9,15.7,6.8,3,9.4,-10.7,55.1,34.4,84.4,28.1,28.6,3,10.7,3.6,21.4,46.4,14.3,3.6,32.1,96.505633571,92.252816786,67,18.3,26.1,48.3,51.7,14,29,51.2,111,70,9.2,35,117,65,217,81.7,13,71,48.8,106,46.1,100,27,46.1,39.3,35.7,25,28,55.1,25,7,28.6,8,17.9,5,28.6,8,28.1
"Seager, Corey",608369,2026,32,384,436,87,51,16,0,20,103,45,23.6,10.3,.227,.424,.312,0.736,0.197,.254,51,173,163,0,2,84,583,135,0,283,29,102,16,0,1,4,26,25,284,36,0,62,100,25,10,0,4,0,6,0,0,6,0,3,239,0,0,0,0,0,1,0,0,57,2,0,0,625,3,980,239,1605,,1,2,0,0,.251,.484,.320,.350,.328,.233,.375,.421,.306,.340,-0.024,-0.060,-0.030,71.5,12.4,18.8,13.1,37.8,26.3,6.7,26,15,2.3,56.8,33.7,91.7,12.4,35.6,42,14.8,7.7,21.1,20.8,33.1,2.5,48.9,102.113554366,95.685271092,82.9,21.8,28.8,58.1,41.9,150,258,55.9,897,92.9,7,264,823,518,1605,78.2,128,587,44.1,708,41.1,660,32.9,52.6,44,34.5,21.5,284,62.4,44.4,126,30.6,87,21.5,61,3.5,10,25.1
